wildcard_kmer,filled_kmer,window_index,snp_index,type,coef,pval
.GTGCCCG,AGTGCCCG,0,0,AFF,A,0.39576885964231784,2.0782542996119296e-20
.GTGCCCG,AGTGCCCG,0,0,RAND,A,0.15298210427568704,0.7248580072022157
.GTGCCCG,CGTGCCCG,0,0,AFF,C,0.4209773158388216,4.878938803480698e-29
.GTGCCCG,CGTGCCCG,0,0,RAND,C,0.06801022167450321,0.9164469558868356
.GTGCCCG,GGTGCCCG,0,0,AFF,G,0.7411872123715272,1.2460890004381356e-61
.GTGCCCG,GGTGCCCG,0,0,RAND,G,0.3895131531381548,0.3760382034922569
.GTGCCCG,TGTGCCCG,0,0,AFF,T,0.21519512250979905,2.6393738364038314e-08
.GTGCCCG,TGTGCCCG,0,0,RAND,T,0.38767138265262047,0.26304187613823515
G.TGCCCG,GATGCCCG,0,1,AFF,A,0.39576885964231784,2.0782542996119296e-20
G.TGCCCG,GATGCCCG,0,1,RAND,A,0.15298210427568704,0.7248580072022157
G.TGCCCG,GCTGCCCG,0,1,AFF,C,0.4209773158388216,4.878938803480698e-29
G.TGCCCG,GCTGCCCG,0,1,RAND,C,0.06801022167450321,0.9164469558868356
G.TGCCCG,GGTGCCCG,0,1,AFF,G,0.7411872123715272,1.2460890004381356e-61
G.TGCCCG,GGTGCCCG,0,1,RAND,G,0.3895131531381548,0.3760382034922569
G.TGCCCG,GTTGCCCG,0,1,AFF,T,0.21519512250979905,2.6393738364038314e-08
G.TGCCCG,GTTGCCCG,0,1,RAND,T,0.38767138265262047,0.26304187613823515
GG.GCCCG,GGAGCCCG,0,2,AFF,A,0.39576885964231784,2.0782542996119296e-20
GG.GCCCG,GGAGCCCG,0,2,RAND,A,0.15298210427568704,0.7248580072022157
GG.GCCCG,GGCGCCCG,0,2,AFF,C,0.4209773158388216,4.878938803480698e-29
GG.GCCCG,GGCGCCCG,0,2,RAND,C,0.06801022167450321,0.9164469558868356
GG.GCCCG,GGGGCCCG,0,2,AFF,G,0.7411872123715272,1.2460890004381356e-61
GG.GCCCG,GGGGCCCG,0,2,RAND,G,0.3895131531381548,0.3760382034922569
GG.GCCCG,GGTGCCCG,0,2,AFF,T,0.21519512250979905,2.6393738364038314e-08
GG.GCCCG,GGTGCCCG,0,2,RAND,T,0.38767138265262047,0.26304187613823515
GGT.CCCG,GGTACCCG,0,3,AFF,A,0.39576885964231784,2.0782542996119296e-20
GGT.CCCG,GGTACCCG,0,3,RAND,A,0.15298210427568704,0.7248580072022157
GGT.CCCG,GGTCCCCG,0,3,AFF,C,0.4209773158388216,4.878938803480698e-29
GGT.CCCG,GGTCCCCG,0,3,RAND,C,0.06801022167450321,0.9164469558868356
GGT.CCCG,GGTGCCCG,0,3,AFF,G,0.7411872123715272,1.2460890004381356e-61
GGT.CCCG,GGTGCCCG,0,3,RAND,G,0.3895131531381548,0.3760382034922569
GGT.CCCG,GGTTCCCG,0,3,AFF,T,0.21519512250979905,2.6393738364038314e-08
GGT.CCCG,GGTTCCCG,0,3,RAND,T,0.38767138265262047,0.26304187613823515
GGTG.CCG,GGTGACCG,0,4,AFF,A,0.39576885964231784,2.0782542996119296e-20
GGTG.CCG,GGTGACCG,0,4,RAND,A,0.15298210427568704,0.7248580072022157
GGTG.CCG,GGTGCCCG,0,4,AFF,C,0.4209773158388216,4.878938803480698e-29
GGTG.CCG,GGTGCCCG,0,4,RAND,C,0.06801022167450321,0.9164469558868356
GGTG.CCG,GGTGGCCG,0,4,AFF,G,0.7411872123715272,1.2460890004381356e-61
GGTG.CCG,GGTGGCCG,0,4,RAND,G,0.3895131531381548,0.3760382034922569
GGTG.CCG,GGTGTCCG,0,4,AFF,T,0.21519512250979905,2.6393738364038314e-08
GGTG.CCG,GGTGTCCG,0,4,RAND,T,0.38767138265262047,0.26304187613823515
GGTGC.CG,GGTGCACG,0,5,AFF,A,0.39576885964231784,2.0782542996119296e-20
GGTGC.CG,GGTGCACG,0,5,RAND,A,0.15298210427568704,0.7248580072022157
GGTGC.CG,GGTGCCCG,0,5,AFF,C,0.4209773158388216,4.878938803480698e-29
GGTGC.CG,GGTGCCCG,0,5,RAND,C,0.06801022167450321,0.9164469558868356
GGTGC.CG,GGTGCGCG,0,5,AFF,G,0.7411872123715272,1.2460890004381356e-61
GGTGC.CG,GGTGCGCG,0,5,RAND,G,0.3895131531381548,0.3760382034922569
GGTGC.CG,GGTGCTCG,0,5,AFF,T,0.21519512250979905,2.6393738364038314e-08
GGTGC.CG,GGTGCTCG,0,5,RAND,T,0.38767138265262047,0.26304187613823515
GGTGCC.G,GGTGCCAG,0,6,AFF,A,0.39576885964231784,2.0782542996119296e-20
GGTGCC.G,GGTGCCAG,0,6,RAND,A,0.15298210427568704,0.7248580072022157
GGTGCC.G,GGTGCCCG,0,6,AFF,C,0.4209773158388216,4.878938803480698e-29
GGTGCC.G,GGTGCCCG,0,6,RAND,C,0.06801022167450321,0.9164469558868356
GGTGCC.G,GGTGCCGG,0,6,AFF,G,0.7411872123715272,1.2460890004381356e-61
GGTGCC.G,GGTGCCGG,0,6,RAND,G,0.3895131531381548,0.3760382034922569
GGTGCC.G,GGTGCCTG,0,6,AFF,T,0.21519512250979905,2.6393738364038314e-08
GGTGCC.G,GGTGCCTG,0,6,RAND,T,0.38767138265262047,0.26304187613823515
GGTGCCC.,GGTGCCCA,0,7,AFF,A,0.39576885964231784,2.0782542996119296e-20
GGTGCCC.,GGTGCCCA,0,7,RAND,A,0.15298210427568704,0.7248580072022157
GGTGCCC.,GGTGCCCC,0,7,AFF,C,0.4209773158388216,4.878938803480698e-29
GGTGCCC.,GGTGCCCC,0,7,RAND,C,0.06801022167450321,0.9164469558868356
GGTGCCC.,GGTGCCCG,0,7,AFF,G,0.7411872123715272,1.2460890004381356e-61
GGTGCCC.,GGTGCCCG,0,7,RAND,G,0.3895131531381548,0.3760382034922569
GGTGCCC.,GGTGCCCT,0,7,AFF,T,0.21519512250979905,2.6393738364038314e-08
GGTGCCC.,GGTGCCCT,0,7,RAND,T,0.38767138265262047,0.26304187613823515
.TGCCCGG,ATGCCCGG,1,0,AFF,A,0.3636680015654292,1.7700098269499488e-06
.TGCCCGG,ATGCCCGG,1,0,RAND,A,-1.6233205975093272,0.12829890843691963
.TGCCCGG,CTGCCCGG,1,0,AFF,C,0.4963204672155496,1.0092778491103517e-21
.TGCCCGG,CTGCCCGG,1,0,RAND,C,0.46091293448301995,0.5391257107982608
.TGCCCGG,GTGCCCGG,1,0,AFF,G,0.6095811301131743,3.1088425909697638e-34
.TGCCCGG,GTGCCCGG,1,0,RAND,G,1.2044192782049508,0.02100977971569615
.TGCCCGG,TTGCCCGG,1,0,AFF,T,0.3936254798260093,1.2321212169292138e-07
.TGCCCGG,TTGCCCGG,1,0,RAND,T,0.013574735988251208,0.9879941846767145
G.GCCCGG,GAGCCCGG,1,1,AFF,A,0.3636680015654292,1.7700098269499488e-06
G.GCCCGG,GAGCCCGG,1,1,RAND,A,-1.6233205975093272,0.12829890843691963
G.GCCCGG,GCGCCCGG,1,1,AFF,C,0.4963204672155496,1.0092778491103517e-21
G.GCCCGG,GCGCCCGG,1,1,RAND,C,0.46091293448301995,0.5391257107982608
G.GCCCGG,GGGCCCGG,1,1,AFF,G,0.6095811301131743,3.1088425909697638e-34
G.GCCCGG,GGGCCCGG,1,1,RAND,G,1.2044192782049508,0.02100977971569615
G.GCCCGG,GTGCCCGG,1,1,AFF,T,0.3936254798260093,1.2321212169292138e-07
G.GCCCGG,GTGCCCGG,1,1,RAND,T,0.013574735988251208,0.9879941846767145
GT.CCCGG,GTACCCGG,1,2,AFF,A,0.3636680015654292,1.7700098269499488e-06
GT.CCCGG,GTACCCGG,1,2,RAND,A,-1.6233205975093272,0.12829890843691963
GT.CCCGG,GTCCCCGG,1,2,AFF,C,0.4963204672155496,1.0092778491103517e-21
GT.CCCGG,GTCCCCGG,1,2,RAND,C,0.46091293448301995,0.5391257107982608
GT.CCCGG,GTGCCCGG,1,2,AFF,G,0.6095811301131743,3.1088425909697638e-34
GT.CCCGG,GTGCCCGG,1,2,RAND,G,1.2044192782049508,0.02100977971569615
GT.CCCGG,GTTCCCGG,1,2,AFF,T,0.3936254798260093,1.2321212169292138e-07
GT.CCCGG,GTTCCCGG,1,2,RAND,T,0.013574735988251208,0.9879941846767145
GTG.CCGG,GTGACCGG,1,3,AFF,A,0.3636680015654292,1.7700098269499488e-06
GTG.CCGG,GTGACCGG,1,3,RAND,A,-1.6233205975093272,0.12829890843691963
GTG.CCGG,GTGCCCGG,1,3,AFF,C,0.4963204672155496,1.0092778491103517e-21
GTG.CCGG,GTGCCCGG,1,3,RAND,C,0.46091293448301995,0.5391257107982608
GTG.CCGG,GTGGCCGG,1,3,AFF,G,0.6095811301131743,3.1088425909697638e-34
GTG.CCGG,GTGGCCGG,1,3,RAND,G,1.2044192782049508,0.02100977971569615
GTG.CCGG,GTGTCCGG,1,3,AFF,T,0.3936254798260093,1.2321212169292138e-07
GTG.CCGG,GTGTCCGG,1,3,RAND,T,0.013574735988251208,0.9879941846767145
GTGC.CGG,GTGCACGG,1,4,AFF,A,0.3636680015654292,1.7700098269499488e-06
GTGC.CGG,GTGCACGG,1,4,RAND,A,-1.6233205975093272,0.12829890843691963
GTGC.CGG,GTGCCCGG,1,4,AFF,C,0.4963204672155496,1.0092778491103517e-21
GTGC.CGG,GTGCCCGG,1,4,RAND,C,0.46091293448301995,0.5391257107982608
GTGC.CGG,GTGCGCGG,1,4,AFF,G,0.6095811301131743,3.1088425909697638e-34
GTGC.CGG,GTGCGCGG,1,4,RAND,G,1.2044192782049508,0.02100977971569615
GTGC.CGG,GTGCTCGG,1,4,AFF,T,0.3936254798260093,1.2321212169292138e-07
GTGC.CGG,GTGCTCGG,1,4,RAND,T,0.013574735988251208,0.9879941846767145
GTGCC.GG,GTGCCAGG,1,5,AFF,A,0.3636680015654292,1.7700098269499488e-06
GTGCC.GG,GTGCCAGG,1,5,RAND,A,-1.6233205975093272,0.12829890843691963
GTGCC.GG,GTGCCCGG,1,5,AFF,C,0.4963204672155496,1.0092778491103517e-21
GTGCC.GG,GTGCCCGG,1,5,RAND,C,0.46091293448301995,0.5391257107982608
GTGCC.GG,GTGCCGGG,1,5,AFF,G,0.6095811301131743,3.1088425909697638e-34
GTGCC.GG,GTGCCGGG,1,5,RAND,G,1.2044192782049508,0.02100977971569615
GTGCC.GG,GTGCCTGG,1,5,AFF,T,0.3936254798260093,1.2321212169292138e-07
GTGCC.GG,GTGCCTGG,1,5,RAND,T,0.013574735988251208,0.9879941846767145
GTGCCC.G,GTGCCCAG,1,6,AFF,A,0.3636680015654292,1.7700098269499488e-06
GTGCCC.G,GTGCCCAG,1,6,RAND,A,-1.6233205975093272,0.12829890843691963
GTGCCC.G,GTGCCCCG,1,6,AFF,C,0.4963204672155496,1.0092778491103517e-21
GTGCCC.G,GTGCCCCG,1,6,RAND,C,0.46091293448301995,0.5391257107982608
GTGCCC.G,GTGCCCGG,1,6,AFF,G,0.6095811301131743,3.1088425909697638e-34
GTGCCC.G,GTGCCCGG,1,6,RAND,G,1.2044192782049508,0.02100977971569615
GTGCCC.G,GTGCCCTG,1,6,AFF,T,0.3936254798260093,1.2321212169292138e-07
GTGCCC.G,GTGCCCTG,1,6,RAND,T,0.013574735988251208,0.9879941846767145
GTGCCCG.,GTGCCCGA,1,7,AFF,A,0.3636680015654292,1.7700098269499488e-06
GTGCCCG.,GTGCCCGA,1,7,RAND,A,-1.6233205975093272,0.12829890843691963
GTGCCCG.,GTGCCCGC,1,7,AFF,C,0.4963204672155496,1.0092778491103517e-21
GTGCCCG.,GTGCCCGC,1,7,RAND,C,0.46091293448301995,0.5391257107982608
GTGCCCG.,GTGCCCGG,1,7,AFF,G,0.6095811301131743,3.1088425909697638e-34
GTGCCCG.,GTGCCCGG,1,7,RAND,G,1.2044192782049508,0.02100977971569615
GTGCCCG.,GTGCCCGT,1,7,AFF,T,0.3936254798260093,1.2321212169292138e-07
GTGCCCG.,GTGCCCGT,1,7,RAND,T,0.013574735988251208,0.9879941846767145
.GCCCGGG,AGCCCGGG,2,0,AFF,A,0.7737520716953102,4.494634432205556e-47
.GCCCGGG,AGCCCGGG,2,0,RAND,A,-0.36734543929642016,0.3817019018119746
.GCCCGGG,CGCCCGGG,2,0,AFF,C,0.4018505675824939,1.0593000580462668e-21
.GCCCGGG,CGCCCGGG,2,0,RAND,C,0.23530424916785364,0.49613409463358493
.GCCCGGG,GGCCCGGG,2,0,AFF,G,0.3862404527140382,7.761583214189086e-19
.GCCCGGG,GGCCCGGG,2,0,RAND,G,-0.042266722718222294,0.9315801249383105
.GCCCGGG,TGCCCGGG,2,0,AFF,T,0.4552625203394751,1.7497928500911046e-11
.GCCCGGG,TGCCCGGG,2,0,RAND,T,0.8447207328851638,0.16906965220724757
T.CCCGGG,TACCCGGG,2,1,AFF,A,0.7737520716953102,4.494634432205556e-47
T.CCCGGG,TACCCGGG,2,1,RAND,A,-0.36734543929642016,0.3817019018119746
T.CCCGGG,TCCCCGGG,2,1,AFF,C,0.4018505675824939,1.0593000580462668e-21
T.CCCGGG,TCCCCGGG,2,1,RAND,C,0.23530424916785364,0.49613409463358493
T.CCCGGG,TGCCCGGG,2,1,AFF,G,0.3862404527140382,7.761583214189086e-19
T.CCCGGG,TGCCCGGG,2,1,RAND,G,-0.042266722718222294,0.9315801249383105
T.CCCGGG,TTCCCGGG,2,1,AFF,T,0.4552625203394751,1.7497928500911046e-11
T.CCCGGG,TTCCCGGG,2,1,RAND,T,0.8447207328851638,0.16906965220724757
TG.CCGGG,TGACCGGG,2,2,AFF,A,0.7737520716953102,4.494634432205556e-47
TG.CCGGG,TGACCGGG,2,2,RAND,A,-0.36734543929642016,0.3817019018119746
TG.CCGGG,TGCCCGGG,2,2,AFF,C,0.4018505675824939,1.0593000580462668e-21
TG.CCGGG,TGCCCGGG,2,2,RAND,C,0.23530424916785364,0.49613409463358493
TG.CCGGG,TGGCCGGG,2,2,AFF,G,0.3862404527140382,7.761583214189086e-19
TG.CCGGG,TGGCCGGG,2,2,RAND,G,-0.042266722718222294,0.9315801249383105
TG.CCGGG,TGTCCGGG,2,2,AFF,T,0.4552625203394751,1.7497928500911046e-11
TG.CCGGG,TGTCCGGG,2,2,RAND,T,0.8447207328851638,0.16906965220724757
TGC.CGGG,TGCACGGG,2,3,AFF,A,0.7737520716953102,4.494634432205556e-47
TGC.CGGG,TGCACGGG,2,3,RAND,A,-0.36734543929642016,0.3817019018119746
TGC.CGGG,TGCCCGGG,2,3,AFF,C,0.4018505675824939,1.0593000580462668e-21
TGC.CGGG,TGCCCGGG,2,3,RAND,C,0.23530424916785364,0.49613409463358493
TGC.CGGG,TGCGCGGG,2,3,AFF,G,0.3862404527140382,7.761583214189086e-19
TGC.CGGG,TGCGCGGG,2,3,RAND,G,-0.042266722718222294,0.9315801249383105
TGC.CGGG,TGCTCGGG,2,3,AFF,T,0.4552625203394751,1.7497928500911046e-11
TGC.CGGG,TGCTCGGG,2,3,RAND,T,0.8447207328851638,0.16906965220724757
TGCC.GGG,TGCCAGGG,2,4,AFF,A,0.7737520716953102,4.494634432205556e-47
TGCC.GGG,TGCCAGGG,2,4,RAND,A,-0.36734543929642016,0.3817019018119746
TGCC.GGG,TGCCCGGG,2,4,AFF,C,0.4018505675824939,1.0593000580462668e-21
TGCC.GGG,TGCCCGGG,2,4,RAND,C,0.23530424916785364,0.49613409463358493
TGCC.GGG,TGCCGGGG,2,4,AFF,G,0.3862404527140382,7.761583214189086e-19
TGCC.GGG,TGCCGGGG,2,4,RAND,G,-0.042266722718222294,0.9315801249383105
TGCC.GGG,TGCCTGGG,2,4,AFF,T,0.4552625203394751,1.7497928500911046e-11
TGCC.GGG,TGCCTGGG,2,4,RAND,T,0.8447207328851638,0.16906965220724757
TGCCC.GG,TGCCCAGG,2,5,AFF,A,0.7737520716953102,4.494634432205556e-47
TGCCC.GG,TGCCCAGG,2,5,RAND,A,-0.36734543929642016,0.3817019018119746
TGCCC.GG,TGCCCCGG,2,5,AFF,C,0.4018505675824939,1.0593000580462668e-21
TGCCC.GG,TGCCCCGG,2,5,RAND,C,0.23530424916785364,0.49613409463358493
TGCCC.GG,TGCCCGGG,2,5,AFF,G,0.3862404527140382,7.761583214189086e-19
TGCCC.GG,TGCCCGGG,2,5,RAND,G,-0.042266722718222294,0.9315801249383105
TGCCC.GG,TGCCCTGG,2,5,AFF,T,0.4552625203394751,1.7497928500911046e-11
TGCCC.GG,TGCCCTGG,2,5,RAND,T,0.8447207328851638,0.16906965220724757
TGCCCG.G,TGCCCGAG,2,6,AFF,A,0.7737520716953102,4.494634432205556e-47
TGCCCG.G,TGCCCGAG,2,6,RAND,A,-0.36734543929642016,0.3817019018119746
TGCCCG.G,TGCCCGCG,2,6,AFF,C,0.4018505675824939,1.0593000580462668e-21
TGCCCG.G,TGCCCGCG,2,6,RAND,C,0.23530424916785364,0.49613409463358493
TGCCCG.G,TGCCCGGG,2,6,AFF,G,0.3862404527140382,7.761583214189086e-19
TGCCCG.G,TGCCCGGG,2,6,RAND,G,-0.042266722718222294,0.9315801249383105
TGCCCG.G,TGCCCGTG,2,6,AFF,T,0.4552625203394751,1.7497928500911046e-11
TGCCCG.G,TGCCCGTG,2,6,RAND,T,0.8447207328851638,0.16906965220724757
TGCCCGG.,TGCCCGGA,2,7,AFF,A,0.7737520716953102,4.494634432205556e-47
TGCCCGG.,TGCCCGGA,2,7,RAND,A,-0.36734543929642016,0.3817019018119746
TGCCCGG.,TGCCCGGC,2,7,AFF,C,0.4018505675824939,1.0593000580462668e-21
TGCCCGG.,TGCCCGGC,2,7,RAND,C,0.23530424916785364,0.49613409463358493
TGCCCGG.,TGCCCGGG,2,7,AFF,G,0.3862404527140382,7.761583214189086e-19
TGCCCGG.,TGCCCGGG,2,7,RAND,G,-0.042266722718222294,0.9315801249383105
TGCCCGG.,TGCCCGGT,2,7,AFF,T,0.4552625203394751,1.7497928500911046e-11
TGCCCGG.,TGCCCGGT,2,7,RAND,T,0.8447207328851638,0.16906965220724757
.CCCGGGT,ACCCGGGT,3,0,AFF,A,0.5955929598687435,2.317540880067524e-86
.CCCGGGT,ACCCGGGT,3,0,RAND,A,0.8233265597780104,0.0032190702012820896
.CCCGGGT,CCCCGGGT,3,0,AFF,C,0.5105629676931646,1.507830812282302e-88
.CCCGGGT,CCCCGGGT,3,0,RAND,C,0.8616481130544447,0.000458430441144912
.CCCGGGT,GCCCGGGT,3,0,AFF,G,0.47796204719618185,2.7069387467145397e-71
.CCCGGGT,GCCCGGGT,3,0,RAND,G,0.045318081396282864,0.8839523238133785
.CCCGGGT,TCCCGGGT,3,0,AFF,T,0.4802439902777539,2.0891123443728199e-35
.CCCGGGT,TCCCGGGT,3,0,RAND,T,-0.2680416867418858,0.5992662344030679
G.CCGGGT,GACCGGGT,3,1,AFF,A,0.5955929598687435,2.317540880067524e-86
G.CCGGGT,GACCGGGT,3,1,RAND,A,0.8233265597780104,0.0032190702012820896
G.CCGGGT,GCCCGGGT,3,1,AFF,C,0.5105629676931646,1.507830812282302e-88
G.CCGGGT,GCCCGGGT,3,1,RAND,C,0.8616481130544447,0.000458430441144912
G.CCGGGT,GGCCGGGT,3,1,AFF,G,0.47796204719618185,2.7069387467145397e-71
G.CCGGGT,GGCCGGGT,3,1,RAND,G,0.045318081396282864,0.8839523238133785
G.CCGGGT,GTCCGGGT,3,1,AFF,T,0.4802439902777539,2.0891123443728199e-35
G.CCGGGT,GTCCGGGT,3,1,RAND,T,-0.2680416867418858,0.5992662344030679
GC.CGGGT,GCACGGGT,3,2,AFF,A,0.5955929598687435,2.317540880067524e-86
GC.CGGGT,GCACGGGT,3,2,RAND,A,0.8233265597780104,0.0032190702012820896
GC.CGGGT,GCCCGGGT,3,2,AFF,C,0.5105629676931646,1.507830812282302e-88
GC.CGGGT,GCCCGGGT,3,2,RAND,C,0.8616481130544447,0.000458430441144912
GC.CGGGT,GCGCGGGT,3,2,AFF,G,0.47796204719618185,2.7069387467145397e-71
GC.CGGGT,GCGCGGGT,3,2,RAND,G,0.045318081396282864,0.8839523238133785
GC.CGGGT,GCTCGGGT,3,2,AFF,T,0.4802439902777539,2.0891123443728199e-35
GC.CGGGT,GCTCGGGT,3,2,RAND,T,-0.2680416867418858,0.5992662344030679
GCC.GGGT,GCCAGGGT,3,3,AFF,A,0.5955929598687435,2.317540880067524e-86
GCC.GGGT,GCCAGGGT,3,3,RAND,A,0.8233265597780104,0.0032190702012820896
GCC.GGGT,GCCCGGGT,3,3,AFF,C,0.5105629676931646,1.507830812282302e-88
GCC.GGGT,GCCCGGGT,3,3,RAND,C,0.8616481130544447,0.000458430441144912
GCC.GGGT,GCCGGGGT,3,3,AFF,G,0.47796204719618185,2.7069387467145397e-71
GCC.GGGT,GCCGGGGT,3,3,RAND,G,0.045318081396282864,0.8839523238133785
GCC.GGGT,GCCTGGGT,3,3,AFF,T,0.4802439902777539,2.0891123443728199e-35
GCC.GGGT,GCCTGGGT,3,3,RAND,T,-0.2680416867418858,0.5992662344030679
GCCC.GGT,GCCCAGGT,3,4,AFF,A,0.5955929598687435,2.317540880067524e-86
GCCC.GGT,GCCCAGGT,3,4,RAND,A,0.8233265597780104,0.0032190702012820896
GCCC.GGT,GCCCCGGT,3,4,AFF,C,0.5105629676931646,1.507830812282302e-88
GCCC.GGT,GCCCCGGT,3,4,RAND,C,0.8616481130544447,0.000458430441144912
GCCC.GGT,GCCCGGGT,3,4,AFF,G,0.47796204719618185,2.7069387467145397e-71
GCCC.GGT,GCCCGGGT,3,4,RAND,G,0.045318081396282864,0.8839523238133785
GCCC.GGT,GCCCTGGT,3,4,AFF,T,0.4802439902777539,2.0891123443728199e-35
GCCC.GGT,GCCCTGGT,3,4,RAND,T,-0.2680416867418858,0.5992662344030679
GCCCG.GT,GCCCGAGT,3,5,AFF,A,0.5955929598687435,2.317540880067524e-86
GCCCG.GT,GCCCGAGT,3,5,RAND,A,0.8233265597780104,0.0032190702012820896
GCCCG.GT,GCCCGCGT,3,5,AFF,C,0.5105629676931646,1.507830812282302e-88
GCCCG.GT,GCCCGCGT,3,5,RAND,C,0.8616481130544447,0.000458430441144912
GCCCG.GT,GCCCGGGT,3,5,AFF,G,0.47796204719618185,2.7069387467145397e-71
GCCCG.GT,GCCCGGGT,3,5,RAND,G,0.045318081396282864,0.8839523238133785
GCCCG.GT,GCCCGTGT,3,5,AFF,T,0.4802439902777539,2.0891123443728199e-35
GCCCG.GT,GCCCGTGT,3,5,RAND,T,-0.2680416867418858,0.5992662344030679
GCCCGG.T,GCCCGGAT,3,6,AFF,A,0.5955929598687435,2.317540880067524e-86
GCCCGG.T,GCCCGGAT,3,6,RAND,A,0.8233265597780104,0.0032190702012820896
GCCCGG.T,GCCCGGCT,3,6,AFF,C,0.5105629676931646,1.507830812282302e-88
GCCCGG.T,GCCCGGCT,3,6,RAND,C,0.8616481130544447,0.000458430441144912
GCCCGG.T,GCCCGGGT,3,6,AFF,G,0.47796204719618185,2.7069387467145397e-71
GCCCGG.T,GCCCGGGT,3,6,RAND,G,0.045318081396282864,0.8839523238133785
GCCCGG.T,GCCCGGTT,3,6,AFF,T,0.4802439902777539,2.0891123443728199e-35
GCCCGG.T,GCCCGGTT,3,6,RAND,T,-0.2680416867418858,0.5992662344030679
GCCCGGG.,GCCCGGGA,3,7,AFF,A,0.5955929598687435,2.317540880067524e-86
GCCCGGG.,GCCCGGGA,3,7,RAND,A,0.8233265597780104,0.0032190702012820896
GCCCGGG.,GCCCGGGC,3,7,AFF,C,0.5105629676931646,1.507830812282302e-88
GCCCGGG.,GCCCGGGC,3,7,RAND,C,0.8616481130544447,0.000458430441144912
GCCCGGG.,GCCCGGGG,3,7,AFF,G,0.47796204719618185,2.7069387467145397e-71
GCCCGGG.,GCCCGGGG,3,7,RAND,G,0.045318081396282864,0.8839523238133785
GCCCGGG.,GCCCGGGT,3,7,AFF,T,0.4802439902777539,2.0891123443728199e-35
GCCCGGG.,GCCCGGGT,3,7,RAND,T,-0.2680416867418858,0.5992662344030679
.CCGGGTC,ACCGGGTC,4,0,AFF,A,0.2805158891496372,7.064211308746133e-05
.CCGGGTC,ACCGGGTC,4,0,RAND,A,0.7569450916998137,0.21891824230611023
.CCGGGTC,CCCGGGTC,4,0,AFF,C,0.5599283787124288,8.37910373206698e-43
.CCGGGTC,CCCGGGTC,4,0,RAND,C,0.10802883560394017,0.801413558559799
.CCGGGTC,GCCGGGTC,4,0,AFF,G,0.3713709117130287,4.983780004650644e-19
.CCGGGTC,GCCGGGTC,4,0,RAND,G,-0.358762463989734,0.4220269184788632
.CCGGGTC,TCCGGGTC,4,0,AFF,T,0.5178766327237758,3.68946754257993e-25
.CCGGGTC,TCCGGGTC,4,0,RAND,T,0.7513604283791344,0.14883015053523224
C.CGGGTC,CACGGGTC,4,1,AFF,A,0.2805158891496372,7.064211308746133e-05
C.CGGGTC,CACGGGTC,4,1,RAND,A,0.7569450916998137,0.21891824230611023
C.CGGGTC,CCCGGGTC,4,1,AFF,C,0.5599283787124288,8.37910373206698e-43
C.CGGGTC,CCCGGGTC,4,1,RAND,C,0.10802883560394017,0.801413558559799
C.CGGGTC,CGCGGGTC,4,1,AFF,G,0.3713709117130287,4.983780004650644e-19
C.CGGGTC,CGCGGGTC,4,1,RAND,G,-0.358762463989734,0.4220269184788632
C.CGGGTC,CTCGGGTC,4,1,AFF,T,0.5178766327237758,3.68946754257993e-25
C.CGGGTC,CTCGGGTC,4,1,RAND,T,0.7513604283791344,0.14883015053523224
CC.GGGTC,CCAGGGTC,4,2,AFF,A,0.2805158891496372,7.064211308746133e-05
CC.GGGTC,CCAGGGTC,4,2,RAND,A,0.7569450916998137,0.21891824230611023
CC.GGGTC,CCCGGGTC,4,2,AFF,C,0.5599283787124288,8.37910373206698e-43
CC.GGGTC,CCCGGGTC,4,2,RAND,C,0.10802883560394017,0.801413558559799
CC.GGGTC,CCGGGGTC,4,2,AFF,G,0.3713709117130287,4.983780004650644e-19
CC.GGGTC,CCGGGGTC,4,2,RAND,G,-0.358762463989734,0.4220269184788632
CC.GGGTC,CCTGGGTC,4,2,AFF,T,0.5178766327237758,3.68946754257993e-25
CC.GGGTC,CCTGGGTC,4,2,RAND,T,0.7513604283791344,0.14883015053523224
CCC.GGTC,CCCAGGTC,4,3,AFF,A,0.2805158891496372,7.064211308746133e-05
CCC.GGTC,CCCAGGTC,4,3,RAND,A,0.7569450916998137,0.21891824230611023
CCC.GGTC,CCCCGGTC,4,3,AFF,C,0.5599283787124288,8.37910373206698e-43
CCC.GGTC,CCCCGGTC,4,3,RAND,C,0.10802883560394017,0.801413558559799
CCC.GGTC,CCCGGGTC,4,3,AFF,G,0.3713709117130287,4.983780004650644e-19
CCC.GGTC,CCCGGGTC,4,3,RAND,G,-0.358762463989734,0.4220269184788632
CCC.GGTC,CCCTGGTC,4,3,AFF,T,0.5178766327237758,3.68946754257993e-25
CCC.GGTC,CCCTGGTC,4,3,RAND,T,0.7513604283791344,0.14883015053523224
CCCG.GTC,CCCGAGTC,4,4,AFF,A,0.2805158891496372,7.064211308746133e-05
CCCG.GTC,CCCGAGTC,4,4,RAND,A,0.7569450916998137,0.21891824230611023
CCCG.GTC,CCCGCGTC,4,4,AFF,C,0.5599283787124288,8.37910373206698e-43
CCCG.GTC,CCCGCGTC,4,4,RAND,C,0.10802883560394017,0.801413558559799
CCCG.GTC,CCCGGGTC,4,4,AFF,G,0.3713709117130287,4.983780004650644e-19
CCCG.GTC,CCCGGGTC,4,4,RAND,G,-0.358762463989734,0.4220269184788632
CCCG.GTC,CCCGTGTC,4,4,AFF,T,0.5178766327237758,3.68946754257993e-25
CCCG.GTC,CCCGTGTC,4,4,RAND,T,0.7513604283791344,0.14883015053523224
CCCGG.TC,CCCGGATC,4,5,AFF,A,0.2805158891496372,7.064211308746133e-05
CCCGG.TC,CCCGGATC,4,5,RAND,A,0.7569450916998137,0.21891824230611023
CCCGG.TC,CCCGGCTC,4,5,AFF,C,0.5599283787124288,8.37910373206698e-43
CCCGG.TC,CCCGGCTC,4,5,RAND,C,0.10802883560394017,0.801413558559799
CCCGG.TC,CCCGGGTC,4,5,AFF,G,0.3713709117130287,4.983780004650644e-19
CCCGG.TC,CCCGGGTC,4,5,RAND,G,-0.358762463989734,0.4220269184788632
CCCGG.TC,CCCGGTTC,4,5,AFF,T,0.5178766327237758,3.68946754257993e-25
CCCGG.TC,CCCGGTTC,4,5,RAND,T,0.7513604283791344,0.14883015053523224
CCCGGG.C,CCCGGGAC,4,6,AFF,A,0.2805158891496372,7.064211308746133e-05
CCCGGG.C,CCCGGGAC,4,6,RAND,A,0.7569450916998137,0.21891824230611023
CCCGGG.C,CCCGGGCC,4,6,AFF,C,0.5599283787124288,8.37910373206698e-43
CCCGGG.C,CCCGGGCC,4,6,RAND,C,0.10802883560394017,0.801413558559799
CCCGGG.C,CCCGGGGC,4,6,AFF,G,0.3713709117130287,4.983780004650644e-19
CCCGGG.C,CCCGGGGC,4,6,RAND,G,-0.358762463989734,0.4220269184788632
CCCGGG.C,CCCGGGTC,4,6,AFF,T,0.5178766327237758,3.68946754257993e-25
CCCGGG.C,CCCGGGTC,4,6,RAND,T,0.7513604283791344,0.14883015053523224
CCCGGGT.,CCCGGGTA,4,7,AFF,A,0.2805158891496372,7.064211308746133e-05
CCCGGGT.,CCCGGGTA,4,7,RAND,A,0.7569450916998137,0.21891824230611023
CCCGGGT.,CCCGGGTC,4,7,AFF,C,0.5599283787124288,8.37910373206698e-43
CCCGGGT.,CCCGGGTC,4,7,RAND,C,0.10802883560394017,0.801413558559799
CCCGGGT.,CCCGGGTG,4,7,AFF,G,0.3713709117130287,4.983780004650644e-19
CCCGGGT.,CCCGGGTG,4,7,RAND,G,-0.358762463989734,0.4220269184788632
CCCGGGT.,CCCGGGTT,4,7,AFF,T,0.5178766327237758,3.68946754257993e-25
CCCGGGT.,CCCGGGTT,4,7,RAND,T,0.7513604283791344,0.14883015053523224
.CGGGTCC,ACGGGTCC,5,0,AFF,A,0.8063513525261856,9.648110124399084e-62
.CGGGTCC,ACGGGTCC,5,0,RAND,A,1.8472609371074382,0.05384662690809427
.CGGGTCC,CCGGGTCC,5,0,AFF,C,0.5249968302626585,3.582990998983834e-41
.CGGGTCC,CCGGGTCC,5,0,RAND,C,0.5308821173033946,0.1529812869581461
.CGGGTCC,GCGGGTCC,5,0,AFF,G,0.8883764314351211,3.252103059999765e-68
.CGGGTCC,GCGGGTCC,5,0,RAND,G,0.42286931935620187,0.6230875186399861
.CGGGTCC,TCGGGTCC,5,0,AFF,T,0.3056990194586439,1.7626639336700748e-10
.CGGGTCC,TCGGGTCC,5,0,RAND,T,0.06607416570071734,0.906169326106313
C.GGGTCC,CAGGGTCC,5,1,AFF,A,0.8063513525261856,9.648110124399084e-62
C.GGGTCC,CAGGGTCC,5,1,RAND,A,1.8472609371074382,0.05384662690809427
C.GGGTCC,CCGGGTCC,5,1,AFF,C,0.5249968302626585,3.582990998983834e-41
C.GGGTCC,CCGGGTCC,5,1,RAND,C,0.5308821173033946,0.1529812869581461
C.GGGTCC,CGGGGTCC,5,1,AFF,G,0.8883764314351211,3.252103059999765e-68
C.GGGTCC,CGGGGTCC,5,1,RAND,G,0.42286931935620187,0.6230875186399861
C.GGGTCC,CTGGGTCC,5,1,AFF,T,0.3056990194586439,1.7626639336700748e-10
C.GGGTCC,CTGGGTCC,5,1,RAND,T,0.06607416570071734,0.906169326106313
CC.GGTCC,CCAGGTCC,5,2,AFF,A,0.8063513525261856,9.648110124399084e-62
CC.GGTCC,CCAGGTCC,5,2,RAND,A,1.8472609371074382,0.05384662690809427
CC.GGTCC,CCCGGTCC,5,2,AFF,C,0.5249968302626585,3.582990998983834e-41
CC.GGTCC,CCCGGTCC,5,2,RAND,C,0.5308821173033946,0.1529812869581461
CC.GGTCC,CCGGGTCC,5,2,AFF,G,0.8883764314351211,3.252103059999765e-68
CC.GGTCC,CCGGGTCC,5,2,RAND,G,0.42286931935620187,0.6230875186399861
CC.GGTCC,CCTGGTCC,5,2,AFF,T,0.3056990194586439,1.7626639336700748e-10
CC.GGTCC,CCTGGTCC,5,2,RAND,T,0.06607416570071734,0.906169326106313
CCG.GTCC,CCGAGTCC,5,3,AFF,A,0.8063513525261856,9.648110124399084e-62
CCG.GTCC,CCGAGTCC,5,3,RAND,A,1.8472609371074382,0.05384662690809427
CCG.GTCC,CCGCGTCC,5,3,AFF,C,0.5249968302626585,3.582990998983834e-41
CCG.GTCC,CCGCGTCC,5,3,RAND,C,0.5308821173033946,0.1529812869581461
CCG.GTCC,CCGGGTCC,5,3,AFF,G,0.8883764314351211,3.252103059999765e-68
CCG.GTCC,CCGGGTCC,5,3,RAND,G,0.42286931935620187,0.6230875186399861
CCG.GTCC,CCGTGTCC,5,3,AFF,T,0.3056990194586439,1.7626639336700748e-10
CCG.GTCC,CCGTGTCC,5,3,RAND,T,0.06607416570071734,0.906169326106313
CCGG.TCC,CCGGATCC,5,4,AFF,A,0.8063513525261856,9.648110124399084e-62
CCGG.TCC,CCGGATCC,5,4,RAND,A,1.8472609371074382,0.05384662690809427
CCGG.TCC,CCGGCTCC,5,4,AFF,C,0.5249968302626585,3.582990998983834e-41
CCGG.TCC,CCGGCTCC,5,4,RAND,C,0.5308821173033946,0.1529812869581461
CCGG.TCC,CCGGGTCC,5,4,AFF,G,0.8883764314351211,3.252103059999765e-68
CCGG.TCC,CCGGGTCC,5,4,RAND,G,0.42286931935620187,0.6230875186399861
CCGG.TCC,CCGGTTCC,5,4,AFF,T,0.3056990194586439,1.7626639336700748e-10
CCGG.TCC,CCGGTTCC,5,4,RAND,T,0.06607416570071734,0.906169326106313
CCGGG.CC,CCGGGACC,5,5,AFF,A,0.8063513525261856,9.648110124399084e-62
CCGGG.CC,CCGGGACC,5,5,RAND,A,1.8472609371074382,0.05384662690809427
CCGGG.CC,CCGGGCCC,5,5,AFF,C,0.5249968302626585,3.582990998983834e-41
CCGGG.CC,CCGGGCCC,5,5,RAND,C,0.5308821173033946,0.1529812869581461
CCGGG.CC,CCGGGGCC,5,5,AFF,G,0.8883764314351211,3.252103059999765e-68
CCGGG.CC,CCGGGGCC,5,5,RAND,G,0.42286931935620187,0.6230875186399861
CCGGG.CC,CCGGGTCC,5,5,AFF,T,0.3056990194586439,1.7626639336700748e-10
CCGGG.CC,CCGGGTCC,5,5,RAND,T,0.06607416570071734,0.906169326106313
CCGGGT.C,CCGGGTAC,5,6,AFF,A,0.8063513525261856,9.648110124399084e-62
CCGGGT.C,CCGGGTAC,5,6,RAND,A,1.8472609371074382,0.05384662690809427
CCGGGT.C,CCGGGTCC,5,6,AFF,C,0.5249968302626585,3.582990998983834e-41
CCGGGT.C,CCGGGTCC,5,6,RAND,C,0.5308821173033946,0.1529812869581461
CCGGGT.C,CCGGGTGC,5,6,AFF,G,0.8883764314351211,3.252103059999765e-68
CCGGGT.C,CCGGGTGC,5,6,RAND,G,0.42286931935620187,0.6230875186399861
CCGGGT.C,CCGGGTTC,5,6,AFF,T,0.3056990194586439,1.7626639336700748e-10
CCGGGT.C,CCGGGTTC,5,6,RAND,T,0.06607416570071734,0.906169326106313
CCGGGTC.,CCGGGTCA,5,7,AFF,A,0.8063513525261856,9.648110124399084e-62
CCGGGTC.,CCGGGTCA,5,7,RAND,A,1.8472609371074382,0.05384662690809427
CCGGGTC.,CCGGGTCC,5,7,AFF,C,0.5249968302626585,3.582990998983834e-41
CCGGGTC.,CCGGGTCC,5,7,RAND,C,0.5308821173033946,0.1529812869581461
CCGGGTC.,CCGGGTCG,5,7,AFF,G,0.8883764314351211,3.252103059999765e-68
CCGGGTC.,CCGGGTCG,5,7,RAND,G,0.42286931935620187,0.6230875186399861
CCGGGTC.,CCGGGTCT,5,7,AFF,T,0.3056990194586439,1.7626639336700748e-10
CCGGGTC.,CCGGGTCT,5,7,RAND,T,0.06607416570071734,0.906169326106313
.GGGTCCC,AGGGTCCC,6,0,AFF,A,0.5907646910307758,5.2383872850354363e-23
.GGGTCCC,AGGGTCCC,6,0,RAND,A,1.1149191814899018,0.05293830711506317
.GGGTCCC,CGGGTCCC,6,0,AFF,C,0.5860610633604675,3.8377414563802797e-50
.GGGTCCC,CGGGTCCC,6,0,RAND,C,0.4771912376657878,0.20779479444195859
.GGGTCCC,GGGGTCCC,6,0,AFF,G,0.6466040852988013,2.243646312212425e-36
.GGGTCCC,GGGGTCCC,6,0,RAND,G,-0.3896134741522081,0.4247642496443548
.GGGTCCC,TGGGTCCC,6,0,AFF,T,0.45718003494495896,4.956008420792629e-22
.GGGTCCC,TGGGTCCC,6,0,RAND,T,-0.4466088268038624,0.48389121290446524
C.GGTCCC,CAGGTCCC,6,1,AFF,A,0.5907646910307758,5.2383872850354363e-23
C.GGTCCC,CAGGTCCC,6,1,RAND,A,1.1149191814899018,0.05293830711506317
C.GGTCCC,CCGGTCCC,6,1,AFF,C,0.5860610633604675,3.8377414563802797e-50
C.GGTCCC,CCGGTCCC,6,1,RAND,C,0.4771912376657878,0.20779479444195859
C.GGTCCC,CGGGTCCC,6,1,AFF,G,0.6466040852988013,2.243646312212425e-36
C.GGTCCC,CGGGTCCC,6,1,RAND,G,-0.3896134741522081,0.4247642496443548
C.GGTCCC,CTGGTCCC,6,1,AFF,T,0.45718003494495896,4.956008420792629e-22
C.GGTCCC,CTGGTCCC,6,1,RAND,T,-0.4466088268038624,0.48389121290446524
CG.GTCCC,CGAGTCCC,6,2,AFF,A,0.5907646910307758,5.2383872850354363e-23
CG.GTCCC,CGAGTCCC,6,2,RAND,A,1.1149191814899018,0.05293830711506317
CG.GTCCC,CGCGTCCC,6,2,AFF,C,0.5860610633604675,3.8377414563802797e-50
CG.GTCCC,CGCGTCCC,6,2,RAND,C,0.4771912376657878,0.20779479444195859
CG.GTCCC,CGGGTCCC,6,2,AFF,G,0.6466040852988013,2.243646312212425e-36
CG.GTCCC,CGGGTCCC,6,2,RAND,G,-0.3896134741522081,0.4247642496443548
CG.GTCCC,CGTGTCCC,6,2,AFF,T,0.45718003494495896,4.956008420792629e-22
CG.GTCCC,CGTGTCCC,6,2,RAND,T,-0.4466088268038624,0.48389121290446524
CGG.TCCC,CGGATCCC,6,3,AFF,A,0.5907646910307758,5.2383872850354363e-23
CGG.TCCC,CGGATCCC,6,3,RAND,A,1.1149191814899018,0.05293830711506317
CGG.TCCC,CGGCTCCC,6,3,AFF,C,0.5860610633604675,3.8377414563802797e-50
CGG.TCCC,CGGCTCCC,6,3,RAND,C,0.4771912376657878,0.20779479444195859
CGG.TCCC,CGGGTCCC,6,3,AFF,G,0.6466040852988013,2.243646312212425e-36
CGG.TCCC,CGGGTCCC,6,3,RAND,G,-0.3896134741522081,0.4247642496443548
CGG.TCCC,CGGTTCCC,6,3,AFF,T,0.45718003494495896,4.956008420792629e-22
CGG.TCCC,CGGTTCCC,6,3,RAND,T,-0.4466088268038624,0.48389121290446524
CGGG.CCC,CGGGACCC,6,4,AFF,A,0.5907646910307758,5.2383872850354363e-23
CGGG.CCC,CGGGACCC,6,4,RAND,A,1.1149191814899018,0.05293830711506317
CGGG.CCC,CGGGCCCC,6,4,AFF,C,0.5860610633604675,3.8377414563802797e-50
CGGG.CCC,CGGGCCCC,6,4,RAND,C,0.4771912376657878,0.20779479444195859
CGGG.CCC,CGGGGCCC,6,4,AFF,G,0.6466040852988013,2.243646312212425e-36
CGGG.CCC,CGGGGCCC,6,4,RAND,G,-0.3896134741522081,0.4247642496443548
CGGG.CCC,CGGGTCCC,6,4,AFF,T,0.45718003494495896,4.956008420792629e-22
CGGG.CCC,CGGGTCCC,6,4,RAND,T,-0.4466088268038624,0.48389121290446524
CGGGT.CC,CGGGTACC,6,5,AFF,A,0.5907646910307758,5.2383872850354363e-23
CGGGT.CC,CGGGTACC,6,5,RAND,A,1.1149191814899018,0.05293830711506317
CGGGT.CC,CGGGTCCC,6,5,AFF,C,0.5860610633604675,3.8377414563802797e-50
CGGGT.CC,CGGGTCCC,6,5,RAND,C,0.4771912376657878,0.20779479444195859
CGGGT.CC,CGGGTGCC,6,5,AFF,G,0.6466040852988013,2.243646312212425e-36
CGGGT.CC,CGGGTGCC,6,5,RAND,G,-0.3896134741522081,0.4247642496443548
CGGGT.CC,CGGGTTCC,6,5,AFF,T,0.45718003494495896,4.956008420792629e-22
CGGGT.CC,CGGGTTCC,6,5,RAND,T,-0.4466088268038624,0.48389121290446524
CGGGTC.C,CGGGTCAC,6,6,AFF,A,0.5907646910307758,5.2383872850354363e-23
CGGGTC.C,CGGGTCAC,6,6,RAND,A,1.1149191814899018,0.05293830711506317
CGGGTC.C,CGGGTCCC,6,6,AFF,C,0.5860610633604675,3.8377414563802797e-50
CGGGTC.C,CGGGTCCC,6,6,RAND,C,0.4771912376657878,0.20779479444195859
CGGGTC.C,CGGGTCGC,6,6,AFF,G,0.6466040852988013,2.243646312212425e-36
CGGGTC.C,CGGGTCGC,6,6,RAND,G,-0.3896134741522081,0.4247642496443548
CGGGTC.C,CGGGTCTC,6,6,AFF,T,0.45718003494495896,4.956008420792629e-22
CGGGTC.C,CGGGTCTC,6,6,RAND,T,-0.4466088268038624,0.48389121290446524
CGGGTCC.,CGGGTCCA,6,7,AFF,A,0.5907646910307758,5.2383872850354363e-23
CGGGTCC.,CGGGTCCA,6,7,RAND,A,1.1149191814899018,0.05293830711506317
CGGGTCC.,CGGGTCCC,6,7,AFF,C,0.5860610633604675,3.8377414563802797e-50
CGGGTCC.,CGGGTCCC,6,7,RAND,C,0.4771912376657878,0.20779479444195859
CGGGTCC.,CGGGTCCG,6,7,AFF,G,0.6466040852988013,2.243646312212425e-36
CGGGTCC.,CGGGTCCG,6,7,RAND,G,-0.3896134741522081,0.4247642496443548
CGGGTCC.,CGGGTCCT,6,7,AFF,T,0.45718003494495896,4.956008420792629e-22
CGGGTCC.,CGGGTCCT,6,7,RAND,T,-0.4466088268038624,0.48389121290446524
.GGTCCCC,AGGTCCCC,7,0,AFF,A,0.4211684441675485,1.81395505662417e-26
.GGTCCCC,AGGTCCCC,7,0,RAND,A,-0.7576137232063138,0.2594587883812578
.GGTCCCC,CGGTCCCC,7,0,AFF,C,0.4877853462521017,6.015750852906958e-46
.GGTCCCC,CGGTCCCC,7,0,RAND,C,1.357029465479244,0.0005106797740717651
.GGTCCCC,GGGTCCCC,7,0,AFF,G,0.6635428870810851,9.427056858806612e-70
.GGTCCCC,GGGTCCCC,7,0,RAND,G,0.7795102492849739,0.16171421839304934
.GGTCCCC,TGGTCCCC,7,0,AFF,T,0.34820583150386175,2.4237247705690475e-20
.GGTCCCC,TGGTCCCC,7,0,RAND,T,-0.945634983335228,0.3834760321547529
G.GTCCCC,GAGTCCCC,7,1,AFF,A,0.4211684441675485,1.81395505662417e-26
G.GTCCCC,GAGTCCCC,7,1,RAND,A,-0.7576137232063138,0.2594587883812578
G.GTCCCC,GCGTCCCC,7,1,AFF,C,0.4877853462521017,6.015750852906958e-46
G.GTCCCC,GCGTCCCC,7,1,RAND,C,1.357029465479244,0.0005106797740717651
G.GTCCCC,GGGTCCCC,7,1,AFF,G,0.6635428870810851,9.427056858806612e-70
G.GTCCCC,GGGTCCCC,7,1,RAND,G,0.7795102492849739,0.16171421839304934
G.GTCCCC,GTGTCCCC,7,1,AFF,T,0.34820583150386175,2.4237247705690475e-20
G.GTCCCC,GTGTCCCC,7,1,RAND,T,-0.945634983335228,0.3834760321547529
GG.TCCCC,GGATCCCC,7,2,AFF,A,0.4211684441675485,1.81395505662417e-26
GG.TCCCC,GGATCCCC,7,2,RAND,A,-0.7576137232063138,0.2594587883812578
GG.TCCCC,GGCTCCCC,7,2,AFF,C,0.4877853462521017,6.015750852906958e-46
GG.TCCCC,GGCTCCCC,7,2,RAND,C,1.357029465479244,0.0005106797740717651
GG.TCCCC,GGGTCCCC,7,2,AFF,G,0.6635428870810851,9.427056858806612e-70
GG.TCCCC,GGGTCCCC,7,2,RAND,G,0.7795102492849739,0.16171421839304934
GG.TCCCC,GGTTCCCC,7,2,AFF,T,0.34820583150386175,2.4237247705690475e-20
GG.TCCCC,GGTTCCCC,7,2,RAND,T,-0.945634983335228,0.3834760321547529
GGG.CCCC,GGGACCCC,7,3,AFF,A,0.4211684441675485,1.81395505662417e-26
GGG.CCCC,GGGACCCC,7,3,RAND,A,-0.7576137232063138,0.2594587883812578
GGG.CCCC,GGGCCCCC,7,3,AFF,C,0.4877853462521017,6.015750852906958e-46
GGG.CCCC,GGGCCCCC,7,3,RAND,C,1.357029465479244,0.0005106797740717651
GGG.CCCC,GGGGCCCC,7,3,AFF,G,0.6635428870810851,9.427056858806612e-70
GGG.CCCC,GGGGCCCC,7,3,RAND,G,0.7795102492849739,0.16171421839304934
GGG.CCCC,GGGTCCCC,7,3,AFF,T,0.34820583150386175,2.4237247705690475e-20
GGG.CCCC,GGGTCCCC,7,3,RAND,T,-0.945634983335228,0.3834760321547529
GGGT.CCC,GGGTACCC,7,4,AFF,A,0.4211684441675485,1.81395505662417e-26
GGGT.CCC,GGGTACCC,7,4,RAND,A,-0.7576137232063138,0.2594587883812578
GGGT.CCC,GGGTCCCC,7,4,AFF,C,0.4877853462521017,6.015750852906958e-46
GGGT.CCC,GGGTCCCC,7,4,RAND,C,1.357029465479244,0.0005106797740717651
GGGT.CCC,GGGTGCCC,7,4,AFF,G,0.6635428870810851,9.427056858806612e-70
GGGT.CCC,GGGTGCCC,7,4,RAND,G,0.7795102492849739,0.16171421839304934
GGGT.CCC,GGGTTCCC,7,4,AFF,T,0.34820583150386175,2.4237247705690475e-20
GGGT.CCC,GGGTTCCC,7,4,RAND,T,-0.945634983335228,0.3834760321547529
GGGTC.CC,GGGTCACC,7,5,AFF,A,0.4211684441675485,1.81395505662417e-26
GGGTC.CC,GGGTCACC,7,5,RAND,A,-0.7576137232063138,0.2594587883812578
GGGTC.CC,GGGTCCCC,7,5,AFF,C,0.4877853462521017,6.015750852906958e-46
GGGTC.CC,GGGTCCCC,7,5,RAND,C,1.357029465479244,0.0005106797740717651
GGGTC.CC,GGGTCGCC,7,5,AFF,G,0.6635428870810851,9.427056858806612e-70
GGGTC.CC,GGGTCGCC,7,5,RAND,G,0.7795102492849739,0.16171421839304934
GGGTC.CC,GGGTCTCC,7,5,AFF,T,0.34820583150386175,2.4237247705690475e-20
GGGTC.CC,GGGTCTCC,7,5,RAND,T,-0.945634983335228,0.3834760321547529
GGGTCC.C,GGGTCCAC,7,6,AFF,A,0.4211684441675485,1.81395505662417e-26
GGGTCC.C,GGGTCCAC,7,6,RAND,A,-0.7576137232063138,0.2594587883812578
GGGTCC.C,GGGTCCCC,7,6,AFF,C,0.4877853462521017,6.015750852906958e-46
GGGTCC.C,GGGTCCCC,7,6,RAND,C,1.357029465479244,0.0005106797740717651
GGGTCC.C,GGGTCCGC,7,6,AFF,G,0.6635428870810851,9.427056858806612e-70
GGGTCC.C,GGGTCCGC,7,6,RAND,G,0.7795102492849739,0.16171421839304934
GGGTCC.C,GGGTCCTC,7,6,AFF,T,0.34820583150386175,2.4237247705690475e-20
GGGTCC.C,GGGTCCTC,7,6,RAND,T,-0.945634983335228,0.3834760321547529
GGGTCCC.,GGGTCCCA,7,7,AFF,A,0.4211684441675485,1.81395505662417e-26
GGGTCCC.,GGGTCCCA,7,7,RAND,A,-0.7576137232063138,0.2594587883812578
GGGTCCC.,GGGTCCCC,7,7,AFF,C,0.4877853462521017,6.015750852906958e-46
GGGTCCC.,GGGTCCCC,7,7,RAND,C,1.357029465479244,0.0005106797740717651
GGGTCCC.,GGGTCCCG,7,7,AFF,G,0.6635428870810851,9.427056858806612e-70
GGGTCCC.,GGGTCCCG,7,7,RAND,G,0.7795102492849739,0.16171421839304934
GGGTCCC.,GGGTCCCT,7,7,AFF,T,0.34820583150386175,2.4237247705690475e-20
GGGTCCC.,GGGTCCCT,7,7,RAND,T,-0.945634983335228,0.3834760321547529
.GTCCCCA,AGTCCCCA,8,0,AFF,A,0.45071916055332867,1.217976488847131e-35
.GTCCCCA,AGTCCCCA,8,0,RAND,A,-0.2602865899242053,0.5247145039907262
.GTCCCCA,CGTCCCCA,8,0,AFF,C,0.29927078856207684,9.642317795612343e-14
.GTCCCCA,CGTCCCCA,8,0,RAND,C,0.6990212890348438,0.041186658427682
.GTCCCCA,GGTCCCCA,8,0,AFF,G,0.8410831023354559,1.1149188884087377e-115
.GTCCCCA,GGTCCCCA,8,0,RAND,G,0.6930724045384757,0.029646970745572078
.GTCCCCA,TGTCCCCA,8,0,AFF,T,0.28408237013879367,1.3872846674671815e-13
.GTCCCCA,TGTCCCCA,8,0,RAND,T,0.7797453027537655,0.021143958604857703
G.TCCCCA,GATCCCCA,8,1,AFF,A,0.45071916055332867,1.217976488847131e-35
G.TCCCCA,GATCCCCA,8,1,RAND,A,-0.2602865899242053,0.5247145039907262
G.TCCCCA,GCTCCCCA,8,1,AFF,C,0.29927078856207684,9.642317795612343e-14
G.TCCCCA,GCTCCCCA,8,1,RAND,C,0.6990212890348438,0.041186658427682
G.TCCCCA,GGTCCCCA,8,1,AFF,G,0.8410831023354559,1.1149188884087377e-115
G.TCCCCA,GGTCCCCA,8,1,RAND,G,0.6930724045384757,0.029646970745572078
G.TCCCCA,GTTCCCCA,8,1,AFF,T,0.28408237013879367,1.3872846674671815e-13
G.TCCCCA,GTTCCCCA,8,1,RAND,T,0.7797453027537655,0.021143958604857703
GG.CCCCA,GGACCCCA,8,2,AFF,A,0.45071916055332867,1.217976488847131e-35
GG.CCCCA,GGACCCCA,8,2,RAND,A,-0.2602865899242053,0.5247145039907262
GG.CCCCA,GGCCCCCA,8,2,AFF,C,0.29927078856207684,9.642317795612343e-14
GG.CCCCA,GGCCCCCA,8,2,RAND,C,0.6990212890348438,0.041186658427682
GG.CCCCA,GGGCCCCA,8,2,AFF,G,0.8410831023354559,1.1149188884087377e-115
GG.CCCCA,GGGCCCCA,8,2,RAND,G,0.6930724045384757,0.029646970745572078
GG.CCCCA,GGTCCCCA,8,2,AFF,T,0.28408237013879367,1.3872846674671815e-13
GG.CCCCA,GGTCCCCA,8,2,RAND,T,0.7797453027537655,0.021143958604857703
GGT.CCCA,GGTACCCA,8,3,AFF,A,0.45071916055332867,1.217976488847131e-35
GGT.CCCA,GGTACCCA,8,3,RAND,A,-0.2602865899242053,0.5247145039907262
GGT.CCCA,GGTCCCCA,8,3,AFF,C,0.29927078856207684,9.642317795612343e-14
GGT.CCCA,GGTCCCCA,8,3,RAND,C,0.6990212890348438,0.041186658427682
GGT.CCCA,GGTGCCCA,8,3,AFF,G,0.8410831023354559,1.1149188884087377e-115
GGT.CCCA,GGTGCCCA,8,3,RAND,G,0.6930724045384757,0.029646970745572078
GGT.CCCA,GGTTCCCA,8,3,AFF,T,0.28408237013879367,1.3872846674671815e-13
GGT.CCCA,GGTTCCCA,8,3,RAND,T,0.7797453027537655,0.021143958604857703
GGTC.CCA,GGTCACCA,8,4,AFF,A,0.45071916055332867,1.217976488847131e-35
GGTC.CCA,GGTCACCA,8,4,RAND,A,-0.2602865899242053,0.5247145039907262
GGTC.CCA,GGTCCCCA,8,4,AFF,C,0.29927078856207684,9.642317795612343e-14
GGTC.CCA,GGTCCCCA,8,4,RAND,C,0.6990212890348438,0.041186658427682
GGTC.CCA,GGTCGCCA,8,4,AFF,G,0.8410831023354559,1.1149188884087377e-115
GGTC.CCA,GGTCGCCA,8,4,RAND,G,0.6930724045384757,0.029646970745572078
GGTC.CCA,GGTCTCCA,8,4,AFF,T,0.28408237013879367,1.3872846674671815e-13
GGTC.CCA,GGTCTCCA,8,4,RAND,T,0.7797453027537655,0.021143958604857703
GGTCC.CA,GGTCCACA,8,5,AFF,A,0.45071916055332867,1.217976488847131e-35
GGTCC.CA,GGTCCACA,8,5,RAND,A,-0.2602865899242053,0.5247145039907262
GGTCC.CA,GGTCCCCA,8,5,AFF,C,0.29927078856207684,9.642317795612343e-14
GGTCC.CA,GGTCCCCA,8,5,RAND,C,0.6990212890348438,0.041186658427682
GGTCC.CA,GGTCCGCA,8,5,AFF,G,0.8410831023354559,1.1149188884087377e-115
GGTCC.CA,GGTCCGCA,8,5,RAND,G,0.6930724045384757,0.029646970745572078
GGTCC.CA,GGTCCTCA,8,5,AFF,T,0.28408237013879367,1.3872846674671815e-13
GGTCC.CA,GGTCCTCA,8,5,RAND,T,0.7797453027537655,0.021143958604857703
GGTCCC.A,GGTCCCAA,8,6,AFF,A,0.45071916055332867,1.217976488847131e-35
GGTCCC.A,GGTCCCAA,8,6,RAND,A,-0.2602865899242053,0.5247145039907262
GGTCCC.A,GGTCCCCA,8,6,AFF,C,0.29927078856207684,9.642317795612343e-14
GGTCCC.A,GGTCCCCA,8,6,RAND,C,0.6990212890348438,0.041186658427682
GGTCCC.A,GGTCCCGA,8,6,AFF,G,0.8410831023354559,1.1149188884087377e-115
GGTCCC.A,GGTCCCGA,8,6,RAND,G,0.6930724045384757,0.029646970745572078
GGTCCC.A,GGTCCCTA,8,6,AFF,T,0.28408237013879367,1.3872846674671815e-13
GGTCCC.A,GGTCCCTA,8,6,RAND,T,0.7797453027537655,0.021143958604857703
GGTCCCC.,GGTCCCCA,8,7,AFF,A,0.45071916055332867,1.217976488847131e-35
GGTCCCC.,GGTCCCCA,8,7,RAND,A,-0.2602865899242053,0.5247145039907262
GGTCCCC.,GGTCCCCC,8,7,AFF,C,0.29927078856207684,9.642317795612343e-14
GGTCCCC.,GGTCCCCC,8,7,RAND,C,0.6990212890348438,0.041186658427682
GGTCCCC.,GGTCCCCG,8,7,AFF,G,0.8410831023354559,1.1149188884087377e-115
GGTCCCC.,GGTCCCCG,8,7,RAND,G,0.6930724045384757,0.029646970745572078
GGTCCCC.,GGTCCCCT,8,7,AFF,T,0.28408237013879367,1.3872846674671815e-13
GGTCCCC.,GGTCCCCT,8,7,RAND,T,0.7797453027537655,0.021143958604857703
.TCCCCAG,ATCCCCAG,9,0,AFF,A,0.33596578043334235,2.5732143319867806e-14
.TCCCCAG,ATCCCCAG,9,0,RAND,A,0.10961296316429639,0.7998240595173962
.TCCCCAG,CTCCCCAG,9,0,AFF,C,0.4184467706748236,2.581434954098403e-32
.TCCCCAG,CTCCCCAG,9,0,RAND,C,0.760120860073143,0.08485104827852671
.TCCCCAG,GTCCCCAG,9,0,AFF,G,0.48263258323159897,3.865156204666984e-54
.TCCCCAG,GTCCCCAG,9,0,RAND,G,0.9133392007799945,0.005265006579823881
.TCCCCAG,TTCCCCAG,9,0,AFF,T,0.4384529143872744,1.202072820645226e-23
.TCCCCAG,TTCCCCAG,9,0,RAND,T,0.47942241572765565,0.32456974901001956
G.CCCCAG,GACCCCAG,9,1,AFF,A,0.33596578043334235,2.5732143319867806e-14
G.CCCCAG,GACCCCAG,9,1,RAND,A,0.10961296316429639,0.7998240595173962
G.CCCCAG,GCCCCCAG,9,1,AFF,C,0.4184467706748236,2.581434954098403e-32
G.CCCCAG,GCCCCCAG,9,1,RAND,C,0.760120860073143,0.08485104827852671
G.CCCCAG,GGCCCCAG,9,1,AFF,G,0.48263258323159897,3.865156204666984e-54
G.CCCCAG,GGCCCCAG,9,1,RAND,G,0.9133392007799945,0.005265006579823881
G.CCCCAG,GTCCCCAG,9,1,AFF,T,0.4384529143872744,1.202072820645226e-23
G.CCCCAG,GTCCCCAG,9,1,RAND,T,0.47942241572765565,0.32456974901001956
GT.CCCAG,GTACCCAG,9,2,AFF,A,0.33596578043334235,2.5732143319867806e-14
GT.CCCAG,GTACCCAG,9,2,RAND,A,0.10961296316429639,0.7998240595173962
GT.CCCAG,GTCCCCAG,9,2,AFF,C,0.4184467706748236,2.581434954098403e-32
GT.CCCAG,GTCCCCAG,9,2,RAND,C,0.760120860073143,0.08485104827852671
GT.CCCAG,GTGCCCAG,9,2,AFF,G,0.48263258323159897,3.865156204666984e-54
GT.CCCAG,GTGCCCAG,9,2,RAND,G,0.9133392007799945,0.005265006579823881
GT.CCCAG,GTTCCCAG,9,2,AFF,T,0.4384529143872744,1.202072820645226e-23
GT.CCCAG,GTTCCCAG,9,2,RAND,T,0.47942241572765565,0.32456974901001956
GTC.CCAG,GTCACCAG,9,3,AFF,A,0.33596578043334235,2.5732143319867806e-14
GTC.CCAG,GTCACCAG,9,3,RAND,A,0.10961296316429639,0.7998240595173962
GTC.CCAG,GTCCCCAG,9,3,AFF,C,0.4184467706748236,2.581434954098403e-32
GTC.CCAG,GTCCCCAG,9,3,RAND,C,0.760120860073143,0.08485104827852671
GTC.CCAG,GTCGCCAG,9,3,AFF,G,0.48263258323159897,3.865156204666984e-54
GTC.CCAG,GTCGCCAG,9,3,RAND,G,0.9133392007799945,0.005265006579823881
GTC.CCAG,GTCTCCAG,9,3,AFF,T,0.4384529143872744,1.202072820645226e-23
GTC.CCAG,GTCTCCAG,9,3,RAND,T,0.47942241572765565,0.32456974901001956
GTCC.CAG,GTCCACAG,9,4,AFF,A,0.33596578043334235,2.5732143319867806e-14
GTCC.CAG,GTCCACAG,9,4,RAND,A,0.10961296316429639,0.7998240595173962
GTCC.CAG,GTCCCCAG,9,4,AFF,C,0.4184467706748236,2.581434954098403e-32
GTCC.CAG,GTCCCCAG,9,4,RAND,C,0.760120860073143,0.08485104827852671
GTCC.CAG,GTCCGCAG,9,4,AFF,G,0.48263258323159897,3.865156204666984e-54
GTCC.CAG,GTCCGCAG,9,4,RAND,G,0.9133392007799945,0.005265006579823881
GTCC.CAG,GTCCTCAG,9,4,AFF,T,0.4384529143872744,1.202072820645226e-23
GTCC.CAG,GTCCTCAG,9,4,RAND,T,0.47942241572765565,0.32456974901001956
GTCCC.AG,GTCCCAAG,9,5,AFF,A,0.33596578043334235,2.5732143319867806e-14
GTCCC.AG,GTCCCAAG,9,5,RAND,A,0.10961296316429639,0.7998240595173962
GTCCC.AG,GTCCCCAG,9,5,AFF,C,0.4184467706748236,2.581434954098403e-32
GTCCC.AG,GTCCCCAG,9,5,RAND,C,0.760120860073143,0.08485104827852671
GTCCC.AG,GTCCCGAG,9,5,AFF,G,0.48263258323159897,3.865156204666984e-54
GTCCC.AG,GTCCCGAG,9,5,RAND,G,0.9133392007799945,0.005265006579823881
GTCCC.AG,GTCCCTAG,9,5,AFF,T,0.4384529143872744,1.202072820645226e-23
GTCCC.AG,GTCCCTAG,9,5,RAND,T,0.47942241572765565,0.32456974901001956
GTCCCC.G,GTCCCCAG,9,6,AFF,A,0.33596578043334235,2.5732143319867806e-14
GTCCCC.G,GTCCCCAG,9,6,RAND,A,0.10961296316429639,0.7998240595173962
GTCCCC.G,GTCCCCCG,9,6,AFF,C,0.4184467706748236,2.581434954098403e-32
GTCCCC.G,GTCCCCCG,9,6,RAND,C,0.760120860073143,0.08485104827852671
GTCCCC.G,GTCCCCGG,9,6,AFF,G,0.48263258323159897,3.865156204666984e-54
GTCCCC.G,GTCCCCGG,9,6,RAND,G,0.9133392007799945,0.005265006579823881
GTCCCC.G,GTCCCCTG,9,6,AFF,T,0.4384529143872744,1.202072820645226e-23
GTCCCC.G,GTCCCCTG,9,6,RAND,T,0.47942241572765565,0.32456974901001956
GTCCCCA.,GTCCCCAA,9,7,AFF,A,0.33596578043334235,2.5732143319867806e-14
GTCCCCA.,GTCCCCAA,9,7,RAND,A,0.10961296316429639,0.7998240595173962
GTCCCCA.,GTCCCCAC,9,7,AFF,C,0.4184467706748236,2.581434954098403e-32
GTCCCCA.,GTCCCCAC,9,7,RAND,C,0.760120860073143,0.08485104827852671
GTCCCCA.,GTCCCCAG,9,7,AFF,G,0.48263258323159897,3.865156204666984e-54
GTCCCCA.,GTCCCCAG,9,7,RAND,G,0.9133392007799945,0.005265006579823881
GTCCCCA.,GTCCCCAT,9,7,AFF,T,0.4384529143872744,1.202072820645226e-23
GTCCCCA.,GTCCCCAT,9,7,RAND,T,0.47942241572765565,0.32456974901001956
.CCCCAGT,ACCCCAGT,10,0,AFF,A,0.23182906975581974,6.051663645934085e-15
.CCCCAGT,ACCCCAGT,10,0,RAND,A,-0.06311783470010758,0.829630371572716
.CCCCAGT,CCCCCAGT,10,0,AFF,C,0.5555151030287465,4.158864338869896e-115
.CCCCAGT,CCCCCAGT,10,0,RAND,C,0.02592295535839967,0.9184743461778251
.CCCCAGT,GCCCCAGT,10,0,AFF,G,0.3911714023644849,8.862616595567493e-54
.CCCCAGT,GCCCCAGT,10,0,RAND,G,0.7722279147514195,0.007334031499746085
.CCCCAGT,TCCCCAGT,10,0,AFF,T,0.2582442694278364,1.307805129236312e-14
.CCCCAGT,TCCCCAGT,10,0,RAND,T,0.6290956163430361,0.05578003068905072
T.CCCAGT,TACCCAGT,10,1,AFF,A,0.23182906975581974,6.051663645934085e-15
T.CCCAGT,TACCCAGT,10,1,RAND,A,-0.06311783470010758,0.829630371572716
T.CCCAGT,TCCCCAGT,10,1,AFF,C,0.5555151030287465,4.158864338869896e-115
T.CCCAGT,TCCCCAGT,10,1,RAND,C,0.02592295535839967,0.9184743461778251
T.CCCAGT,TGCCCAGT,10,1,AFF,G,0.3911714023644849,8.862616595567493e-54
T.CCCAGT,TGCCCAGT,10,1,RAND,G,0.7722279147514195,0.007334031499746085
T.CCCAGT,TTCCCAGT,10,1,AFF,T,0.2582442694278364,1.307805129236312e-14
T.CCCAGT,TTCCCAGT,10,1,RAND,T,0.6290956163430361,0.05578003068905072
TC.CCAGT,TCACCAGT,10,2,AFF,A,0.23182906975581974,6.051663645934085e-15
TC.CCAGT,TCACCAGT,10,2,RAND,A,-0.06311783470010758,0.829630371572716
TC.CCAGT,TCCCCAGT,10,2,AFF,C,0.5555151030287465,4.158864338869896e-115
TC.CCAGT,TCCCCAGT,10,2,RAND,C,0.02592295535839967,0.9184743461778251
TC.CCAGT,TCGCCAGT,10,2,AFF,G,0.3911714023644849,8.862616595567493e-54
TC.CCAGT,TCGCCAGT,10,2,RAND,G,0.7722279147514195,0.007334031499746085
TC.CCAGT,TCTCCAGT,10,2,AFF,T,0.2582442694278364,1.307805129236312e-14
TC.CCAGT,TCTCCAGT,10,2,RAND,T,0.6290956163430361,0.05578003068905072
TCC.CAGT,TCCACAGT,10,3,AFF,A,0.23182906975581974,6.051663645934085e-15
TCC.CAGT,TCCACAGT,10,3,RAND,A,-0.06311783470010758,0.829630371572716
TCC.CAGT,TCCCCAGT,10,3,AFF,C,0.5555151030287465,4.158864338869896e-115
TCC.CAGT,TCCCCAGT,10,3,RAND,C,0.02592295535839967,0.9184743461778251
TCC.CAGT,TCCGCAGT,10,3,AFF,G,0.3911714023644849,8.862616595567493e-54
TCC.CAGT,TCCGCAGT,10,3,RAND,G,0.7722279147514195,0.007334031499746085
TCC.CAGT,TCCTCAGT,10,3,AFF,T,0.2582442694278364,1.307805129236312e-14
TCC.CAGT,TCCTCAGT,10,3,RAND,T,0.6290956163430361,0.05578003068905072
TCCC.AGT,TCCCAAGT,10,4,AFF,A,0.23182906975581974,6.051663645934085e-15
TCCC.AGT,TCCCAAGT,10,4,RAND,A,-0.06311783470010758,0.829630371572716
TCCC.AGT,TCCCCAGT,10,4,AFF,C,0.5555151030287465,4.158864338869896e-115
TCCC.AGT,TCCCCAGT,10,4,RAND,C,0.02592295535839967,0.9184743461778251
TCCC.AGT,TCCCGAGT,10,4,AFF,G,0.3911714023644849,8.862616595567493e-54
TCCC.AGT,TCCCGAGT,10,4,RAND,G,0.7722279147514195,0.007334031499746085
TCCC.AGT,TCCCTAGT,10,4,AFF,T,0.2582442694278364,1.307805129236312e-14
TCCC.AGT,TCCCTAGT,10,4,RAND,T,0.6290956163430361,0.05578003068905072
TCCCC.GT,TCCCCAGT,10,5,AFF,A,0.23182906975581974,6.051663645934085e-15
TCCCC.GT,TCCCCAGT,10,5,RAND,A,-0.06311783470010758,0.829630371572716
TCCCC.GT,TCCCCCGT,10,5,AFF,C,0.5555151030287465,4.158864338869896e-115
TCCCC.GT,TCCCCCGT,10,5,RAND,C,0.02592295535839967,0.9184743461778251
TCCCC.GT,TCCCCGGT,10,5,AFF,G,0.3911714023644849,8.862616595567493e-54
TCCCC.GT,TCCCCGGT,10,5,RAND,G,0.7722279147514195,0.007334031499746085
TCCCC.GT,TCCCCTGT,10,5,AFF,T,0.2582442694278364,1.307805129236312e-14
TCCCC.GT,TCCCCTGT,10,5,RAND,T,0.6290956163430361,0.05578003068905072
TCCCCA.T,TCCCCAAT,10,6,AFF,A,0.23182906975581974,6.051663645934085e-15
TCCCCA.T,TCCCCAAT,10,6,RAND,A,-0.06311783470010758,0.829630371572716
TCCCCA.T,TCCCCACT,10,6,AFF,C,0.5555151030287465,4.158864338869896e-115
TCCCCA.T,TCCCCACT,10,6,RAND,C,0.02592295535839967,0.9184743461778251
TCCCCA.T,TCCCCAGT,10,6,AFF,G,0.3911714023644849,8.862616595567493e-54
TCCCCA.T,TCCCCAGT,10,6,RAND,G,0.7722279147514195,0.007334031499746085
TCCCCA.T,TCCCCATT,10,6,AFF,T,0.2582442694278364,1.307805129236312e-14
TCCCCA.T,TCCCCATT,10,6,RAND,T,0.6290956163430361,0.05578003068905072
TCCCCAG.,TCCCCAGA,10,7,AFF,A,0.23182906975581974,6.051663645934085e-15
TCCCCAG.,TCCCCAGA,10,7,RAND,A,-0.06311783470010758,0.829630371572716
TCCCCAG.,TCCCCAGC,10,7,AFF,C,0.5555151030287465,4.158864338869896e-115
TCCCCAG.,TCCCCAGC,10,7,RAND,C,0.02592295535839967,0.9184743461778251
TCCCCAG.,TCCCCAGG,10,7,AFF,G,0.3911714023644849,8.862616595567493e-54
TCCCCAG.,TCCCCAGG,10,7,RAND,G,0.7722279147514195,0.007334031499746085
TCCCCAG.,TCCCCAGT,10,7,AFF,T,0.2582442694278364,1.307805129236312e-14
TCCCCAG.,TCCCCAGT,10,7,RAND,T,0.6290956163430361,0.05578003068905072
.CCCAGTC,ACCCAGTC,11,0,AFF,A,0.13801387488309733,0.006357379722562692
.CCCAGTC,ACCCAGTC,11,0,RAND,A,-0.3469136029362542,0.6018385802845221
.CCCAGTC,CCCCAGTC,11,0,AFF,C,0.5317907930204882,1.3135928152242287e-49
.CCCAGTC,CCCCAGTC,11,0,RAND,C,0.9709659980793084,0.004835317702170355
.CCCAGTC,GCCCAGTC,11,0,AFF,G,0.2977535821854791,3.231418170191827e-20
.CCCAGTC,GCCCAGTC,11,0,RAND,G,0.2693115994841207,0.4094378033761543
.CCCAGTC,TCCCAGTC,11,0,AFF,T,0.37551179207841257,6.740708228316355e-19
.CCCAGTC,TCCCAGTC,11,0,RAND,T,0.5224077473608894,0.16466487667247043
C.CCAGTC,CACCAGTC,11,1,AFF,A,0.13801387488309733,0.006357379722562692
C.CCAGTC,CACCAGTC,11,1,RAND,A,-0.3469136029362542,0.6018385802845221
C.CCAGTC,CCCCAGTC,11,1,AFF,C,0.5317907930204882,1.3135928152242287e-49
C.CCAGTC,CCCCAGTC,11,1,RAND,C,0.9709659980793084,0.004835317702170355
C.CCAGTC,CGCCAGTC,11,1,AFF,G,0.2977535821854791,3.231418170191827e-20
C.CCAGTC,CGCCAGTC,11,1,RAND,G,0.2693115994841207,0.4094378033761543
C.CCAGTC,CTCCAGTC,11,1,AFF,T,0.37551179207841257,6.740708228316355e-19
C.CCAGTC,CTCCAGTC,11,1,RAND,T,0.5224077473608894,0.16466487667247043
CC.CAGTC,CCACAGTC,11,2,AFF,A,0.13801387488309733,0.006357379722562692
CC.CAGTC,CCACAGTC,11,2,RAND,A,-0.3469136029362542,0.6018385802845221
CC.CAGTC,CCCCAGTC,11,2,AFF,C,0.5317907930204882,1.3135928152242287e-49
CC.CAGTC,CCCCAGTC,11,2,RAND,C,0.9709659980793084,0.004835317702170355
CC.CAGTC,CCGCAGTC,11,2,AFF,G,0.2977535821854791,3.231418170191827e-20
CC.CAGTC,CCGCAGTC,11,2,RAND,G,0.2693115994841207,0.4094378033761543
CC.CAGTC,CCTCAGTC,11,2,AFF,T,0.37551179207841257,6.740708228316355e-19
CC.CAGTC,CCTCAGTC,11,2,RAND,T,0.5224077473608894,0.16466487667247043
CCC.AGTC,CCCAAGTC,11,3,AFF,A,0.13801387488309733,0.006357379722562692
CCC.AGTC,CCCAAGTC,11,3,RAND,A,-0.3469136029362542,0.6018385802845221
CCC.AGTC,CCCCAGTC,11,3,AFF,C,0.5317907930204882,1.3135928152242287e-49
CCC.AGTC,CCCCAGTC,11,3,RAND,C,0.9709659980793084,0.004835317702170355
CCC.AGTC,CCCGAGTC,11,3,AFF,G,0.2977535821854791,3.231418170191827e-20
CCC.AGTC,CCCGAGTC,11,3,RAND,G,0.2693115994841207,0.4094378033761543
CCC.AGTC,CCCTAGTC,11,3,AFF,T,0.37551179207841257,6.740708228316355e-19
CCC.AGTC,CCCTAGTC,11,3,RAND,T,0.5224077473608894,0.16466487667247043
CCCC.GTC,CCCCAGTC,11,4,AFF,A,0.13801387488309733,0.006357379722562692
CCCC.GTC,CCCCAGTC,11,4,RAND,A,-0.3469136029362542,0.6018385802845221
CCCC.GTC,CCCCCGTC,11,4,AFF,C,0.5317907930204882,1.3135928152242287e-49
CCCC.GTC,CCCCCGTC,11,4,RAND,C,0.9709659980793084,0.004835317702170355
CCCC.GTC,CCCCGGTC,11,4,AFF,G,0.2977535821854791,3.231418170191827e-20
CCCC.GTC,CCCCGGTC,11,4,RAND,G,0.2693115994841207,0.4094378033761543
CCCC.GTC,CCCCTGTC,11,4,AFF,T,0.37551179207841257,6.740708228316355e-19
CCCC.GTC,CCCCTGTC,11,4,RAND,T,0.5224077473608894,0.16466487667247043
CCCCA.TC,CCCCAATC,11,5,AFF,A,0.13801387488309733,0.006357379722562692
CCCCA.TC,CCCCAATC,11,5,RAND,A,-0.3469136029362542,0.6018385802845221
CCCCA.TC,CCCCACTC,11,5,AFF,C,0.5317907930204882,1.3135928152242287e-49
CCCCA.TC,CCCCACTC,11,5,RAND,C,0.9709659980793084,0.004835317702170355
CCCCA.TC,CCCCAGTC,11,5,AFF,G,0.2977535821854791,3.231418170191827e-20
CCCCA.TC,CCCCAGTC,11,5,RAND,G,0.2693115994841207,0.4094378033761543
CCCCA.TC,CCCCATTC,11,5,AFF,T,0.37551179207841257,6.740708228316355e-19
CCCCA.TC,CCCCATTC,11,5,RAND,T,0.5224077473608894,0.16466487667247043
CCCCAG.C,CCCCAGAC,11,6,AFF,A,0.13801387488309733,0.006357379722562692
CCCCAG.C,CCCCAGAC,11,6,RAND,A,-0.3469136029362542,0.6018385802845221
CCCCAG.C,CCCCAGCC,11,6,AFF,C,0.5317907930204882,1.3135928152242287e-49
CCCCAG.C,CCCCAGCC,11,6,RAND,C,0.9709659980793084,0.004835317702170355
CCCCAG.C,CCCCAGGC,11,6,AFF,G,0.2977535821854791,3.231418170191827e-20
CCCCAG.C,CCCCAGGC,11,6,RAND,G,0.2693115994841207,0.4094378033761543
CCCCAG.C,CCCCAGTC,11,6,AFF,T,0.37551179207841257,6.740708228316355e-19
CCCCAG.C,CCCCAGTC,11,6,RAND,T,0.5224077473608894,0.16466487667247043
CCCCAGT.,CCCCAGTA,11,7,AFF,A,0.13801387488309733,0.006357379722562692
CCCCAGT.,CCCCAGTA,11,7,RAND,A,-0.3469136029362542,0.6018385802845221
CCCCAGT.,CCCCAGTC,11,7,AFF,C,0.5317907930204882,1.3135928152242287e-49
CCCCAGT.,CCCCAGTC,11,7,RAND,C,0.9709659980793084,0.004835317702170355
CCCCAGT.,CCCCAGTG,11,7,AFF,G,0.2977535821854791,3.231418170191827e-20
CCCCAGT.,CCCCAGTG,11,7,RAND,G,0.2693115994841207,0.4094378033761543
CCCCAGT.,CCCCAGTT,11,7,AFF,T,0.37551179207841257,6.740708228316355e-19
CCCCAGT.,CCCCAGTT,11,7,RAND,T,0.5224077473608894,0.16466487667247043
.CCAGTCC,ACCAGTCC,12,0,AFF,A,0.31422624108173897,1.5231028541143205e-15
.CCAGTCC,ACCAGTCC,12,0,RAND,A,0.4101704834974688,0.2702103328292883
.CCAGTCC,CCCAGTCC,12,0,AFF,C,0.5381808414369036,1.2021005468423957e-58
.CCAGTCC,CCCAGTCC,12,0,RAND,C,0.4126144609220237,0.1768182349502685
.CCAGTCC,GCCAGTCC,12,0,AFF,G,0.6030138980382813,2.711952404241044e-23
.CCAGTCC,GCCAGTCC,12,0,RAND,G,0.6180635384428015,0.22782589792892005
.CCAGTCC,TCCAGTCC,12,0,AFF,T,0.21619156674218326,2.4762295838244552e-08
.CCAGTCC,TCCAGTCC,12,0,RAND,T,-0.023763724515536273,0.9563188116130251
C.CAGTCC,CACAGTCC,12,1,AFF,A,0.31422624108173897,1.5231028541143205e-15
C.CAGTCC,CACAGTCC,12,1,RAND,A,0.4101704834974688,0.2702103328292883
C.CAGTCC,CCCAGTCC,12,1,AFF,C,0.5381808414369036,1.2021005468423957e-58
C.CAGTCC,CCCAGTCC,12,1,RAND,C,0.4126144609220237,0.1768182349502685
C.CAGTCC,CGCAGTCC,12,1,AFF,G,0.6030138980382813,2.711952404241044e-23
C.CAGTCC,CGCAGTCC,12,1,RAND,G,0.6180635384428015,0.22782589792892005
C.CAGTCC,CTCAGTCC,12,1,AFF,T,0.21619156674218326,2.4762295838244552e-08
C.CAGTCC,CTCAGTCC,12,1,RAND,T,-0.023763724515536273,0.9563188116130251
CC.AGTCC,CCAAGTCC,12,2,AFF,A,0.31422624108173897,1.5231028541143205e-15
CC.AGTCC,CCAAGTCC,12,2,RAND,A,0.4101704834974688,0.2702103328292883
CC.AGTCC,CCCAGTCC,12,2,AFF,C,0.5381808414369036,1.2021005468423957e-58
CC.AGTCC,CCCAGTCC,12,2,RAND,C,0.4126144609220237,0.1768182349502685
CC.AGTCC,CCGAGTCC,12,2,AFF,G,0.6030138980382813,2.711952404241044e-23
CC.AGTCC,CCGAGTCC,12,2,RAND,G,0.6180635384428015,0.22782589792892005
CC.AGTCC,CCTAGTCC,12,2,AFF,T,0.21619156674218326,2.4762295838244552e-08
CC.AGTCC,CCTAGTCC,12,2,RAND,T,-0.023763724515536273,0.9563188116130251
CCC.GTCC,CCCAGTCC,12,3,AFF,A,0.31422624108173897,1.5231028541143205e-15
CCC.GTCC,CCCAGTCC,12,3,RAND,A,0.4101704834974688,0.2702103328292883
CCC.GTCC,CCCCGTCC,12,3,AFF,C,0.5381808414369036,1.2021005468423957e-58
CCC.GTCC,CCCCGTCC,12,3,RAND,C,0.4126144609220237,0.1768182349502685
CCC.GTCC,CCCGGTCC,12,3,AFF,G,0.6030138980382813,2.711952404241044e-23
CCC.GTCC,CCCGGTCC,12,3,RAND,G,0.6180635384428015,0.22782589792892005
CCC.GTCC,CCCTGTCC,12,3,AFF,T,0.21619156674218326,2.4762295838244552e-08
CCC.GTCC,CCCTGTCC,12,3,RAND,T,-0.023763724515536273,0.9563188116130251
CCCA.TCC,CCCAATCC,12,4,AFF,A,0.31422624108173897,1.5231028541143205e-15
CCCA.TCC,CCCAATCC,12,4,RAND,A,0.4101704834974688,0.2702103328292883
CCCA.TCC,CCCACTCC,12,4,AFF,C,0.5381808414369036,1.2021005468423957e-58
CCCA.TCC,CCCACTCC,12,4,RAND,C,0.4126144609220237,0.1768182349502685
CCCA.TCC,CCCAGTCC,12,4,AFF,G,0.6030138980382813,2.711952404241044e-23
CCCA.TCC,CCCAGTCC,12,4,RAND,G,0.6180635384428015,0.22782589792892005
CCCA.TCC,CCCATTCC,12,4,AFF,T,0.21619156674218326,2.4762295838244552e-08
CCCA.TCC,CCCATTCC,12,4,RAND,T,-0.023763724515536273,0.9563188116130251
CCCAG.CC,CCCAGACC,12,5,AFF,A,0.31422624108173897,1.5231028541143205e-15
CCCAG.CC,CCCAGACC,12,5,RAND,A,0.4101704834974688,0.2702103328292883
CCCAG.CC,CCCAGCCC,12,5,AFF,C,0.5381808414369036,1.2021005468423957e-58
CCCAG.CC,CCCAGCCC,12,5,RAND,C,0.4126144609220237,0.1768182349502685
CCCAG.CC,CCCAGGCC,12,5,AFF,G,0.6030138980382813,2.711952404241044e-23
CCCAG.CC,CCCAGGCC,12,5,RAND,G,0.6180635384428015,0.22782589792892005
CCCAG.CC,CCCAGTCC,12,5,AFF,T,0.21619156674218326,2.4762295838244552e-08
CCCAG.CC,CCCAGTCC,12,5,RAND,T,-0.023763724515536273,0.9563188116130251
CCCAGT.C,CCCAGTAC,12,6,AFF,A,0.31422624108173897,1.5231028541143205e-15
CCCAGT.C,CCCAGTAC,12,6,RAND,A,0.4101704834974688,0.2702103328292883
CCCAGT.C,CCCAGTCC,12,6,AFF,C,0.5381808414369036,1.2021005468423957e-58
CCCAGT.C,CCCAGTCC,12,6,RAND,C,0.4126144609220237,0.1768182349502685
CCCAGT.C,CCCAGTGC,12,6,AFF,G,0.6030138980382813,2.711952404241044e-23
CCCAGT.C,CCCAGTGC,12,6,RAND,G,0.6180635384428015,0.22782589792892005
CCCAGT.C,CCCAGTTC,12,6,AFF,T,0.21619156674218326,2.4762295838244552e-08
CCCAGT.C,CCCAGTTC,12,6,RAND,T,-0.023763724515536273,0.9563188116130251
CCCAGTC.,CCCAGTCA,12,7,AFF,A,0.31422624108173897,1.5231028541143205e-15
CCCAGTC.,CCCAGTCA,12,7,RAND,A,0.4101704834974688,0.2702103328292883
CCCAGTC.,CCCAGTCC,12,7,AFF,C,0.5381808414369036,1.2021005468423957e-58
CCCAGTC.,CCCAGTCC,12,7,RAND,C,0.4126144609220237,0.1768182349502685
CCCAGTC.,CCCAGTCG,12,7,AFF,G,0.6030138980382813,2.711952404241044e-23
CCCAGTC.,CCCAGTCG,12,7,RAND,G,0.6180635384428015,0.22782589792892005
CCCAGTC.,CCCAGTCT,12,7,AFF,T,0.21619156674218326,2.4762295838244552e-08
CCCAGTC.,CCCAGTCT,12,7,RAND,T,-0.023763724515536273,0.9563188116130251
.CAGTCCC,ACAGTCCC,13,0,AFF,A,0.11892052154429564,0.004153413594989964
.CAGTCCC,ACAGTCCC,13,0,RAND,A,0.8566757177053497,0.04888678605963305
.CAGTCCC,CCAGTCCC,13,0,AFF,C,0.47527771152309733,1.0603485537736657e-47
.CAGTCCC,CCAGTCCC,13,0,RAND,C,-0.23929240267798135,0.5894892235641279
.CAGTCCC,GCAGTCCC,13,0,AFF,G,1.098410354741386,5.389375165751856e-91
.CAGTCCC,GCAGTCCC,13,0,RAND,G,0.35231525999013724,0.5119271429126794
.CAGTCCC,TCAGTCCC,13,0,AFF,T,-0.007976129572097375,0.8313268823725667
.CAGTCCC,TCAGTCCC,13,0,RAND,T,0.21135672131228564,0.6005031646900763
C.AGTCCC,CAAGTCCC,13,1,AFF,A,0.11892052154429564,0.004153413594989964
C.AGTCCC,CAAGTCCC,13,1,RAND,A,0.8566757177053497,0.04888678605963305
C.AGTCCC,CCAGTCCC,13,1,AFF,C,0.47527771152309733,1.0603485537736657e-47
C.AGTCCC,CCAGTCCC,13,1,RAND,C,-0.23929240267798135,0.5894892235641279
C.AGTCCC,CGAGTCCC,13,1,AFF,G,1.098410354741386,5.389375165751856e-91
C.AGTCCC,CGAGTCCC,13,1,RAND,G,0.35231525999013724,0.5119271429126794
C.AGTCCC,CTAGTCCC,13,1,AFF,T,-0.007976129572097375,0.8313268823725667
C.AGTCCC,CTAGTCCC,13,1,RAND,T,0.21135672131228564,0.6005031646900763
CC.GTCCC,CCAGTCCC,13,2,AFF,A,0.11892052154429564,0.004153413594989964
CC.GTCCC,CCAGTCCC,13,2,RAND,A,0.8566757177053497,0.04888678605963305
CC.GTCCC,CCCGTCCC,13,2,AFF,C,0.47527771152309733,1.0603485537736657e-47
CC.GTCCC,CCCGTCCC,13,2,RAND,C,-0.23929240267798135,0.5894892235641279
CC.GTCCC,CCGGTCCC,13,2,AFF,G,1.098410354741386,5.389375165751856e-91
CC.GTCCC,CCGGTCCC,13,2,RAND,G,0.35231525999013724,0.5119271429126794
CC.GTCCC,CCTGTCCC,13,2,AFF,T,-0.007976129572097375,0.8313268823725667
CC.GTCCC,CCTGTCCC,13,2,RAND,T,0.21135672131228564,0.6005031646900763
CCA.TCCC,CCAATCCC,13,3,AFF,A,0.11892052154429564,0.004153413594989964
CCA.TCCC,CCAATCCC,13,3,RAND,A,0.8566757177053497,0.04888678605963305
CCA.TCCC,CCACTCCC,13,3,AFF,C,0.47527771152309733,1.0603485537736657e-47
CCA.TCCC,CCACTCCC,13,3,RAND,C,-0.23929240267798135,0.5894892235641279
CCA.TCCC,CCAGTCCC,13,3,AFF,G,1.098410354741386,5.389375165751856e-91
CCA.TCCC,CCAGTCCC,13,3,RAND,G,0.35231525999013724,0.5119271429126794
CCA.TCCC,CCATTCCC,13,3,AFF,T,-0.007976129572097375,0.8313268823725667
CCA.TCCC,CCATTCCC,13,3,RAND,T,0.21135672131228564,0.6005031646900763
CCAG.CCC,CCAGACCC,13,4,AFF,A,0.11892052154429564,0.004153413594989964
CCAG.CCC,CCAGACCC,13,4,RAND,A,0.8566757177053497,0.04888678605963305
CCAG.CCC,CCAGCCCC,13,4,AFF,C,0.47527771152309733,1.0603485537736657e-47
CCAG.CCC,CCAGCCCC,13,4,RAND,C,-0.23929240267798135,0.5894892235641279
CCAG.CCC,CCAGGCCC,13,4,AFF,G,1.098410354741386,5.389375165751856e-91
CCAG.CCC,CCAGGCCC,13,4,RAND,G,0.35231525999013724,0.5119271429126794
CCAG.CCC,CCAGTCCC,13,4,AFF,T,-0.007976129572097375,0.8313268823725667
CCAG.CCC,CCAGTCCC,13,4,RAND,T,0.21135672131228564,0.6005031646900763
CCAGT.CC,CCAGTACC,13,5,AFF,A,0.11892052154429564,0.004153413594989964
CCAGT.CC,CCAGTACC,13,5,RAND,A,0.8566757177053497,0.04888678605963305
CCAGT.CC,CCAGTCCC,13,5,AFF,C,0.47527771152309733,1.0603485537736657e-47
CCAGT.CC,CCAGTCCC,13,5,RAND,C,-0.23929240267798135,0.5894892235641279
CCAGT.CC,CCAGTGCC,13,5,AFF,G,1.098410354741386,5.389375165751856e-91
CCAGT.CC,CCAGTGCC,13,5,RAND,G,0.35231525999013724,0.5119271429126794
CCAGT.CC,CCAGTTCC,13,5,AFF,T,-0.007976129572097375,0.8313268823725667
CCAGT.CC,CCAGTTCC,13,5,RAND,T,0.21135672131228564,0.6005031646900763
CCAGTC.C,CCAGTCAC,13,6,AFF,A,0.11892052154429564,0.004153413594989964
CCAGTC.C,CCAGTCAC,13,6,RAND,A,0.8566757177053497,0.04888678605963305
CCAGTC.C,CCAGTCCC,13,6,AFF,C,0.47527771152309733,1.0603485537736657e-47
CCAGTC.C,CCAGTCCC,13,6,RAND,C,-0.23929240267798135,0.5894892235641279
CCAGTC.C,CCAGTCGC,13,6,AFF,G,1.098410354741386,5.389375165751856e-91
CCAGTC.C,CCAGTCGC,13,6,RAND,G,0.35231525999013724,0.5119271429126794
CCAGTC.C,CCAGTCTC,13,6,AFF,T,-0.007976129572097375,0.8313268823725667
CCAGTC.C,CCAGTCTC,13,6,RAND,T,0.21135672131228564,0.6005031646900763
CCAGTCC.,CCAGTCCA,13,7,AFF,A,0.11892052154429564,0.004153413594989964
CCAGTCC.,CCAGTCCA,13,7,RAND,A,0.8566757177053497,0.04888678605963305
CCAGTCC.,CCAGTCCC,13,7,AFF,C,0.47527771152309733,1.0603485537736657e-47
CCAGTCC.,CCAGTCCC,13,7,RAND,C,-0.23929240267798135,0.5894892235641279
CCAGTCC.,CCAGTCCG,13,7,AFF,G,1.098410354741386,5.389375165751856e-91
CCAGTCC.,CCAGTCCG,13,7,RAND,G,0.35231525999013724,0.5119271429126794
CCAGTCC.,CCAGTCCT,13,7,AFF,T,-0.007976129572097375,0.8313268823725667
CCAGTCC.,CCAGTCCT,13,7,RAND,T,0.21135672131228564,0.6005031646900763
.AGTCCCT,AAGTCCCT,14,0,AFF,A,0.14780234472027848,4.7194509532567264e-05
.AGTCCCT,AAGTCCCT,14,0,RAND,A,-1.1627915985257509,0.033192810225699636
.AGTCCCT,CAGTCCCT,14,0,AFF,C,0.3214396138875462,2.3749867800942377e-22
.AGTCCCT,CAGTCCCT,14,0,RAND,C,1.0448270730056735,0.0060107096153070565
.AGTCCCT,GAGTCCCT,14,0,AFF,G,0.812270245854206,2.9029229659189756e-77
.AGTCCCT,GAGTCCCT,14,0,RAND,G,0.974373831116881,0.05438361800719611
.AGTCCCT,TAGTCCCT,14,0,AFF,T,0.19163865079828157,2.9566407816588564e-08
.AGTCCCT,TAGTCCCT,14,0,RAND,T,-0.6406751871626275,0.08638054971301411
C.GTCCCT,CAGTCCCT,14,1,AFF,A,0.14780234472027848,4.7194509532567264e-05
C.GTCCCT,CAGTCCCT,14,1,RAND,A,-1.1627915985257509,0.033192810225699636
C.GTCCCT,CCGTCCCT,14,1,AFF,C,0.3214396138875462,2.3749867800942377e-22
C.GTCCCT,CCGTCCCT,14,1,RAND,C,1.0448270730056735,0.0060107096153070565
C.GTCCCT,CGGTCCCT,14,1,AFF,G,0.812270245854206,2.9029229659189756e-77
C.GTCCCT,CGGTCCCT,14,1,RAND,G,0.974373831116881,0.05438361800719611
C.GTCCCT,CTGTCCCT,14,1,AFF,T,0.19163865079828157,2.9566407816588564e-08
C.GTCCCT,CTGTCCCT,14,1,RAND,T,-0.6406751871626275,0.08638054971301411
CA.TCCCT,CAATCCCT,14,2,AFF,A,0.14780234472027848,4.7194509532567264e-05
CA.TCCCT,CAATCCCT,14,2,RAND,A,-1.1627915985257509,0.033192810225699636
CA.TCCCT,CACTCCCT,14,2,AFF,C,0.3214396138875462,2.3749867800942377e-22
CA.TCCCT,CACTCCCT,14,2,RAND,C,1.0448270730056735,0.0060107096153070565
CA.TCCCT,CAGTCCCT,14,2,AFF,G,0.812270245854206,2.9029229659189756e-77
CA.TCCCT,CAGTCCCT,14,2,RAND,G,0.974373831116881,0.05438361800719611
CA.TCCCT,CATTCCCT,14,2,AFF,T,0.19163865079828157,2.9566407816588564e-08
CA.TCCCT,CATTCCCT,14,2,RAND,T,-0.6406751871626275,0.08638054971301411
CAG.CCCT,CAGACCCT,14,3,AFF,A,0.14780234472027848,4.7194509532567264e-05
CAG.CCCT,CAGACCCT,14,3,RAND,A,-1.1627915985257509,0.033192810225699636
CAG.CCCT,CAGCCCCT,14,3,AFF,C,0.3214396138875462,2.3749867800942377e-22
CAG.CCCT,CAGCCCCT,14,3,RAND,C,1.0448270730056735,0.0060107096153070565
CAG.CCCT,CAGGCCCT,14,3,AFF,G,0.812270245854206,2.9029229659189756e-77
CAG.CCCT,CAGGCCCT,14,3,RAND,G,0.974373831116881,0.05438361800719611
CAG.CCCT,CAGTCCCT,14,3,AFF,T,0.19163865079828157,2.9566407816588564e-08
CAG.CCCT,CAGTCCCT,14,3,RAND,T,-0.6406751871626275,0.08638054971301411
CAGT.CCT,CAGTACCT,14,4,AFF,A,0.14780234472027848,4.7194509532567264e-05
CAGT.CCT,CAGTACCT,14,4,RAND,A,-1.1627915985257509,0.033192810225699636
CAGT.CCT,CAGTCCCT,14,4,AFF,C,0.3214396138875462,2.3749867800942377e-22
CAGT.CCT,CAGTCCCT,14,4,RAND,C,1.0448270730056735,0.0060107096153070565
CAGT.CCT,CAGTGCCT,14,4,AFF,G,0.812270245854206,2.9029229659189756e-77
CAGT.CCT,CAGTGCCT,14,4,RAND,G,0.974373831116881,0.05438361800719611
CAGT.CCT,CAGTTCCT,14,4,AFF,T,0.19163865079828157,2.9566407816588564e-08
CAGT.CCT,CAGTTCCT,14,4,RAND,T,-0.6406751871626275,0.08638054971301411
CAGTC.CT,CAGTCACT,14,5,AFF,A,0.14780234472027848,4.7194509532567264e-05
CAGTC.CT,CAGTCACT,14,5,RAND,A,-1.1627915985257509,0.033192810225699636
CAGTC.CT,CAGTCCCT,14,5,AFF,C,0.3214396138875462,2.3749867800942377e-22
CAGTC.CT,CAGTCCCT,14,5,RAND,C,1.0448270730056735,0.0060107096153070565
CAGTC.CT,CAGTCGCT,14,5,AFF,G,0.812270245854206,2.9029229659189756e-77
CAGTC.CT,CAGTCGCT,14,5,RAND,G,0.974373831116881,0.05438361800719611
CAGTC.CT,CAGTCTCT,14,5,AFF,T,0.19163865079828157,2.9566407816588564e-08
CAGTC.CT,CAGTCTCT,14,5,RAND,T,-0.6406751871626275,0.08638054971301411
CAGTCC.T,CAGTCCAT,14,6,AFF,A,0.14780234472027848,4.7194509532567264e-05
CAGTCC.T,CAGTCCAT,14,6,RAND,A,-1.1627915985257509,0.033192810225699636
CAGTCC.T,CAGTCCCT,14,6,AFF,C,0.3214396138875462,2.3749867800942377e-22
CAGTCC.T,CAGTCCCT,14,6,RAND,C,1.0448270730056735,0.0060107096153070565
CAGTCC.T,CAGTCCGT,14,6,AFF,G,0.812270245854206,2.9029229659189756e-77
CAGTCC.T,CAGTCCGT,14,6,RAND,G,0.974373831116881,0.05438361800719611
CAGTCC.T,CAGTCCTT,14,6,AFF,T,0.19163865079828157,2.9566407816588564e-08
CAGTCC.T,CAGTCCTT,14,6,RAND,T,-0.6406751871626275,0.08638054971301411
CAGTCCC.,CAGTCCCA,14,7,AFF,A,0.14780234472027848,4.7194509532567264e-05
CAGTCCC.,CAGTCCCA,14,7,RAND,A,-1.1627915985257509,0.033192810225699636
CAGTCCC.,CAGTCCCC,14,7,AFF,C,0.3214396138875462,2.3749867800942377e-22
CAGTCCC.,CAGTCCCC,14,7,RAND,C,1.0448270730056735,0.0060107096153070565
CAGTCCC.,CAGTCCCG,14,7,AFF,G,0.812270245854206,2.9029229659189756e-77
CAGTCCC.,CAGTCCCG,14,7,RAND,G,0.974373831116881,0.05438361800719611
CAGTCCC.,CAGTCCCT,14,7,AFF,T,0.19163865079828157,2.9566407816588564e-08
CAGTCCC.,CAGTCCCT,14,7,RAND,T,-0.6406751871626275,0.08638054971301411
.GTCCCTC,AGTCCCTC,15,0,AFF,A,0.5402233879271267,1.4625671674747393e-23
.GTCCCTC,AGTCCCTC,15,0,RAND,A,0.28856148246970625,0.4861320865719979
.GTCCCTC,CGTCCCTC,15,0,AFF,C,0.5161264972942603,1.0490791800154937e-37
.GTCCCTC,CGTCCCTC,15,0,RAND,C,0.6186917123046851,0.1716736694568154
.GTCCCTC,GGTCCCTC,15,0,AFF,G,0.34034054358502386,2.350549470431679e-22
.GTCCCTC,GGTCCCTC,15,0,RAND,G,0.900785350739031,0.01100474002830054
.GTCCCTC,TGTCCCTC,15,0,AFF,T,0.14216867877433234,0.0027353767537093973
.GTCCCTC,TGTCCCTC,15,0,RAND,T,0.4472483536055559,0.3818983495690408
A.TCCCTC,AATCCCTC,15,1,AFF,A,0.5402233879271267,1.4625671674747393e-23
A.TCCCTC,AATCCCTC,15,1,RAND,A,0.28856148246970625,0.4861320865719979
A.TCCCTC,ACTCCCTC,15,1,AFF,C,0.5161264972942603,1.0490791800154937e-37
A.TCCCTC,ACTCCCTC,15,1,RAND,C,0.6186917123046851,0.1716736694568154
A.TCCCTC,AGTCCCTC,15,1,AFF,G,0.34034054358502386,2.350549470431679e-22
A.TCCCTC,AGTCCCTC,15,1,RAND,G,0.900785350739031,0.01100474002830054
A.TCCCTC,ATTCCCTC,15,1,AFF,T,0.14216867877433234,0.0027353767537093973
A.TCCCTC,ATTCCCTC,15,1,RAND,T,0.4472483536055559,0.3818983495690408
AG.CCCTC,AGACCCTC,15,2,AFF,A,0.5402233879271267,1.4625671674747393e-23
AG.CCCTC,AGACCCTC,15,2,RAND,A,0.28856148246970625,0.4861320865719979
AG.CCCTC,AGCCCCTC,15,2,AFF,C,0.5161264972942603,1.0490791800154937e-37
AG.CCCTC,AGCCCCTC,15,2,RAND,C,0.6186917123046851,0.1716736694568154
AG.CCCTC,AGGCCCTC,15,2,AFF,G,0.34034054358502386,2.350549470431679e-22
AG.CCCTC,AGGCCCTC,15,2,RAND,G,0.900785350739031,0.01100474002830054
AG.CCCTC,AGTCCCTC,15,2,AFF,T,0.14216867877433234,0.0027353767537093973
AG.CCCTC,AGTCCCTC,15,2,RAND,T,0.4472483536055559,0.3818983495690408
AGT.CCTC,AGTACCTC,15,3,AFF,A,0.5402233879271267,1.4625671674747393e-23
AGT.CCTC,AGTACCTC,15,3,RAND,A,0.28856148246970625,0.4861320865719979
AGT.CCTC,AGTCCCTC,15,3,AFF,C,0.5161264972942603,1.0490791800154937e-37
AGT.CCTC,AGTCCCTC,15,3,RAND,C,0.6186917123046851,0.1716736694568154
AGT.CCTC,AGTGCCTC,15,3,AFF,G,0.34034054358502386,2.350549470431679e-22
AGT.CCTC,AGTGCCTC,15,3,RAND,G,0.900785350739031,0.01100474002830054
AGT.CCTC,AGTTCCTC,15,3,AFF,T,0.14216867877433234,0.0027353767537093973
AGT.CCTC,AGTTCCTC,15,3,RAND,T,0.4472483536055559,0.3818983495690408
AGTC.CTC,AGTCACTC,15,4,AFF,A,0.5402233879271267,1.4625671674747393e-23
AGTC.CTC,AGTCACTC,15,4,RAND,A,0.28856148246970625,0.4861320865719979
AGTC.CTC,AGTCCCTC,15,4,AFF,C,0.5161264972942603,1.0490791800154937e-37
AGTC.CTC,AGTCCCTC,15,4,RAND,C,0.6186917123046851,0.1716736694568154
AGTC.CTC,AGTCGCTC,15,4,AFF,G,0.34034054358502386,2.350549470431679e-22
AGTC.CTC,AGTCGCTC,15,4,RAND,G,0.900785350739031,0.01100474002830054
AGTC.CTC,AGTCTCTC,15,4,AFF,T,0.14216867877433234,0.0027353767537093973
AGTC.CTC,AGTCTCTC,15,4,RAND,T,0.4472483536055559,0.3818983495690408
AGTCC.TC,AGTCCATC,15,5,AFF,A,0.5402233879271267,1.4625671674747393e-23
AGTCC.TC,AGTCCATC,15,5,RAND,A,0.28856148246970625,0.4861320865719979
AGTCC.TC,AGTCCCTC,15,5,AFF,C,0.5161264972942603,1.0490791800154937e-37
AGTCC.TC,AGTCCCTC,15,5,RAND,C,0.6186917123046851,0.1716736694568154
AGTCC.TC,AGTCCGTC,15,5,AFF,G,0.34034054358502386,2.350549470431679e-22
AGTCC.TC,AGTCCGTC,15,5,RAND,G,0.900785350739031,0.01100474002830054
AGTCC.TC,AGTCCTTC,15,5,AFF,T,0.14216867877433234,0.0027353767537093973
AGTCC.TC,AGTCCTTC,15,5,RAND,T,0.4472483536055559,0.3818983495690408
AGTCCC.C,AGTCCCAC,15,6,AFF,A,0.5402233879271267,1.4625671674747393e-23
AGTCCC.C,AGTCCCAC,15,6,RAND,A,0.28856148246970625,0.4861320865719979
AGTCCC.C,AGTCCCCC,15,6,AFF,C,0.5161264972942603,1.0490791800154937e-37
AGTCCC.C,AGTCCCCC,15,6,RAND,C,0.6186917123046851,0.1716736694568154
AGTCCC.C,AGTCCCGC,15,6,AFF,G,0.34034054358502386,2.350549470431679e-22
AGTCCC.C,AGTCCCGC,15,6,RAND,G,0.900785350739031,0.01100474002830054
AGTCCC.C,AGTCCCTC,15,6,AFF,T,0.14216867877433234,0.0027353767537093973
AGTCCC.C,AGTCCCTC,15,6,RAND,T,0.4472483536055559,0.3818983495690408
AGTCCCT.,AGTCCCTA,15,7,AFF,A,0.5402233879271267,1.4625671674747393e-23
AGTCCCT.,AGTCCCTA,15,7,RAND,A,0.28856148246970625,0.4861320865719979
AGTCCCT.,AGTCCCTC,15,7,AFF,C,0.5161264972942603,1.0490791800154937e-37
AGTCCCT.,AGTCCCTC,15,7,RAND,C,0.6186917123046851,0.1716736694568154
AGTCCCT.,AGTCCCTG,15,7,AFF,G,0.34034054358502386,2.350549470431679e-22
AGTCCCT.,AGTCCCTG,15,7,RAND,G,0.900785350739031,0.01100474002830054
AGTCCCT.,AGTCCCTT,15,7,AFF,T,0.14216867877433234,0.0027353767537093973
AGTCCCT.,AGTCCCTT,15,7,RAND,T,0.4472483536055559,0.3818983495690408
.TCCCTCC,ATCCCTCC,16,0,AFF,A,0.2441300794258701,4.421960648760442e-08
.TCCCTCC,ATCCCTCC,16,0,RAND,A,-0.09832425294130548,0.8500965351552474
.TCCCTCC,CTCCCTCC,16,0,AFF,C,0.43495219140310815,1.5692055118833263e-40
.TCCCTCC,CTCCCTCC,16,0,RAND,C,0.23311481449222216,0.5264016619456817
.TCCCTCC,GTCCCTCC,16,0,AFF,G,0.6484218633650323,1.1465151204334609e-30
.TCCCTCC,GTCCCTCC,16,0,RAND,G,1.0878928190406065,0.22613007417652775
.TCCCTCC,TTCCCTCC,16,0,AFF,T,0.23417691666386942,1.3499576450549654e-09
.TCCCTCC,TTCCCTCC,16,0,RAND,T,0.08863018981815318,0.875552692006622
G.CCCTCC,GACCCTCC,16,1,AFF,A,0.2441300794258701,4.421960648760442e-08
G.CCCTCC,GACCCTCC,16,1,RAND,A,-0.09832425294130548,0.8500965351552474
G.CCCTCC,GCCCCTCC,16,1,AFF,C,0.43495219140310815,1.5692055118833263e-40
G.CCCTCC,GCCCCTCC,16,1,RAND,C,0.23311481449222216,0.5264016619456817
G.CCCTCC,GGCCCTCC,16,1,AFF,G,0.6484218633650323,1.1465151204334609e-30
G.CCCTCC,GGCCCTCC,16,1,RAND,G,1.0878928190406065,0.22613007417652775
G.CCCTCC,GTCCCTCC,16,1,AFF,T,0.23417691666386942,1.3499576450549654e-09
G.CCCTCC,GTCCCTCC,16,1,RAND,T,0.08863018981815318,0.875552692006622
GT.CCTCC,GTACCTCC,16,2,AFF,A,0.2441300794258701,4.421960648760442e-08
GT.CCTCC,GTACCTCC,16,2,RAND,A,-0.09832425294130548,0.8500965351552474
GT.CCTCC,GTCCCTCC,16,2,AFF,C,0.43495219140310815,1.5692055118833263e-40
GT.CCTCC,GTCCCTCC,16,2,RAND,C,0.23311481449222216,0.5264016619456817
GT.CCTCC,GTGCCTCC,16,2,AFF,G,0.6484218633650323,1.1465151204334609e-30
GT.CCTCC,GTGCCTCC,16,2,RAND,G,1.0878928190406065,0.22613007417652775
GT.CCTCC,GTTCCTCC,16,2,AFF,T,0.23417691666386942,1.3499576450549654e-09
GT.CCTCC,GTTCCTCC,16,2,RAND,T,0.08863018981815318,0.875552692006622
GTC.CTCC,GTCACTCC,16,3,AFF,A,0.2441300794258701,4.421960648760442e-08
GTC.CTCC,GTCACTCC,16,3,RAND,A,-0.09832425294130548,0.8500965351552474
GTC.CTCC,GTCCCTCC,16,3,AFF,C,0.43495219140310815,1.5692055118833263e-40
GTC.CTCC,GTCCCTCC,16,3,RAND,C,0.23311481449222216,0.5264016619456817
GTC.CTCC,GTCGCTCC,16,3,AFF,G,0.6484218633650323,1.1465151204334609e-30
GTC.CTCC,GTCGCTCC,16,3,RAND,G,1.0878928190406065,0.22613007417652775
GTC.CTCC,GTCTCTCC,16,3,AFF,T,0.23417691666386942,1.3499576450549654e-09
GTC.CTCC,GTCTCTCC,16,3,RAND,T,0.08863018981815318,0.875552692006622
GTCC.TCC,GTCCATCC,16,4,AFF,A,0.2441300794258701,4.421960648760442e-08
GTCC.TCC,GTCCATCC,16,4,RAND,A,-0.09832425294130548,0.8500965351552474
GTCC.TCC,GTCCCTCC,16,4,AFF,C,0.43495219140310815,1.5692055118833263e-40
GTCC.TCC,GTCCCTCC,16,4,RAND,C,0.23311481449222216,0.5264016619456817
GTCC.TCC,GTCCGTCC,16,4,AFF,G,0.6484218633650323,1.1465151204334609e-30
GTCC.TCC,GTCCGTCC,16,4,RAND,G,1.0878928190406065,0.22613007417652775
GTCC.TCC,GTCCTTCC,16,4,AFF,T,0.23417691666386942,1.3499576450549654e-09
GTCC.TCC,GTCCTTCC,16,4,RAND,T,0.08863018981815318,0.875552692006622
GTCCC.CC,GTCCCACC,16,5,AFF,A,0.2441300794258701,4.421960648760442e-08
GTCCC.CC,GTCCCACC,16,5,RAND,A,-0.09832425294130548,0.8500965351552474
GTCCC.CC,GTCCCCCC,16,5,AFF,C,0.43495219140310815,1.5692055118833263e-40
GTCCC.CC,GTCCCCCC,16,5,RAND,C,0.23311481449222216,0.5264016619456817
GTCCC.CC,GTCCCGCC,16,5,AFF,G,0.6484218633650323,1.1465151204334609e-30
GTCCC.CC,GTCCCGCC,16,5,RAND,G,1.0878928190406065,0.22613007417652775
GTCCC.CC,GTCCCTCC,16,5,AFF,T,0.23417691666386942,1.3499576450549654e-09
GTCCC.CC,GTCCCTCC,16,5,RAND,T,0.08863018981815318,0.875552692006622
GTCCCT.C,GTCCCTAC,16,6,AFF,A,0.2441300794258701,4.421960648760442e-08
GTCCCT.C,GTCCCTAC,16,6,RAND,A,-0.09832425294130548,0.8500965351552474
GTCCCT.C,GTCCCTCC,16,6,AFF,C,0.43495219140310815,1.5692055118833263e-40
GTCCCT.C,GTCCCTCC,16,6,RAND,C,0.23311481449222216,0.5264016619456817
GTCCCT.C,GTCCCTGC,16,6,AFF,G,0.6484218633650323,1.1465151204334609e-30
GTCCCT.C,GTCCCTGC,16,6,RAND,G,1.0878928190406065,0.22613007417652775
GTCCCT.C,GTCCCTTC,16,6,AFF,T,0.23417691666386942,1.3499576450549654e-09
GTCCCT.C,GTCCCTTC,16,6,RAND,T,0.08863018981815318,0.875552692006622
GTCCCTC.,GTCCCTCA,16,7,AFF,A,0.2441300794258701,4.421960648760442e-08
GTCCCTC.,GTCCCTCA,16,7,RAND,A,-0.09832425294130548,0.8500965351552474
GTCCCTC.,GTCCCTCC,16,7,AFF,C,0.43495219140310815,1.5692055118833263e-40
GTCCCTC.,GTCCCTCC,16,7,RAND,C,0.23311481449222216,0.5264016619456817
GTCCCTC.,GTCCCTCG,16,7,AFF,G,0.6484218633650323,1.1465151204334609e-30
GTCCCTC.,GTCCCTCG,16,7,RAND,G,1.0878928190406065,0.22613007417652775
GTCCCTC.,GTCCCTCT,16,7,AFF,T,0.23417691666386942,1.3499576450549654e-09
GTCCCTC.,GTCCCTCT,16,7,RAND,T,0.08863018981815318,0.875552692006622
.CCCTCCG,ACCCTCCG,17,0,AFF,A,0.11971569804038552,1.561042533536731e-05
.CCCTCCG,ACCCTCCG,17,0,RAND,A,-0.1563963880686861,0.6028163251967185
.CCCTCCG,CCCCTCCG,17,0,AFF,C,0.3452223802296689,5.452105175460839e-65
.CCCTCCG,CCCCTCCG,17,0,RAND,C,0.20122963336163924,0.39418748484803057
.CCCTCCG,GCCCTCCG,17,0,AFF,G,0.7820436883862243,2.3703911635214613e-112
.CCCTCCG,GCCCTCCG,17,0,RAND,G,1.7043312651684053,0.00010184821495803567
.CCCTCCG,TCCCTCCG,17,0,AFF,T,0.20064662818114343,1.016817689740518e-15
.CCCTCCG,TCCCTCCG,17,0,RAND,T,-0.24862261233278832,0.47143264770923865
T.CCTCCG,TACCTCCG,17,1,AFF,A,0.11971569804038552,1.561042533536731e-05
T.CCTCCG,TACCTCCG,17,1,RAND,A,-0.1563963880686861,0.6028163251967185
T.CCTCCG,TCCCTCCG,17,1,AFF,C,0.3452223802296689,5.452105175460839e-65
T.CCTCCG,TCCCTCCG,17,1,RAND,C,0.20122963336163924,0.39418748484803057
T.CCTCCG,TGCCTCCG,17,1,AFF,G,0.7820436883862243,2.3703911635214613e-112
T.CCTCCG,TGCCTCCG,17,1,RAND,G,1.7043312651684053,0.00010184821495803567
T.CCTCCG,TTCCTCCG,17,1,AFF,T,0.20064662818114343,1.016817689740518e-15
T.CCTCCG,TTCCTCCG,17,1,RAND,T,-0.24862261233278832,0.47143264770923865
TC.CTCCG,TCACTCCG,17,2,AFF,A,0.11971569804038552,1.561042533536731e-05
TC.CTCCG,TCACTCCG,17,2,RAND,A,-0.1563963880686861,0.6028163251967185
TC.CTCCG,TCCCTCCG,17,2,AFF,C,0.3452223802296689,5.452105175460839e-65
TC.CTCCG,TCCCTCCG,17,2,RAND,C,0.20122963336163924,0.39418748484803057
TC.CTCCG,TCGCTCCG,17,2,AFF,G,0.7820436883862243,2.3703911635214613e-112
TC.CTCCG,TCGCTCCG,17,2,RAND,G,1.7043312651684053,0.00010184821495803567
TC.CTCCG,TCTCTCCG,17,2,AFF,T,0.20064662818114343,1.016817689740518e-15
TC.CTCCG,TCTCTCCG,17,2,RAND,T,-0.24862261233278832,0.47143264770923865
TCC.TCCG,TCCATCCG,17,3,AFF,A,0.11971569804038552,1.561042533536731e-05
TCC.TCCG,TCCATCCG,17,3,RAND,A,-0.1563963880686861,0.6028163251967185
TCC.TCCG,TCCCTCCG,17,3,AFF,C,0.3452223802296689,5.452105175460839e-65
TCC.TCCG,TCCCTCCG,17,3,RAND,C,0.20122963336163924,0.39418748484803057
TCC.TCCG,TCCGTCCG,17,3,AFF,G,0.7820436883862243,2.3703911635214613e-112
TCC.TCCG,TCCGTCCG,17,3,RAND,G,1.7043312651684053,0.00010184821495803567
TCC.TCCG,TCCTTCCG,17,3,AFF,T,0.20064662818114343,1.016817689740518e-15
TCC.TCCG,TCCTTCCG,17,3,RAND,T,-0.24862261233278832,0.47143264770923865
TCCC.CCG,TCCCACCG,17,4,AFF,A,0.11971569804038552,1.561042533536731e-05
TCCC.CCG,TCCCACCG,17,4,RAND,A,-0.1563963880686861,0.6028163251967185
TCCC.CCG,TCCCCCCG,17,4,AFF,C,0.3452223802296689,5.452105175460839e-65
TCCC.CCG,TCCCCCCG,17,4,RAND,C,0.20122963336163924,0.39418748484803057
TCCC.CCG,TCCCGCCG,17,4,AFF,G,0.7820436883862243,2.3703911635214613e-112
TCCC.CCG,TCCCGCCG,17,4,RAND,G,1.7043312651684053,0.00010184821495803567
TCCC.CCG,TCCCTCCG,17,4,AFF,T,0.20064662818114343,1.016817689740518e-15
TCCC.CCG,TCCCTCCG,17,4,RAND,T,-0.24862261233278832,0.47143264770923865
TCCCT.CG,TCCCTACG,17,5,AFF,A,0.11971569804038552,1.561042533536731e-05
TCCCT.CG,TCCCTACG,17,5,RAND,A,-0.1563963880686861,0.6028163251967185
TCCCT.CG,TCCCTCCG,17,5,AFF,C,0.3452223802296689,5.452105175460839e-65
TCCCT.CG,TCCCTCCG,17,5,RAND,C,0.20122963336163924,0.39418748484803057
TCCCT.CG,TCCCTGCG,17,5,AFF,G,0.7820436883862243,2.3703911635214613e-112
TCCCT.CG,TCCCTGCG,17,5,RAND,G,1.7043312651684053,0.00010184821495803567
TCCCT.CG,TCCCTTCG,17,5,AFF,T,0.20064662818114343,1.016817689740518e-15
TCCCT.CG,TCCCTTCG,17,5,RAND,T,-0.24862261233278832,0.47143264770923865
TCCCTC.G,TCCCTCAG,17,6,AFF,A,0.11971569804038552,1.561042533536731e-05
TCCCTC.G,TCCCTCAG,17,6,RAND,A,-0.1563963880686861,0.6028163251967185
TCCCTC.G,TCCCTCCG,17,6,AFF,C,0.3452223802296689,5.452105175460839e-65
TCCCTC.G,TCCCTCCG,17,6,RAND,C,0.20122963336163924,0.39418748484803057
TCCCTC.G,TCCCTCGG,17,6,AFF,G,0.7820436883862243,2.3703911635214613e-112
TCCCTC.G,TCCCTCGG,17,6,RAND,G,1.7043312651684053,0.00010184821495803567
TCCCTC.G,TCCCTCTG,17,6,AFF,T,0.20064662818114343,1.016817689740518e-15
TCCCTC.G,TCCCTCTG,17,6,RAND,T,-0.24862261233278832,0.47143264770923865
TCCCTCC.,TCCCTCCA,17,7,AFF,A,0.11971569804038552,1.561042533536731e-05
TCCCTCC.,TCCCTCCA,17,7,RAND,A,-0.1563963880686861,0.6028163251967185
TCCCTCC.,TCCCTCCC,17,7,AFF,C,0.3452223802296689,5.452105175460839e-65
TCCCTCC.,TCCCTCCC,17,7,RAND,C,0.20122963336163924,0.39418748484803057
TCCCTCC.,TCCCTCCG,17,7,AFF,G,0.7820436883862243,2.3703911635214613e-112
TCCCTCC.,TCCCTCCG,17,7,RAND,G,1.7043312651684053,0.00010184821495803567
TCCCTCC.,TCCCTCCT,17,7,AFF,T,0.20064662818114343,1.016817689740518e-15
TCCCTCC.,TCCCTCCT,17,7,RAND,T,-0.24862261233278832,0.47143264770923865
.CCTCCGC,ACCTCCGC,18,0,AFF,A,0.510670407614515,4.082149130429607e-24
.CCTCCGC,ACCTCCGC,18,0,RAND,A,0.5215569195685043,0.4107384155938829
.CCTCCGC,CCCTCCGC,18,0,AFF,C,0.5776375258029829,8.288701604897053e-76
.CCTCCGC,CCCTCCGC,18,0,RAND,C,0.5037635381465063,0.16470265058377875
.CCTCCGC,GCCTCCGC,18,0,AFF,G,0.6683852756360401,1.424599365878098e-79
.CCTCCGC,GCCTCCGC,18,0,RAND,G,0.34655429707032925,0.30934419778077227
.CCTCCGC,TCCTCCGC,18,0,AFF,T,0.31103458368554127,6.98577513016811e-11
.CCTCCGC,TCCTCCGC,18,0,RAND,T,0.7033892343578978,0.12663510120441546
C.CTCCGC,CACTCCGC,18,1,AFF,A,0.510670407614515,4.082149130429607e-24
C.CTCCGC,CACTCCGC,18,1,RAND,A,0.5215569195685043,0.4107384155938829
C.CTCCGC,CCCTCCGC,18,1,AFF,C,0.5776375258029829,8.288701604897053e-76
C.CTCCGC,CCCTCCGC,18,1,RAND,C,0.5037635381465063,0.16470265058377875
C.CTCCGC,CGCTCCGC,18,1,AFF,G,0.6683852756360401,1.424599365878098e-79
C.CTCCGC,CGCTCCGC,18,1,RAND,G,0.34655429707032925,0.30934419778077227
C.CTCCGC,CTCTCCGC,18,1,AFF,T,0.31103458368554127,6.98577513016811e-11
C.CTCCGC,CTCTCCGC,18,1,RAND,T,0.7033892343578978,0.12663510120441546
CC.TCCGC,CCATCCGC,18,2,AFF,A,0.510670407614515,4.082149130429607e-24
CC.TCCGC,CCATCCGC,18,2,RAND,A,0.5215569195685043,0.4107384155938829
CC.TCCGC,CCCTCCGC,18,2,AFF,C,0.5776375258029829,8.288701604897053e-76
CC.TCCGC,CCCTCCGC,18,2,RAND,C,0.5037635381465063,0.16470265058377875
CC.TCCGC,CCGTCCGC,18,2,AFF,G,0.6683852756360401,1.424599365878098e-79
CC.TCCGC,CCGTCCGC,18,2,RAND,G,0.34655429707032925,0.30934419778077227
CC.TCCGC,CCTTCCGC,18,2,AFF,T,0.31103458368554127,6.98577513016811e-11
CC.TCCGC,CCTTCCGC,18,2,RAND,T,0.7033892343578978,0.12663510120441546
CCC.CCGC,CCCACCGC,18,3,AFF,A,0.510670407614515,4.082149130429607e-24
CCC.CCGC,CCCACCGC,18,3,RAND,A,0.5215569195685043,0.4107384155938829
CCC.CCGC,CCCCCCGC,18,3,AFF,C,0.5776375258029829,8.288701604897053e-76
CCC.CCGC,CCCCCCGC,18,3,RAND,C,0.5037635381465063,0.16470265058377875
CCC.CCGC,CCCGCCGC,18,3,AFF,G,0.6683852756360401,1.424599365878098e-79
CCC.CCGC,CCCGCCGC,18,3,RAND,G,0.34655429707032925,0.30934419778077227
CCC.CCGC,CCCTCCGC,18,3,AFF,T,0.31103458368554127,6.98577513016811e-11
CCC.CCGC,CCCTCCGC,18,3,RAND,T,0.7033892343578978,0.12663510120441546
CCCT.CGC,CCCTACGC,18,4,AFF,A,0.510670407614515,4.082149130429607e-24
CCCT.CGC,CCCTACGC,18,4,RAND,A,0.5215569195685043,0.4107384155938829
CCCT.CGC,CCCTCCGC,18,4,AFF,C,0.5776375258029829,8.288701604897053e-76
CCCT.CGC,CCCTCCGC,18,4,RAND,C,0.5037635381465063,0.16470265058377875
CCCT.CGC,CCCTGCGC,18,4,AFF,G,0.6683852756360401,1.424599365878098e-79
CCCT.CGC,CCCTGCGC,18,4,RAND,G,0.34655429707032925,0.30934419778077227
CCCT.CGC,CCCTTCGC,18,4,AFF,T,0.31103458368554127,6.98577513016811e-11
CCCT.CGC,CCCTTCGC,18,4,RAND,T,0.7033892343578978,0.12663510120441546
CCCTC.GC,CCCTCAGC,18,5,AFF,A,0.510670407614515,4.082149130429607e-24
CCCTC.GC,CCCTCAGC,18,5,RAND,A,0.5215569195685043,0.4107384155938829
CCCTC.GC,CCCTCCGC,18,5,AFF,C,0.5776375258029829,8.288701604897053e-76
CCCTC.GC,CCCTCCGC,18,5,RAND,C,0.5037635381465063,0.16470265058377875
CCCTC.GC,CCCTCGGC,18,5,AFF,G,0.6683852756360401,1.424599365878098e-79
CCCTC.GC,CCCTCGGC,18,5,RAND,G,0.34655429707032925,0.30934419778077227
CCCTC.GC,CCCTCTGC,18,5,AFF,T,0.31103458368554127,6.98577513016811e-11
CCCTC.GC,CCCTCTGC,18,5,RAND,T,0.7033892343578978,0.12663510120441546
CCCTCC.C,CCCTCCAC,18,6,AFF,A,0.510670407614515,4.082149130429607e-24
CCCTCC.C,CCCTCCAC,18,6,RAND,A,0.5215569195685043,0.4107384155938829
CCCTCC.C,CCCTCCCC,18,6,AFF,C,0.5776375258029829,8.288701604897053e-76
CCCTCC.C,CCCTCCCC,18,6,RAND,C,0.5037635381465063,0.16470265058377875
CCCTCC.C,CCCTCCGC,18,6,AFF,G,0.6683852756360401,1.424599365878098e-79
CCCTCC.C,CCCTCCGC,18,6,RAND,G,0.34655429707032925,0.30934419778077227
CCCTCC.C,CCCTCCTC,18,6,AFF,T,0.31103458368554127,6.98577513016811e-11
CCCTCC.C,CCCTCCTC,18,6,RAND,T,0.7033892343578978,0.12663510120441546
CCCTCCG.,CCCTCCGA,18,7,AFF,A,0.510670407614515,4.082149130429607e-24
CCCTCCG.,CCCTCCGA,18,7,RAND,A,0.5215569195685043,0.4107384155938829
CCCTCCG.,CCCTCCGC,18,7,AFF,C,0.5776375258029829,8.288701604897053e-76
CCCTCCG.,CCCTCCGC,18,7,RAND,C,0.5037635381465063,0.16470265058377875
CCCTCCG.,CCCTCCGG,18,7,AFF,G,0.6683852756360401,1.424599365878098e-79
CCCTCCG.,CCCTCCGG,18,7,RAND,G,0.34655429707032925,0.30934419778077227
CCCTCCG.,CCCTCCGT,18,7,AFF,T,0.31103458368554127,6.98577513016811e-11
CCCTCCG.,CCCTCCGT,18,7,RAND,T,0.7033892343578978,0.12663510120441546
.CTCCGCC,ACTCCGCC,19,0,AFF,A,0.5206119168690726,8.630993673334336e-42
.CTCCGCC,ACTCCGCC,19,0,RAND,A,1.47705113929996,1.536145056544209e-07
.CTCCGCC,CCTCCGCC,19,0,AFF,C,0.49483609838855297,6.416134807443359e-78
.CTCCGCC,CCTCCGCC,19,0,RAND,C,0.6535550423760272,0.005633364295855906
.CTCCGCC,GCTCCGCC,19,0,AFF,G,0.6076544032863154,5.926503960493828e-80
.CTCCGCC,GCTCCGCC,19,0,RAND,G,0.6731433320667831,0.011353023243962217
.CTCCGCC,TCTCCGCC,19,0,AFF,T,0.6095325813493173,3.040463069135766e-64
.CTCCGCC,TCTCCGCC,19,0,RAND,T,0.1713555503194004,0.6031964383733641
C.TCCGCC,CATCCGCC,19,1,AFF,A,0.5206119168690726,8.630993673334336e-42
C.TCCGCC,CATCCGCC,19,1,RAND,A,1.47705113929996,1.536145056544209e-07
C.TCCGCC,CCTCCGCC,19,1,AFF,C,0.49483609838855297,6.416134807443359e-78
C.TCCGCC,CCTCCGCC,19,1,RAND,C,0.6535550423760272,0.005633364295855906
C.TCCGCC,CGTCCGCC,19,1,AFF,G,0.6076544032863154,5.926503960493828e-80
C.TCCGCC,CGTCCGCC,19,1,RAND,G,0.6731433320667831,0.011353023243962217
C.TCCGCC,CTTCCGCC,19,1,AFF,T,0.6095325813493173,3.040463069135766e-64
C.TCCGCC,CTTCCGCC,19,1,RAND,T,0.1713555503194004,0.6031964383733641
CC.CCGCC,CCACCGCC,19,2,AFF,A,0.5206119168690726,8.630993673334336e-42
CC.CCGCC,CCACCGCC,19,2,RAND,A,1.47705113929996,1.536145056544209e-07
CC.CCGCC,CCCCCGCC,19,2,AFF,C,0.49483609838855297,6.416134807443359e-78
CC.CCGCC,CCCCCGCC,19,2,RAND,C,0.6535550423760272,0.005633364295855906
CC.CCGCC,CCGCCGCC,19,2,AFF,G,0.6076544032863154,5.926503960493828e-80
CC.CCGCC,CCGCCGCC,19,2,RAND,G,0.6731433320667831,0.011353023243962217
CC.CCGCC,CCTCCGCC,19,2,AFF,T,0.6095325813493173,3.040463069135766e-64
CC.CCGCC,CCTCCGCC,19,2,RAND,T,0.1713555503194004,0.6031964383733641
CCT.CGCC,CCTACGCC,19,3,AFF,A,0.5206119168690726,8.630993673334336e-42
CCT.CGCC,CCTACGCC,19,3,RAND,A,1.47705113929996,1.536145056544209e-07
CCT.CGCC,CCTCCGCC,19,3,AFF,C,0.49483609838855297,6.416134807443359e-78
CCT.CGCC,CCTCCGCC,19,3,RAND,C,0.6535550423760272,0.005633364295855906
CCT.CGCC,CCTGCGCC,19,3,AFF,G,0.6076544032863154,5.926503960493828e-80
CCT.CGCC,CCTGCGCC,19,3,RAND,G,0.6731433320667831,0.011353023243962217
CCT.CGCC,CCTTCGCC,19,3,AFF,T,0.6095325813493173,3.040463069135766e-64
CCT.CGCC,CCTTCGCC,19,3,RAND,T,0.1713555503194004,0.6031964383733641
CCTC.GCC,CCTCAGCC,19,4,AFF,A,0.5206119168690726,8.630993673334336e-42
CCTC.GCC,CCTCAGCC,19,4,RAND,A,1.47705113929996,1.536145056544209e-07
CCTC.GCC,CCTCCGCC,19,4,AFF,C,0.49483609838855297,6.416134807443359e-78
CCTC.GCC,CCTCCGCC,19,4,RAND,C,0.6535550423760272,0.005633364295855906
CCTC.GCC,CCTCGGCC,19,4,AFF,G,0.6076544032863154,5.926503960493828e-80
CCTC.GCC,CCTCGGCC,19,4,RAND,G,0.6731433320667831,0.011353023243962217
CCTC.GCC,CCTCTGCC,19,4,AFF,T,0.6095325813493173,3.040463069135766e-64
CCTC.GCC,CCTCTGCC,19,4,RAND,T,0.1713555503194004,0.6031964383733641
CCTCC.CC,CCTCCACC,19,5,AFF,A,0.5206119168690726,8.630993673334336e-42
CCTCC.CC,CCTCCACC,19,5,RAND,A,1.47705113929996,1.536145056544209e-07
CCTCC.CC,CCTCCCCC,19,5,AFF,C,0.49483609838855297,6.416134807443359e-78
CCTCC.CC,CCTCCCCC,19,5,RAND,C,0.6535550423760272,0.005633364295855906
CCTCC.CC,CCTCCGCC,19,5,AFF,G,0.6076544032863154,5.926503960493828e-80
CCTCC.CC,CCTCCGCC,19,5,RAND,G,0.6731433320667831,0.011353023243962217
CCTCC.CC,CCTCCTCC,19,5,AFF,T,0.6095325813493173,3.040463069135766e-64
CCTCC.CC,CCTCCTCC,19,5,RAND,T,0.1713555503194004,0.6031964383733641
CCTCCG.C,CCTCCGAC,19,6,AFF,A,0.5206119168690726,8.630993673334336e-42
CCTCCG.C,CCTCCGAC,19,6,RAND,A,1.47705113929996,1.536145056544209e-07
CCTCCG.C,CCTCCGCC,19,6,AFF,C,0.49483609838855297,6.416134807443359e-78
CCTCCG.C,CCTCCGCC,19,6,RAND,C,0.6535550423760272,0.005633364295855906
CCTCCG.C,CCTCCGGC,19,6,AFF,G,0.6076544032863154,5.926503960493828e-80
CCTCCG.C,CCTCCGGC,19,6,RAND,G,0.6731433320667831,0.011353023243962217
CCTCCG.C,CCTCCGTC,19,6,AFF,T,0.6095325813493173,3.040463069135766e-64
CCTCCG.C,CCTCCGTC,19,6,RAND,T,0.1713555503194004,0.6031964383733641
CCTCCGC.,CCTCCGCA,19,7,AFF,A,0.5206119168690726,8.630993673334336e-42
CCTCCGC.,CCTCCGCA,19,7,RAND,A,1.47705113929996,1.536145056544209e-07
CCTCCGC.,CCTCCGCC,19,7,AFF,C,0.49483609838855297,6.416134807443359e-78
CCTCCGC.,CCTCCGCC,19,7,RAND,C,0.6535550423760272,0.005633364295855906
CCTCCGC.,CCTCCGCG,19,7,AFF,G,0.6076544032863154,5.926503960493828e-80
CCTCCGC.,CCTCCGCG,19,7,RAND,G,0.6731433320667831,0.011353023243962217
CCTCCGC.,CCTCCGCT,19,7,AFF,T,0.6095325813493173,3.040463069135766e-64
CCTCCGC.,CCTCCGCT,19,7,RAND,T,0.1713555503194004,0.6031964383733641
.TCCGCCA,ATCCGCCA,20,0,AFF,A,0.4493388408636495,3.29644655632193e-32
.TCCGCCA,ATCCGCCA,20,0,RAND,A,-0.7217288266791433,0.19862327888134712
.TCCGCCA,CTCCGCCA,20,0,AFF,C,0.5395530053681328,7.300471485081254e-118
.TCCGCCA,CTCCGCCA,20,0,RAND,C,1.147651477422445,5.017533307653713e-05
.TCCGCCA,GTCCGCCA,20,0,AFF,G,0.7382707221048355,4.663081013784771e-103
.TCCGCCA,GTCCGCCA,20,0,RAND,G,0.11366211762536994,0.8039437602882777
.TCCGCCA,TTCCGCCA,20,0,AFF,T,0.44068597439786955,3.0046278427821287e-49
.TCCGCCA,TTCCGCCA,20,0,RAND,T,1.0190940272897118,0.0018232546612563624
C.CCGCCA,CACCGCCA,20,1,AFF,A,0.4493388408636495,3.29644655632193e-32
C.CCGCCA,CACCGCCA,20,1,RAND,A,-0.7217288266791433,0.19862327888134712
C.CCGCCA,CCCCGCCA,20,1,AFF,C,0.5395530053681328,7.300471485081254e-118
C.CCGCCA,CCCCGCCA,20,1,RAND,C,1.147651477422445,5.017533307653713e-05
C.CCGCCA,CGCCGCCA,20,1,AFF,G,0.7382707221048355,4.663081013784771e-103
C.CCGCCA,CGCCGCCA,20,1,RAND,G,0.11366211762536994,0.8039437602882777
C.CCGCCA,CTCCGCCA,20,1,AFF,T,0.44068597439786955,3.0046278427821287e-49
C.CCGCCA,CTCCGCCA,20,1,RAND,T,1.0190940272897118,0.0018232546612563624
CT.CGCCA,CTACGCCA,20,2,AFF,A,0.4493388408636495,3.29644655632193e-32
CT.CGCCA,CTACGCCA,20,2,RAND,A,-0.7217288266791433,0.19862327888134712
CT.CGCCA,CTCCGCCA,20,2,AFF,C,0.5395530053681328,7.300471485081254e-118
CT.CGCCA,CTCCGCCA,20,2,RAND,C,1.147651477422445,5.017533307653713e-05
CT.CGCCA,CTGCGCCA,20,2,AFF,G,0.7382707221048355,4.663081013784771e-103
CT.CGCCA,CTGCGCCA,20,2,RAND,G,0.11366211762536994,0.8039437602882777
CT.CGCCA,CTTCGCCA,20,2,AFF,T,0.44068597439786955,3.0046278427821287e-49
CT.CGCCA,CTTCGCCA,20,2,RAND,T,1.0190940272897118,0.0018232546612563624
CTC.GCCA,CTCAGCCA,20,3,AFF,A,0.4493388408636495,3.29644655632193e-32
CTC.GCCA,CTCAGCCA,20,3,RAND,A,-0.7217288266791433,0.19862327888134712
CTC.GCCA,CTCCGCCA,20,3,AFF,C,0.5395530053681328,7.300471485081254e-118
CTC.GCCA,CTCCGCCA,20,3,RAND,C,1.147651477422445,5.017533307653713e-05
CTC.GCCA,CTCGGCCA,20,3,AFF,G,0.7382707221048355,4.663081013784771e-103
CTC.GCCA,CTCGGCCA,20,3,RAND,G,0.11366211762536994,0.8039437602882777
CTC.GCCA,CTCTGCCA,20,3,AFF,T,0.44068597439786955,3.0046278427821287e-49
CTC.GCCA,CTCTGCCA,20,3,RAND,T,1.0190940272897118,0.0018232546612563624
CTCC.CCA,CTCCACCA,20,4,AFF,A,0.4493388408636495,3.29644655632193e-32
CTCC.CCA,CTCCACCA,20,4,RAND,A,-0.7217288266791433,0.19862327888134712
CTCC.CCA,CTCCCCCA,20,4,AFF,C,0.5395530053681328,7.300471485081254e-118
CTCC.CCA,CTCCCCCA,20,4,RAND,C,1.147651477422445,5.017533307653713e-05
CTCC.CCA,CTCCGCCA,20,4,AFF,G,0.7382707221048355,4.663081013784771e-103
CTCC.CCA,CTCCGCCA,20,4,RAND,G,0.11366211762536994,0.8039437602882777
CTCC.CCA,CTCCTCCA,20,4,AFF,T,0.44068597439786955,3.0046278427821287e-49
CTCC.CCA,CTCCTCCA,20,4,RAND,T,1.0190940272897118,0.0018232546612563624
CTCCG.CA,CTCCGACA,20,5,AFF,A,0.4493388408636495,3.29644655632193e-32
CTCCG.CA,CTCCGACA,20,5,RAND,A,-0.7217288266791433,0.19862327888134712
CTCCG.CA,CTCCGCCA,20,5,AFF,C,0.5395530053681328,7.300471485081254e-118
CTCCG.CA,CTCCGCCA,20,5,RAND,C,1.147651477422445,5.017533307653713e-05
CTCCG.CA,CTCCGGCA,20,5,AFF,G,0.7382707221048355,4.663081013784771e-103
CTCCG.CA,CTCCGGCA,20,5,RAND,G,0.11366211762536994,0.8039437602882777
CTCCG.CA,CTCCGTCA,20,5,AFF,T,0.44068597439786955,3.0046278427821287e-49
CTCCG.CA,CTCCGTCA,20,5,RAND,T,1.0190940272897118,0.0018232546612563624
CTCCGC.A,CTCCGCAA,20,6,AFF,A,0.4493388408636495,3.29644655632193e-32
CTCCGC.A,CTCCGCAA,20,6,RAND,A,-0.7217288266791433,0.19862327888134712
CTCCGC.A,CTCCGCCA,20,6,AFF,C,0.5395530053681328,7.300471485081254e-118
CTCCGC.A,CTCCGCCA,20,6,RAND,C,1.147651477422445,5.017533307653713e-05
CTCCGC.A,CTCCGCGA,20,6,AFF,G,0.7382707221048355,4.663081013784771e-103
CTCCGC.A,CTCCGCGA,20,6,RAND,G,0.11366211762536994,0.8039437602882777
CTCCGC.A,CTCCGCTA,20,6,AFF,T,0.44068597439786955,3.0046278427821287e-49
CTCCGC.A,CTCCGCTA,20,6,RAND,T,1.0190940272897118,0.0018232546612563624
CTCCGCC.,CTCCGCCA,20,7,AFF,A,0.4493388408636495,3.29644655632193e-32
CTCCGCC.,CTCCGCCA,20,7,RAND,A,-0.7217288266791433,0.19862327888134712
CTCCGCC.,CTCCGCCC,20,7,AFF,C,0.5395530053681328,7.300471485081254e-118
CTCCGCC.,CTCCGCCC,20,7,RAND,C,1.147651477422445,5.017533307653713e-05
CTCCGCC.,CTCCGCCG,20,7,AFF,G,0.7382707221048355,4.663081013784771e-103
CTCCGCC.,CTCCGCCG,20,7,RAND,G,0.11366211762536994,0.8039437602882777
CTCCGCC.,CTCCGCCT,20,7,AFF,T,0.44068597439786955,3.0046278427821287e-49
CTCCGCC.,CTCCGCCT,20,7,RAND,T,1.0190940272897118,0.0018232546612563624
.CCGCCAC,ACCGCCAC,21,0,AFF,A,0.5841503049299643,2.005038535964643e-15
.CCGCCAC,ACCGCCAC,21,0,RAND,A,-1.419549001947105,0.25001457839902885
.CCGCCAC,CCCGCCAC,21,0,AFF,C,0.5526264988294819,2.3175584817258342e-24
.CCGCCAC,CCCGCCAC,21,0,RAND,C,2.2126138082086655,0.002650132338002919
.CCGCCAC,GCCGCCAC,21,0,AFF,G,0.43835748249737266,4.679578596706423e-17
.CCGCCAC,GCCGCCAC,21,0,RAND,G,1.077610225452498,0.18827553409293263
.CCGCCAC,TCCGCCAC,21,0,AFF,T,0.6453585212045153,3.2624693305511393e-24
.CCGCCAC,TCCGCCAC,21,0,RAND,T,0.6097528880701939,0.5736696399988768
T.CGCCAC,TACGCCAC,21,1,AFF,A,0.5841503049299643,2.005038535964643e-15
T.CGCCAC,TACGCCAC,21,1,RAND,A,-1.419549001947105,0.25001457839902885
T.CGCCAC,TCCGCCAC,21,1,AFF,C,0.5526264988294819,2.3175584817258342e-24
T.CGCCAC,TCCGCCAC,21,1,RAND,C,2.2126138082086655,0.002650132338002919
T.CGCCAC,TGCGCCAC,21,1,AFF,G,0.43835748249737266,4.679578596706423e-17
T.CGCCAC,TGCGCCAC,21,1,RAND,G,1.077610225452498,0.18827553409293263
T.CGCCAC,TTCGCCAC,21,1,AFF,T,0.6453585212045153,3.2624693305511393e-24
T.CGCCAC,TTCGCCAC,21,1,RAND,T,0.6097528880701939,0.5736696399988768
TC.GCCAC,TCAGCCAC,21,2,AFF,A,0.5841503049299643,2.005038535964643e-15
TC.GCCAC,TCAGCCAC,21,2,RAND,A,-1.419549001947105,0.25001457839902885
TC.GCCAC,TCCGCCAC,21,2,AFF,C,0.5526264988294819,2.3175584817258342e-24
TC.GCCAC,TCCGCCAC,21,2,RAND,C,2.2126138082086655,0.002650132338002919
TC.GCCAC,TCGGCCAC,21,2,AFF,G,0.43835748249737266,4.679578596706423e-17
TC.GCCAC,TCGGCCAC,21,2,RAND,G,1.077610225452498,0.18827553409293263
TC.GCCAC,TCTGCCAC,21,2,AFF,T,0.6453585212045153,3.2624693305511393e-24
TC.GCCAC,TCTGCCAC,21,2,RAND,T,0.6097528880701939,0.5736696399988768
TCC.CCAC,TCCACCAC,21,3,AFF,A,0.5841503049299643,2.005038535964643e-15
TCC.CCAC,TCCACCAC,21,3,RAND,A,-1.419549001947105,0.25001457839902885
TCC.CCAC,TCCCCCAC,21,3,AFF,C,0.5526264988294819,2.3175584817258342e-24
TCC.CCAC,TCCCCCAC,21,3,RAND,C,2.2126138082086655,0.002650132338002919
TCC.CCAC,TCCGCCAC,21,3,AFF,G,0.43835748249737266,4.679578596706423e-17
TCC.CCAC,TCCGCCAC,21,3,RAND,G,1.077610225452498,0.18827553409293263
TCC.CCAC,TCCTCCAC,21,3,AFF,T,0.6453585212045153,3.2624693305511393e-24
TCC.CCAC,TCCTCCAC,21,3,RAND,T,0.6097528880701939,0.5736696399988768
TCCG.CAC,TCCGACAC,21,4,AFF,A,0.5841503049299643,2.005038535964643e-15
TCCG.CAC,TCCGACAC,21,4,RAND,A,-1.419549001947105,0.25001457839902885
TCCG.CAC,TCCGCCAC,21,4,AFF,C,0.5526264988294819,2.3175584817258342e-24
TCCG.CAC,TCCGCCAC,21,4,RAND,C,2.2126138082086655,0.002650132338002919
TCCG.CAC,TCCGGCAC,21,4,AFF,G,0.43835748249737266,4.679578596706423e-17
TCCG.CAC,TCCGGCAC,21,4,RAND,G,1.077610225452498,0.18827553409293263
TCCG.CAC,TCCGTCAC,21,4,AFF,T,0.6453585212045153,3.2624693305511393e-24
TCCG.CAC,TCCGTCAC,21,4,RAND,T,0.6097528880701939,0.5736696399988768
TCCGC.AC,TCCGCAAC,21,5,AFF,A,0.5841503049299643,2.005038535964643e-15
TCCGC.AC,TCCGCAAC,21,5,RAND,A,-1.419549001947105,0.25001457839902885
TCCGC.AC,TCCGCCAC,21,5,AFF,C,0.5526264988294819,2.3175584817258342e-24
TCCGC.AC,TCCGCCAC,21,5,RAND,C,2.2126138082086655,0.002650132338002919
TCCGC.AC,TCCGCGAC,21,5,AFF,G,0.43835748249737266,4.679578596706423e-17
TCCGC.AC,TCCGCGAC,21,5,RAND,G,1.077610225452498,0.18827553409293263
TCCGC.AC,TCCGCTAC,21,5,AFF,T,0.6453585212045153,3.2624693305511393e-24
TCCGC.AC,TCCGCTAC,21,5,RAND,T,0.6097528880701939,0.5736696399988768
TCCGCC.C,TCCGCCAC,21,6,AFF,A,0.5841503049299643,2.005038535964643e-15
TCCGCC.C,TCCGCCAC,21,6,RAND,A,-1.419549001947105,0.25001457839902885
TCCGCC.C,TCCGCCCC,21,6,AFF,C,0.5526264988294819,2.3175584817258342e-24
TCCGCC.C,TCCGCCCC,21,6,RAND,C,2.2126138082086655,0.002650132338002919
TCCGCC.C,TCCGCCGC,21,6,AFF,G,0.43835748249737266,4.679578596706423e-17
TCCGCC.C,TCCGCCGC,21,6,RAND,G,1.077610225452498,0.18827553409293263
TCCGCC.C,TCCGCCTC,21,6,AFF,T,0.6453585212045153,3.2624693305511393e-24
TCCGCC.C,TCCGCCTC,21,6,RAND,T,0.6097528880701939,0.5736696399988768
TCCGCCA.,TCCGCCAA,21,7,AFF,A,0.5841503049299643,2.005038535964643e-15
TCCGCCA.,TCCGCCAA,21,7,RAND,A,-1.419549001947105,0.25001457839902885
TCCGCCA.,TCCGCCAC,21,7,AFF,C,0.5526264988294819,2.3175584817258342e-24
TCCGCCA.,TCCGCCAC,21,7,RAND,C,2.2126138082086655,0.002650132338002919
TCCGCCA.,TCCGCCAG,21,7,AFF,G,0.43835748249737266,4.679578596706423e-17
TCCGCCA.,TCCGCCAG,21,7,RAND,G,1.077610225452498,0.18827553409293263
TCCGCCA.,TCCGCCAT,21,7,AFF,T,0.6453585212045153,3.2624693305511393e-24
TCCGCCA.,TCCGCCAT,21,7,RAND,T,0.6097528880701939,0.5736696399988768
.CGCCACG,ACGCCACG,22,0,AFF,A,0.3724858988189256,2.3853557244236783e-14
.CGCCACG,ACGCCACG,22,0,RAND,A,-0.19430233467385472,0.7000136477531924
.CGCCACG,CCGCCACG,22,0,AFF,C,0.4964855654663895,3.1553538411685305e-50
.CGCCACG,CCGCCACG,22,0,RAND,C,0.8407250907095669,0.09868822890017274
.CGCCACG,GCGCCACG,22,0,AFF,G,0.7567419263928561,4.312804669300934e-59
.CGCCACG,GCGCCACG,22,0,RAND,G,0.4167644567228177,0.32438636888260564
.CGCCACG,TCGCCACG,22,0,AFF,T,0.6533112407019355,3.284381968018769e-49
.CGCCACG,TCGCCACG,22,0,RAND,T,0.7985560201162957,0.19969954563574321
C.GCCACG,CAGCCACG,22,1,AFF,A,0.3724858988189256,2.3853557244236783e-14
C.GCCACG,CAGCCACG,22,1,RAND,A,-0.19430233467385472,0.7000136477531924
C.GCCACG,CCGCCACG,22,1,AFF,C,0.4964855654663895,3.1553538411685305e-50
C.GCCACG,CCGCCACG,22,1,RAND,C,0.8407250907095669,0.09868822890017274
C.GCCACG,CGGCCACG,22,1,AFF,G,0.7567419263928561,4.312804669300934e-59
C.GCCACG,CGGCCACG,22,1,RAND,G,0.4167644567228177,0.32438636888260564
C.GCCACG,CTGCCACG,22,1,AFF,T,0.6533112407019355,3.284381968018769e-49
C.GCCACG,CTGCCACG,22,1,RAND,T,0.7985560201162957,0.19969954563574321
CC.CCACG,CCACCACG,22,2,AFF,A,0.3724858988189256,2.3853557244236783e-14
CC.CCACG,CCACCACG,22,2,RAND,A,-0.19430233467385472,0.7000136477531924
CC.CCACG,CCCCCACG,22,2,AFF,C,0.4964855654663895,3.1553538411685305e-50
CC.CCACG,CCCCCACG,22,2,RAND,C,0.8407250907095669,0.09868822890017274
CC.CCACG,CCGCCACG,22,2,AFF,G,0.7567419263928561,4.312804669300934e-59
CC.CCACG,CCGCCACG,22,2,RAND,G,0.4167644567228177,0.32438636888260564
CC.CCACG,CCTCCACG,22,2,AFF,T,0.6533112407019355,3.284381968018769e-49
CC.CCACG,CCTCCACG,22,2,RAND,T,0.7985560201162957,0.19969954563574321
CCG.CACG,CCGACACG,22,3,AFF,A,0.3724858988189256,2.3853557244236783e-14
CCG.CACG,CCGACACG,22,3,RAND,A,-0.19430233467385472,0.7000136477531924
CCG.CACG,CCGCCACG,22,3,AFF,C,0.4964855654663895,3.1553538411685305e-50
CCG.CACG,CCGCCACG,22,3,RAND,C,0.8407250907095669,0.09868822890017274
CCG.CACG,CCGGCACG,22,3,AFF,G,0.7567419263928561,4.312804669300934e-59
CCG.CACG,CCGGCACG,22,3,RAND,G,0.4167644567228177,0.32438636888260564
CCG.CACG,CCGTCACG,22,3,AFF,T,0.6533112407019355,3.284381968018769e-49
CCG.CACG,CCGTCACG,22,3,RAND,T,0.7985560201162957,0.19969954563574321
CCGC.ACG,CCGCAACG,22,4,AFF,A,0.3724858988189256,2.3853557244236783e-14
CCGC.ACG,CCGCAACG,22,4,RAND,A,-0.19430233467385472,0.7000136477531924
CCGC.ACG,CCGCCACG,22,4,AFF,C,0.4964855654663895,3.1553538411685305e-50
CCGC.ACG,CCGCCACG,22,4,RAND,C,0.8407250907095669,0.09868822890017274
CCGC.ACG,CCGCGACG,22,4,AFF,G,0.7567419263928561,4.312804669300934e-59
CCGC.ACG,CCGCGACG,22,4,RAND,G,0.4167644567228177,0.32438636888260564
CCGC.ACG,CCGCTACG,22,4,AFF,T,0.6533112407019355,3.284381968018769e-49
CCGC.ACG,CCGCTACG,22,4,RAND,T,0.7985560201162957,0.19969954563574321
CCGCC.CG,CCGCCACG,22,5,AFF,A,0.3724858988189256,2.3853557244236783e-14
CCGCC.CG,CCGCCACG,22,5,RAND,A,-0.19430233467385472,0.7000136477531924
CCGCC.CG,CCGCCCCG,22,5,AFF,C,0.4964855654663895,3.1553538411685305e-50
CCGCC.CG,CCGCCCCG,22,5,RAND,C,0.8407250907095669,0.09868822890017274
CCGCC.CG,CCGCCGCG,22,5,AFF,G,0.7567419263928561,4.312804669300934e-59
CCGCC.CG,CCGCCGCG,22,5,RAND,G,0.4167644567228177,0.32438636888260564
CCGCC.CG,CCGCCTCG,22,5,AFF,T,0.6533112407019355,3.284381968018769e-49
CCGCC.CG,CCGCCTCG,22,5,RAND,T,0.7985560201162957,0.19969954563574321
CCGCCA.G,CCGCCAAG,22,6,AFF,A,0.3724858988189256,2.3853557244236783e-14
CCGCCA.G,CCGCCAAG,22,6,RAND,A,-0.19430233467385472,0.7000136477531924
CCGCCA.G,CCGCCACG,22,6,AFF,C,0.4964855654663895,3.1553538411685305e-50
CCGCCA.G,CCGCCACG,22,6,RAND,C,0.8407250907095669,0.09868822890017274
CCGCCA.G,CCGCCAGG,22,6,AFF,G,0.7567419263928561,4.312804669300934e-59
CCGCCA.G,CCGCCAGG,22,6,RAND,G,0.4167644567228177,0.32438636888260564
CCGCCA.G,CCGCCATG,22,6,AFF,T,0.6533112407019355,3.284381968018769e-49
CCGCCA.G,CCGCCATG,22,6,RAND,T,0.7985560201162957,0.19969954563574321
CCGCCAC.,CCGCCACA,22,7,AFF,A,0.3724858988189256,2.3853557244236783e-14
CCGCCAC.,CCGCCACA,22,7,RAND,A,-0.19430233467385472,0.7000136477531924
CCGCCAC.,CCGCCACC,22,7,AFF,C,0.4964855654663895,3.1553538411685305e-50
CCGCCAC.,CCGCCACC,22,7,RAND,C,0.8407250907095669,0.09868822890017274
CCGCCAC.,CCGCCACG,22,7,AFF,G,0.7567419263928561,4.312804669300934e-59
CCGCCAC.,CCGCCACG,22,7,RAND,G,0.4167644567228177,0.32438636888260564
CCGCCAC.,CCGCCACT,22,7,AFF,T,0.6533112407019355,3.284381968018769e-49
CCGCCAC.,CCGCCACT,22,7,RAND,T,0.7985560201162957,0.19969954563574321
.GCCACGT,AGCCACGT,23,0,AFF,A,0.41298234561011743,1.5668307304976366e-06
.GCCACGT,AGCCACGT,23,0,RAND,A,-0.3316002138944821,0.7584048767242415
.GCCACGT,CGCCACGT,23,0,AFF,C,0.6243354067559344,6.291701210970472e-34
.GCCACGT,CGCCACGT,23,0,RAND,C,0.9077924252947777,0.08893084117611738
.GCCACGT,GGCCACGT,23,0,AFF,G,0.7006803751193605,2.4646321053649658e-32
.GCCACGT,GGCCACGT,23,0,RAND,G,0.10127827485819496,0.9193246883301771
.GCCACGT,TGCCACGT,23,0,AFF,T,0.6920749908851904,4.014215354663369e-25
.GCCACGT,TGCCACGT,23,0,RAND,T,-0.31863012987868855,0.5944095535999938
C.CCACGT,CACCACGT,23,1,AFF,A,0.41298234561011743,1.5668307304976366e-06
C.CCACGT,CACCACGT,23,1,RAND,A,-0.3316002138944821,0.7584048767242415
C.CCACGT,CCCCACGT,23,1,AFF,C,0.6243354067559344,6.291701210970472e-34
C.CCACGT,CCCCACGT,23,1,RAND,C,0.9077924252947777,0.08893084117611738
C.CCACGT,CGCCACGT,23,1,AFF,G,0.7006803751193605,2.4646321053649658e-32
C.CCACGT,CGCCACGT,23,1,RAND,G,0.10127827485819496,0.9193246883301771
C.CCACGT,CTCCACGT,23,1,AFF,T,0.6920749908851904,4.014215354663369e-25
C.CCACGT,CTCCACGT,23,1,RAND,T,-0.31863012987868855,0.5944095535999938
CG.CACGT,CGACACGT,23,2,AFF,A,0.41298234561011743,1.5668307304976366e-06
CG.CACGT,CGACACGT,23,2,RAND,A,-0.3316002138944821,0.7584048767242415
CG.CACGT,CGCCACGT,23,2,AFF,C,0.6243354067559344,6.291701210970472e-34
CG.CACGT,CGCCACGT,23,2,RAND,C,0.9077924252947777,0.08893084117611738
CG.CACGT,CGGCACGT,23,2,AFF,G,0.7006803751193605,2.4646321053649658e-32
CG.CACGT,CGGCACGT,23,2,RAND,G,0.10127827485819496,0.9193246883301771
CG.CACGT,CGTCACGT,23,2,AFF,T,0.6920749908851904,4.014215354663369e-25
CG.CACGT,CGTCACGT,23,2,RAND,T,-0.31863012987868855,0.5944095535999938
CGC.ACGT,CGCAACGT,23,3,AFF,A,0.41298234561011743,1.5668307304976366e-06
CGC.ACGT,CGCAACGT,23,3,RAND,A,-0.3316002138944821,0.7584048767242415
CGC.ACGT,CGCCACGT,23,3,AFF,C,0.6243354067559344,6.291701210970472e-34
CGC.ACGT,CGCCACGT,23,3,RAND,C,0.9077924252947777,0.08893084117611738
CGC.ACGT,CGCGACGT,23,3,AFF,G,0.7006803751193605,2.4646321053649658e-32
CGC.ACGT,CGCGACGT,23,3,RAND,G,0.10127827485819496,0.9193246883301771
CGC.ACGT,CGCTACGT,23,3,AFF,T,0.6920749908851904,4.014215354663369e-25
CGC.ACGT,CGCTACGT,23,3,RAND,T,-0.31863012987868855,0.5944095535999938
CGCC.CGT,CGCCACGT,23,4,AFF,A,0.41298234561011743,1.5668307304976366e-06
CGCC.CGT,CGCCACGT,23,4,RAND,A,-0.3316002138944821,0.7584048767242415
CGCC.CGT,CGCCCCGT,23,4,AFF,C,0.6243354067559344,6.291701210970472e-34
CGCC.CGT,CGCCCCGT,23,4,RAND,C,0.9077924252947777,0.08893084117611738
CGCC.CGT,CGCCGCGT,23,4,AFF,G,0.7006803751193605,2.4646321053649658e-32
CGCC.CGT,CGCCGCGT,23,4,RAND,G,0.10127827485819496,0.9193246883301771
CGCC.CGT,CGCCTCGT,23,4,AFF,T,0.6920749908851904,4.014215354663369e-25
CGCC.CGT,CGCCTCGT,23,4,RAND,T,-0.31863012987868855,0.5944095535999938
CGCCA.GT,CGCCAAGT,23,5,AFF,A,0.41298234561011743,1.5668307304976366e-06
CGCCA.GT,CGCCAAGT,23,5,RAND,A,-0.3316002138944821,0.7584048767242415
CGCCA.GT,CGCCACGT,23,5,AFF,C,0.6243354067559344,6.291701210970472e-34
CGCCA.GT,CGCCACGT,23,5,RAND,C,0.9077924252947777,0.08893084117611738
CGCCA.GT,CGCCAGGT,23,5,AFF,G,0.7006803751193605,2.4646321053649658e-32
CGCCA.GT,CGCCAGGT,23,5,RAND,G,0.10127827485819496,0.9193246883301771
CGCCA.GT,CGCCATGT,23,5,AFF,T,0.6920749908851904,4.014215354663369e-25
CGCCA.GT,CGCCATGT,23,5,RAND,T,-0.31863012987868855,0.5944095535999938
CGCCAC.T,CGCCACAT,23,6,AFF,A,0.41298234561011743,1.5668307304976366e-06
CGCCAC.T,CGCCACAT,23,6,RAND,A,-0.3316002138944821,0.7584048767242415
CGCCAC.T,CGCCACCT,23,6,AFF,C,0.6243354067559344,6.291701210970472e-34
CGCCAC.T,CGCCACCT,23,6,RAND,C,0.9077924252947777,0.08893084117611738
CGCCAC.T,CGCCACGT,23,6,AFF,G,0.7006803751193605,2.4646321053649658e-32
CGCCAC.T,CGCCACGT,23,6,RAND,G,0.10127827485819496,0.9193246883301771
CGCCAC.T,CGCCACTT,23,6,AFF,T,0.6920749908851904,4.014215354663369e-25
CGCCAC.T,CGCCACTT,23,6,RAND,T,-0.31863012987868855,0.5944095535999938
CGCCACG.,CGCCACGA,23,7,AFF,A,0.41298234561011743,1.5668307304976366e-06
CGCCACG.,CGCCACGA,23,7,RAND,A,-0.3316002138944821,0.7584048767242415
CGCCACG.,CGCCACGC,23,7,AFF,C,0.6243354067559344,6.291701210970472e-34
CGCCACG.,CGCCACGC,23,7,RAND,C,0.9077924252947777,0.08893084117611738
CGCCACG.,CGCCACGG,23,7,AFF,G,0.7006803751193605,2.4646321053649658e-32
CGCCACG.,CGCCACGG,23,7,RAND,G,0.10127827485819496,0.9193246883301771
CGCCACG.,CGCCACGT,23,7,AFF,T,0.6920749908851904,4.014215354663369e-25
CGCCACG.,CGCCACGT,23,7,RAND,T,-0.31863012987868855,0.5944095535999938
.CCACGTG,ACCACGTG,24,0,AFF,A,0.4430542272589021,1.211856393541266e-06
.CCACGTG,ACCACGTG,24,0,RAND,A,nan,nan
.CCACGTG,CCCACGTG,24,0,AFF,C,0.46237654139887674,6.5404586264302325e-15
.CCACGTG,CCCACGTG,24,0,RAND,C,0.2898773729886392,0.5860265774166625
.CCACGTG,GCCACGTG,24,0,AFF,G,0.3956569383428174,4.89885616220896e-18
.CCACGTG,GCCACGTG,24,0,RAND,G,-0.05925063630010699,0.9130108673036927
.CCACGTG,TCCACGTG,24,0,AFF,T,0.3313819499226198,2.99207529232995e-06
.CCACGTG,TCCACGTG,24,0,RAND,T,-0.25452630392568043,0.758442163687045
G.CACGTG,GACACGTG,24,1,AFF,A,0.4430542272589021,1.211856393541266e-06
G.CACGTG,GACACGTG,24,1,RAND,A,nan,nan
G.CACGTG,GCCACGTG,24,1,AFF,C,0.46237654139887674,6.5404586264302325e-15
G.CACGTG,GCCACGTG,24,1,RAND,C,0.2898773729886392,0.5860265774166625
G.CACGTG,GGCACGTG,24,1,AFF,G,0.3956569383428174,4.89885616220896e-18
G.CACGTG,GGCACGTG,24,1,RAND,G,-0.05925063630010699,0.9130108673036927
G.CACGTG,GTCACGTG,24,1,AFF,T,0.3313819499226198,2.99207529232995e-06
G.CACGTG,GTCACGTG,24,1,RAND,T,-0.25452630392568043,0.758442163687045
GC.ACGTG,GCAACGTG,24,2,AFF,A,0.4430542272589021,1.211856393541266e-06
GC.ACGTG,GCAACGTG,24,2,RAND,A,nan,nan
GC.ACGTG,GCCACGTG,24,2,AFF,C,0.46237654139887674,6.5404586264302325e-15
GC.ACGTG,GCCACGTG,24,2,RAND,C,0.2898773729886392,0.5860265774166625
GC.ACGTG,GCGACGTG,24,2,AFF,G,0.3956569383428174,4.89885616220896e-18
GC.ACGTG,GCGACGTG,24,2,RAND,G,-0.05925063630010699,0.9130108673036927
GC.ACGTG,GCTACGTG,24,2,AFF,T,0.3313819499226198,2.99207529232995e-06
GC.ACGTG,GCTACGTG,24,2,RAND,T,-0.25452630392568043,0.758442163687045
GCC.CGTG,GCCACGTG,24,3,AFF,A,0.4430542272589021,1.211856393541266e-06
GCC.CGTG,GCCACGTG,24,3,RAND,A,nan,nan
GCC.CGTG,GCCCCGTG,24,3,AFF,C,0.46237654139887674,6.5404586264302325e-15
GCC.CGTG,GCCCCGTG,24,3,RAND,C,0.2898773729886392,0.5860265774166625
GCC.CGTG,GCCGCGTG,24,3,AFF,G,0.3956569383428174,4.89885616220896e-18
GCC.CGTG,GCCGCGTG,24,3,RAND,G,-0.05925063630010699,0.9130108673036927
GCC.CGTG,GCCTCGTG,24,3,AFF,T,0.3313819499226198,2.99207529232995e-06
GCC.CGTG,GCCTCGTG,24,3,RAND,T,-0.25452630392568043,0.758442163687045
GCCA.GTG,GCCAAGTG,24,4,AFF,A,0.4430542272589021,1.211856393541266e-06
GCCA.GTG,GCCAAGTG,24,4,RAND,A,nan,nan
GCCA.GTG,GCCACGTG,24,4,AFF,C,0.46237654139887674,6.5404586264302325e-15
GCCA.GTG,GCCACGTG,24,4,RAND,C,0.2898773729886392,0.5860265774166625
GCCA.GTG,GCCAGGTG,24,4,AFF,G,0.3956569383428174,4.89885616220896e-18
GCCA.GTG,GCCAGGTG,24,4,RAND,G,-0.05925063630010699,0.9130108673036927
GCCA.GTG,GCCATGTG,24,4,AFF,T,0.3313819499226198,2.99207529232995e-06
GCCA.GTG,GCCATGTG,24,4,RAND,T,-0.25452630392568043,0.758442163687045
GCCAC.TG,GCCACATG,24,5,AFF,A,0.4430542272589021,1.211856393541266e-06
GCCAC.TG,GCCACATG,24,5,RAND,A,nan,nan
GCCAC.TG,GCCACCTG,24,5,AFF,C,0.46237654139887674,6.5404586264302325e-15
GCCAC.TG,GCCACCTG,24,5,RAND,C,0.2898773729886392,0.5860265774166625
GCCAC.TG,GCCACGTG,24,5,AFF,G,0.3956569383428174,4.89885616220896e-18
GCCAC.TG,GCCACGTG,24,5,RAND,G,-0.05925063630010699,0.9130108673036927
GCCAC.TG,GCCACTTG,24,5,AFF,T,0.3313819499226198,2.99207529232995e-06
GCCAC.TG,GCCACTTG,24,5,RAND,T,-0.25452630392568043,0.758442163687045
GCCACG.G,GCCACGAG,24,6,AFF,A,0.4430542272589021,1.211856393541266e-06
GCCACG.G,GCCACGAG,24,6,RAND,A,nan,nan
GCCACG.G,GCCACGCG,24,6,AFF,C,0.46237654139887674,6.5404586264302325e-15
GCCACG.G,GCCACGCG,24,6,RAND,C,0.2898773729886392,0.5860265774166625
GCCACG.G,GCCACGGG,24,6,AFF,G,0.3956569383428174,4.89885616220896e-18
GCCACG.G,GCCACGGG,24,6,RAND,G,-0.05925063630010699,0.9130108673036927
GCCACG.G,GCCACGTG,24,6,AFF,T,0.3313819499226198,2.99207529232995e-06
GCCACG.G,GCCACGTG,24,6,RAND,T,-0.25452630392568043,0.758442163687045
GCCACGT.,GCCACGTA,24,7,AFF,A,0.4430542272589021,1.211856393541266e-06
GCCACGT.,GCCACGTA,24,7,RAND,A,nan,nan
GCCACGT.,GCCACGTC,24,7,AFF,C,0.46237654139887674,6.5404586264302325e-15
GCCACGT.,GCCACGTC,24,7,RAND,C,0.2898773729886392,0.5860265774166625
GCCACGT.,GCCACGTG,24,7,AFF,G,0.3956569383428174,4.89885616220896e-18
GCCACGT.,GCCACGTG,24,7,RAND,G,-0.05925063630010699,0.9130108673036927
GCCACGT.,GCCACGTT,24,7,AFF,T,0.3313819499226198,2.99207529232995e-06
GCCACGT.,GCCACGTT,24,7,RAND,T,-0.25452630392568043,0.758442163687045
.CACGTGG,ACACGTGG,25,0,AFF,A,0.43802211718914497,2.0427317514078456e-25
.CACGTGG,ACACGTGG,25,0,RAND,A,-0.5421365705858483,0.2934389910051447
.CACGTGG,CCACGTGG,25,0,AFF,C,0.5442960472837344,4.360555265377564e-33
.CACGTGG,CCACGTGG,25,0,RAND,C,-0.6403131156532056,0.2536242105550689
.CACGTGG,GCACGTGG,25,0,AFF,G,0.35666369914525897,3.151046334293703e-22
.CACGTGG,GCACGTGG,25,0,RAND,G,1.045097068597182,0.007514510640893763
.CACGTGG,TCACGTGG,25,0,AFF,T,0.4175121660106452,1.0703495162730436e-15
.CACGTGG,TCACGTGG,25,0,RAND,T,1.2021845985225597,0.009387322357485219
C.ACGTGG,CAACGTGG,25,1,AFF,A,0.43802211718914497,2.0427317514078456e-25
C.ACGTGG,CAACGTGG,25,1,RAND,A,-0.5421365705858483,0.2934389910051447
C.ACGTGG,CCACGTGG,25,1,AFF,C,0.5442960472837344,4.360555265377564e-33
C.ACGTGG,CCACGTGG,25,1,RAND,C,-0.6403131156532056,0.2536242105550689
C.ACGTGG,CGACGTGG,25,1,AFF,G,0.35666369914525897,3.151046334293703e-22
C.ACGTGG,CGACGTGG,25,1,RAND,G,1.045097068597182,0.007514510640893763
C.ACGTGG,CTACGTGG,25,1,AFF,T,0.4175121660106452,1.0703495162730436e-15
C.ACGTGG,CTACGTGG,25,1,RAND,T,1.2021845985225597,0.009387322357485219
CC.CGTGG,CCACGTGG,25,2,AFF,A,0.43802211718914497,2.0427317514078456e-25
CC.CGTGG,CCACGTGG,25,2,RAND,A,-0.5421365705858483,0.2934389910051447
CC.CGTGG,CCCCGTGG,25,2,AFF,C,0.5442960472837344,4.360555265377564e-33
CC.CGTGG,CCCCGTGG,25,2,RAND,C,-0.6403131156532056,0.2536242105550689
CC.CGTGG,CCGCGTGG,25,2,AFF,G,0.35666369914525897,3.151046334293703e-22
CC.CGTGG,CCGCGTGG,25,2,RAND,G,1.045097068597182,0.007514510640893763
CC.CGTGG,CCTCGTGG,25,2,AFF,T,0.4175121660106452,1.0703495162730436e-15
CC.CGTGG,CCTCGTGG,25,2,RAND,T,1.2021845985225597,0.009387322357485219
CCA.GTGG,CCAAGTGG,25,3,AFF,A,0.43802211718914497,2.0427317514078456e-25
CCA.GTGG,CCAAGTGG,25,3,RAND,A,-0.5421365705858483,0.2934389910051447
CCA.GTGG,CCACGTGG,25,3,AFF,C,0.5442960472837344,4.360555265377564e-33
CCA.GTGG,CCACGTGG,25,3,RAND,C,-0.6403131156532056,0.2536242105550689
CCA.GTGG,CCAGGTGG,25,3,AFF,G,0.35666369914525897,3.151046334293703e-22
CCA.GTGG,CCAGGTGG,25,3,RAND,G,1.045097068597182,0.007514510640893763
CCA.GTGG,CCATGTGG,25,3,AFF,T,0.4175121660106452,1.0703495162730436e-15
CCA.GTGG,CCATGTGG,25,3,RAND,T,1.2021845985225597,0.009387322357485219
CCAC.TGG,CCACATGG,25,4,AFF,A,0.43802211718914497,2.0427317514078456e-25
CCAC.TGG,CCACATGG,25,4,RAND,A,-0.5421365705858483,0.2934389910051447
CCAC.TGG,CCACCTGG,25,4,AFF,C,0.5442960472837344,4.360555265377564e-33
CCAC.TGG,CCACCTGG,25,4,RAND,C,-0.6403131156532056,0.2536242105550689
CCAC.TGG,CCACGTGG,25,4,AFF,G,0.35666369914525897,3.151046334293703e-22
CCAC.TGG,CCACGTGG,25,4,RAND,G,1.045097068597182,0.007514510640893763
CCAC.TGG,CCACTTGG,25,4,AFF,T,0.4175121660106452,1.0703495162730436e-15
CCAC.TGG,CCACTTGG,25,4,RAND,T,1.2021845985225597,0.009387322357485219
CCACG.GG,CCACGAGG,25,5,AFF,A,0.43802211718914497,2.0427317514078456e-25
CCACG.GG,CCACGAGG,25,5,RAND,A,-0.5421365705858483,0.2934389910051447
CCACG.GG,CCACGCGG,25,5,AFF,C,0.5442960472837344,4.360555265377564e-33
CCACG.GG,CCACGCGG,25,5,RAND,C,-0.6403131156532056,0.2536242105550689
CCACG.GG,CCACGGGG,25,5,AFF,G,0.35666369914525897,3.151046334293703e-22
CCACG.GG,CCACGGGG,25,5,RAND,G,1.045097068597182,0.007514510640893763
CCACG.GG,CCACGTGG,25,5,AFF,T,0.4175121660106452,1.0703495162730436e-15
CCACG.GG,CCACGTGG,25,5,RAND,T,1.2021845985225597,0.009387322357485219
CCACGT.G,CCACGTAG,25,6,AFF,A,0.43802211718914497,2.0427317514078456e-25
CCACGT.G,CCACGTAG,25,6,RAND,A,-0.5421365705858483,0.2934389910051447
CCACGT.G,CCACGTCG,25,6,AFF,C,0.5442960472837344,4.360555265377564e-33
CCACGT.G,CCACGTCG,25,6,RAND,C,-0.6403131156532056,0.2536242105550689
CCACGT.G,CCACGTGG,25,6,AFF,G,0.35666369914525897,3.151046334293703e-22
CCACGT.G,CCACGTGG,25,6,RAND,G,1.045097068597182,0.007514510640893763
CCACGT.G,CCACGTTG,25,6,AFF,T,0.4175121660106452,1.0703495162730436e-15
CCACGT.G,CCACGTTG,25,6,RAND,T,1.2021845985225597,0.009387322357485219
CCACGTG.,CCACGTGA,25,7,AFF,A,0.43802211718914497,2.0427317514078456e-25
CCACGTG.,CCACGTGA,25,7,RAND,A,-0.5421365705858483,0.2934389910051447
CCACGTG.,CCACGTGC,25,7,AFF,C,0.5442960472837344,4.360555265377564e-33
CCACGTG.,CCACGTGC,25,7,RAND,C,-0.6403131156532056,0.2536242105550689
CCACGTG.,CCACGTGG,25,7,AFF,G,0.35666369914525897,3.151046334293703e-22
CCACGTG.,CCACGTGG,25,7,RAND,G,1.045097068597182,0.007514510640893763
CCACGTG.,CCACGTGT,25,7,AFF,T,0.4175121660106452,1.0703495162730436e-15
CCACGTG.,CCACGTGT,25,7,RAND,T,1.2021845985225597,0.009387322357485219
.ACGTGGG,AACGTGGG,26,0,AFF,A,0.46803805462350045,4.3397979224294465e-21
.ACGTGGG,AACGTGGG,26,0,RAND,A,-0.5023559554030332,0.48930913176314983
.ACGTGGG,CACGTGGG,26,0,AFF,C,0.20583641594106955,1.9370766842109662e-07
.ACGTGGG,CACGTGGG,26,0,RAND,C,1.4628833575939926,0.00859204489683512
.ACGTGGG,GACGTGGG,26,0,AFF,G,0.5395825856454377,9.8567967392679e-43
.ACGTGGG,GACGTGGG,26,0,RAND,G,1.2205678972531733,0.06349435360004056
.ACGTGGG,TACGTGGG,26,0,AFF,T,0.3113752157743601,2.7842982059838598e-11
.ACGTGGG,TACGTGGG,26,0,RAND,T,0.2802279824638233,0.6223496737632186
C.CGTGGG,CACGTGGG,26,1,AFF,A,0.46803805462350045,4.3397979224294465e-21
C.CGTGGG,CACGTGGG,26,1,RAND,A,-0.5023559554030332,0.48930913176314983
C.CGTGGG,CCCGTGGG,26,1,AFF,C,0.20583641594106955,1.9370766842109662e-07
C.CGTGGG,CCCGTGGG,26,1,RAND,C,1.4628833575939926,0.00859204489683512
C.CGTGGG,CGCGTGGG,26,1,AFF,G,0.5395825856454377,9.8567967392679e-43
C.CGTGGG,CGCGTGGG,26,1,RAND,G,1.2205678972531733,0.06349435360004056
C.CGTGGG,CTCGTGGG,26,1,AFF,T,0.3113752157743601,2.7842982059838598e-11
C.CGTGGG,CTCGTGGG,26,1,RAND,T,0.2802279824638233,0.6223496737632186
CA.GTGGG,CAAGTGGG,26,2,AFF,A,0.46803805462350045,4.3397979224294465e-21
CA.GTGGG,CAAGTGGG,26,2,RAND,A,-0.5023559554030332,0.48930913176314983
CA.GTGGG,CACGTGGG,26,2,AFF,C,0.20583641594106955,1.9370766842109662e-07
CA.GTGGG,CACGTGGG,26,2,RAND,C,1.4628833575939926,0.00859204489683512
CA.GTGGG,CAGGTGGG,26,2,AFF,G,0.5395825856454377,9.8567967392679e-43
CA.GTGGG,CAGGTGGG,26,2,RAND,G,1.2205678972531733,0.06349435360004056
CA.GTGGG,CATGTGGG,26,2,AFF,T,0.3113752157743601,2.7842982059838598e-11
CA.GTGGG,CATGTGGG,26,2,RAND,T,0.2802279824638233,0.6223496737632186
CAC.TGGG,CACATGGG,26,3,AFF,A,0.46803805462350045,4.3397979224294465e-21
CAC.TGGG,CACATGGG,26,3,RAND,A,-0.5023559554030332,0.48930913176314983
CAC.TGGG,CACCTGGG,26,3,AFF,C,0.20583641594106955,1.9370766842109662e-07
CAC.TGGG,CACCTGGG,26,3,RAND,C,1.4628833575939926,0.00859204489683512
CAC.TGGG,CACGTGGG,26,3,AFF,G,0.5395825856454377,9.8567967392679e-43
CAC.TGGG,CACGTGGG,26,3,RAND,G,1.2205678972531733,0.06349435360004056
CAC.TGGG,CACTTGGG,26,3,AFF,T,0.3113752157743601,2.7842982059838598e-11
CAC.TGGG,CACTTGGG,26,3,RAND,T,0.2802279824638233,0.6223496737632186
CACG.GGG,CACGAGGG,26,4,AFF,A,0.46803805462350045,4.3397979224294465e-21
CACG.GGG,CACGAGGG,26,4,RAND,A,-0.5023559554030332,0.48930913176314983
CACG.GGG,CACGCGGG,26,4,AFF,C,0.20583641594106955,1.9370766842109662e-07
CACG.GGG,CACGCGGG,26,4,RAND,C,1.4628833575939926,0.00859204489683512
CACG.GGG,CACGGGGG,26,4,AFF,G,0.5395825856454377,9.8567967392679e-43
CACG.GGG,CACGGGGG,26,4,RAND,G,1.2205678972531733,0.06349435360004056
CACG.GGG,CACGTGGG,26,4,AFF,T,0.3113752157743601,2.7842982059838598e-11
CACG.GGG,CACGTGGG,26,4,RAND,T,0.2802279824638233,0.6223496737632186
CACGT.GG,CACGTAGG,26,5,AFF,A,0.46803805462350045,4.3397979224294465e-21
CACGT.GG,CACGTAGG,26,5,RAND,A,-0.5023559554030332,0.48930913176314983
CACGT.GG,CACGTCGG,26,5,AFF,C,0.20583641594106955,1.9370766842109662e-07
CACGT.GG,CACGTCGG,26,5,RAND,C,1.4628833575939926,0.00859204489683512
CACGT.GG,CACGTGGG,26,5,AFF,G,0.5395825856454377,9.8567967392679e-43
CACGT.GG,CACGTGGG,26,5,RAND,G,1.2205678972531733,0.06349435360004056
CACGT.GG,CACGTTGG,26,5,AFF,T,0.3113752157743601,2.7842982059838598e-11
CACGT.GG,CACGTTGG,26,5,RAND,T,0.2802279824638233,0.6223496737632186
CACGTG.G,CACGTGAG,26,6,AFF,A,0.46803805462350045,4.3397979224294465e-21
CACGTG.G,CACGTGAG,26,6,RAND,A,-0.5023559554030332,0.48930913176314983
CACGTG.G,CACGTGCG,26,6,AFF,C,0.20583641594106955,1.9370766842109662e-07
CACGTG.G,CACGTGCG,26,6,RAND,C,1.4628833575939926,0.00859204489683512
CACGTG.G,CACGTGGG,26,6,AFF,G,0.5395825856454377,9.8567967392679e-43
CACGTG.G,CACGTGGG,26,6,RAND,G,1.2205678972531733,0.06349435360004056
CACGTG.G,CACGTGTG,26,6,AFF,T,0.3113752157743601,2.7842982059838598e-11
CACGTG.G,CACGTGTG,26,6,RAND,T,0.2802279824638233,0.6223496737632186
CACGTGG.,CACGTGGA,26,7,AFF,A,0.46803805462350045,4.3397979224294465e-21
CACGTGG.,CACGTGGA,26,7,RAND,A,-0.5023559554030332,0.48930913176314983
CACGTGG.,CACGTGGC,26,7,AFF,C,0.20583641594106955,1.9370766842109662e-07
CACGTGG.,CACGTGGC,26,7,RAND,C,1.4628833575939926,0.00859204489683512
CACGTGG.,CACGTGGG,26,7,AFF,G,0.5395825856454377,9.8567967392679e-43
CACGTGG.,CACGTGGG,26,7,RAND,G,1.2205678972531733,0.06349435360004056
CACGTGG.,CACGTGGT,26,7,AFF,T,0.3113752157743601,2.7842982059838598e-11
CACGTGG.,CACGTGGT,26,7,RAND,T,0.2802279824638233,0.6223496737632186
.CGTGGGA,ACGTGGGA,27,0,AFF,A,0.24323383002104904,2.2822771191137282e-05
.CGTGGGA,ACGTGGGA,27,0,RAND,A,0.140476631720501,0.7976798059217308
.CGTGGGA,CCGTGGGA,27,0,AFF,C,0.4493212021709372,8.704081095189067e-18
.CGTGGGA,CCGTGGGA,27,0,RAND,C,-0.5160158213195967,0.5842916687449717
.CGTGGGA,GCGTGGGA,27,0,AFF,G,0.5379327504598699,7.494882663261484e-28
.CGTGGGA,GCGTGGGA,27,0,RAND,G,-0.09331726365921078,0.8806418923223404
.CGTGGGA,TCGTGGGA,27,0,AFF,T,0.1768098573253306,0.0058197508477549785
.CGTGGGA,TCGTGGGA,27,0,RAND,T,-0.4790537621476646,0.6275268053437758
A.GTGGGA,AAGTGGGA,27,1,AFF,A,0.24323383002104904,2.2822771191137282e-05
A.GTGGGA,AAGTGGGA,27,1,RAND,A,0.140476631720501,0.7976798059217308
A.GTGGGA,ACGTGGGA,27,1,AFF,C,0.4493212021709372,8.704081095189067e-18
A.GTGGGA,ACGTGGGA,27,1,RAND,C,-0.5160158213195967,0.5842916687449717
A.GTGGGA,AGGTGGGA,27,1,AFF,G,0.5379327504598699,7.494882663261484e-28
A.GTGGGA,AGGTGGGA,27,1,RAND,G,-0.09331726365921078,0.8806418923223404
A.GTGGGA,ATGTGGGA,27,1,AFF,T,0.1768098573253306,0.0058197508477549785
A.GTGGGA,ATGTGGGA,27,1,RAND,T,-0.4790537621476646,0.6275268053437758
AC.TGGGA,ACATGGGA,27,2,AFF,A,0.24323383002104904,2.2822771191137282e-05
AC.TGGGA,ACATGGGA,27,2,RAND,A,0.140476631720501,0.7976798059217308
AC.TGGGA,ACCTGGGA,27,2,AFF,C,0.4493212021709372,8.704081095189067e-18
AC.TGGGA,ACCTGGGA,27,2,RAND,C,-0.5160158213195967,0.5842916687449717
AC.TGGGA,ACGTGGGA,27,2,AFF,G,0.5379327504598699,7.494882663261484e-28
AC.TGGGA,ACGTGGGA,27,2,RAND,G,-0.09331726365921078,0.8806418923223404
AC.TGGGA,ACTTGGGA,27,2,AFF,T,0.1768098573253306,0.0058197508477549785
AC.TGGGA,ACTTGGGA,27,2,RAND,T,-0.4790537621476646,0.6275268053437758
ACG.GGGA,ACGAGGGA,27,3,AFF,A,0.24323383002104904,2.2822771191137282e-05
ACG.GGGA,ACGAGGGA,27,3,RAND,A,0.140476631720501,0.7976798059217308
ACG.GGGA,ACGCGGGA,27,3,AFF,C,0.4493212021709372,8.704081095189067e-18
ACG.GGGA,ACGCGGGA,27,3,RAND,C,-0.5160158213195967,0.5842916687449717
ACG.GGGA,ACGGGGGA,27,3,AFF,G,0.5379327504598699,7.494882663261484e-28
ACG.GGGA,ACGGGGGA,27,3,RAND,G,-0.09331726365921078,0.8806418923223404
ACG.GGGA,ACGTGGGA,27,3,AFF,T,0.1768098573253306,0.0058197508477549785
ACG.GGGA,ACGTGGGA,27,3,RAND,T,-0.4790537621476646,0.6275268053437758
ACGT.GGA,ACGTAGGA,27,4,AFF,A,0.24323383002104904,2.2822771191137282e-05
ACGT.GGA,ACGTAGGA,27,4,RAND,A,0.140476631720501,0.7976798059217308
ACGT.GGA,ACGTCGGA,27,4,AFF,C,0.4493212021709372,8.704081095189067e-18
ACGT.GGA,ACGTCGGA,27,4,RAND,C,-0.5160158213195967,0.5842916687449717
ACGT.GGA,ACGTGGGA,27,4,AFF,G,0.5379327504598699,7.494882663261484e-28
ACGT.GGA,ACGTGGGA,27,4,RAND,G,-0.09331726365921078,0.8806418923223404
ACGT.GGA,ACGTTGGA,27,4,AFF,T,0.1768098573253306,0.0058197508477549785
ACGT.GGA,ACGTTGGA,27,4,RAND,T,-0.4790537621476646,0.6275268053437758
ACGTG.GA,ACGTGAGA,27,5,AFF,A,0.24323383002104904,2.2822771191137282e-05
ACGTG.GA,ACGTGAGA,27,5,RAND,A,0.140476631720501,0.7976798059217308
ACGTG.GA,ACGTGCGA,27,5,AFF,C,0.4493212021709372,8.704081095189067e-18
ACGTG.GA,ACGTGCGA,27,5,RAND,C,-0.5160158213195967,0.5842916687449717
ACGTG.GA,ACGTGGGA,27,5,AFF,G,0.5379327504598699,7.494882663261484e-28
ACGTG.GA,ACGTGGGA,27,5,RAND,G,-0.09331726365921078,0.8806418923223404
ACGTG.GA,ACGTGTGA,27,5,AFF,T,0.1768098573253306,0.0058197508477549785
ACGTG.GA,ACGTGTGA,27,5,RAND,T,-0.4790537621476646,0.6275268053437758
ACGTGG.A,ACGTGGAA,27,6,AFF,A,0.24323383002104904,2.2822771191137282e-05
ACGTGG.A,ACGTGGAA,27,6,RAND,A,0.140476631720501,0.7976798059217308
ACGTGG.A,ACGTGGCA,27,6,AFF,C,0.4493212021709372,8.704081095189067e-18
ACGTGG.A,ACGTGGCA,27,6,RAND,C,-0.5160158213195967,0.5842916687449717
ACGTGG.A,ACGTGGGA,27,6,AFF,G,0.5379327504598699,7.494882663261484e-28
ACGTGG.A,ACGTGGGA,27,6,RAND,G,-0.09331726365921078,0.8806418923223404
ACGTGG.A,ACGTGGTA,27,6,AFF,T,0.1768098573253306,0.0058197508477549785
ACGTGG.A,ACGTGGTA,27,6,RAND,T,-0.4790537621476646,0.6275268053437758
ACGTGGG.,ACGTGGGA,27,7,AFF,A,0.24323383002104904,2.2822771191137282e-05
ACGTGGG.,ACGTGGGA,27,7,RAND,A,0.140476631720501,0.7976798059217308
ACGTGGG.,ACGTGGGC,27,7,AFF,C,0.4493212021709372,8.704081095189067e-18
ACGTGGG.,ACGTGGGC,27,7,RAND,C,-0.5160158213195967,0.5842916687449717
ACGTGGG.,ACGTGGGG,27,7,AFF,G,0.5379327504598699,7.494882663261484e-28
ACGTGGG.,ACGTGGGG,27,7,RAND,G,-0.09331726365921078,0.8806418923223404
ACGTGGG.,ACGTGGGT,27,7,AFF,T,0.1768098573253306,0.0058197508477549785
ACGTGGG.,ACGTGGGT,27,7,RAND,T,-0.4790537621476646,0.6275268053437758
.GTGGGAA,AGTGGGAA,28,0,AFF,A,0.18783807071697278,0.0012851090524710312
.GTGGGAA,AGTGGGAA,28,0,RAND,A,-0.4698965706796483,0.7482473993020625
.GTGGGAA,CGTGGGAA,28,0,AFF,C,0.6572629519392684,5.08427799542919e-22
.GTGGGAA,CGTGGGAA,28,0,RAND,C,nan,nan
.GTGGGAA,GGTGGGAA,28,0,AFF,G,0.46112246027696013,5.268972804329393e-24
.GTGGGAA,GGTGGGAA,28,0,RAND,G,0.758435401371014,0.1981991521019565
.GTGGGAA,TGTGGGAA,28,0,AFF,T,0.2832153029858316,0.00012475195357471302
.GTGGGAA,TGTGGGAA,28,0,RAND,T,-2.445699764678586,0.2694514680416603
C.TGGGAA,CATGGGAA,28,1,AFF,A,0.18783807071697278,0.0012851090524710312
C.TGGGAA,CATGGGAA,28,1,RAND,A,-0.4698965706796483,0.7482473993020625
C.TGGGAA,CCTGGGAA,28,1,AFF,C,0.6572629519392684,5.08427799542919e-22
C.TGGGAA,CCTGGGAA,28,1,RAND,C,nan,nan
C.TGGGAA,CGTGGGAA,28,1,AFF,G,0.46112246027696013,5.268972804329393e-24
C.TGGGAA,CGTGGGAA,28,1,RAND,G,0.758435401371014,0.1981991521019565
C.TGGGAA,CTTGGGAA,28,1,AFF,T,0.2832153029858316,0.00012475195357471302
C.TGGGAA,CTTGGGAA,28,1,RAND,T,-2.445699764678586,0.2694514680416603
CG.GGGAA,CGAGGGAA,28,2,AFF,A,0.18783807071697278,0.0012851090524710312
CG.GGGAA,CGAGGGAA,28,2,RAND,A,-0.4698965706796483,0.7482473993020625
CG.GGGAA,CGCGGGAA,28,2,AFF,C,0.6572629519392684,5.08427799542919e-22
CG.GGGAA,CGCGGGAA,28,2,RAND,C,nan,nan
CG.GGGAA,CGGGGGAA,28,2,AFF,G,0.46112246027696013,5.268972804329393e-24
CG.GGGAA,CGGGGGAA,28,2,RAND,G,0.758435401371014,0.1981991521019565
CG.GGGAA,CGTGGGAA,28,2,AFF,T,0.2832153029858316,0.00012475195357471302
CG.GGGAA,CGTGGGAA,28,2,RAND,T,-2.445699764678586,0.2694514680416603
CGT.GGAA,CGTAGGAA,28,3,AFF,A,0.18783807071697278,0.0012851090524710312
CGT.GGAA,CGTAGGAA,28,3,RAND,A,-0.4698965706796483,0.7482473993020625
CGT.GGAA,CGTCGGAA,28,3,AFF,C,0.6572629519392684,5.08427799542919e-22
CGT.GGAA,CGTCGGAA,28,3,RAND,C,nan,nan
CGT.GGAA,CGTGGGAA,28,3,AFF,G,0.46112246027696013,5.268972804329393e-24
CGT.GGAA,CGTGGGAA,28,3,RAND,G,0.758435401371014,0.1981991521019565
CGT.GGAA,CGTTGGAA,28,3,AFF,T,0.2832153029858316,0.00012475195357471302
CGT.GGAA,CGTTGGAA,28,3,RAND,T,-2.445699764678586,0.2694514680416603
CGTG.GAA,CGTGAGAA,28,4,AFF,A,0.18783807071697278,0.0012851090524710312
CGTG.GAA,CGTGAGAA,28,4,RAND,A,-0.4698965706796483,0.7482473993020625
CGTG.GAA,CGTGCGAA,28,4,AFF,C,0.6572629519392684,5.08427799542919e-22
CGTG.GAA,CGTGCGAA,28,4,RAND,C,nan,nan
CGTG.GAA,CGTGGGAA,28,4,AFF,G,0.46112246027696013,5.268972804329393e-24
CGTG.GAA,CGTGGGAA,28,4,RAND,G,0.758435401371014,0.1981991521019565
CGTG.GAA,CGTGTGAA,28,4,AFF,T,0.2832153029858316,0.00012475195357471302
CGTG.GAA,CGTGTGAA,28,4,RAND,T,-2.445699764678586,0.2694514680416603
CGTGG.AA,CGTGGAAA,28,5,AFF,A,0.18783807071697278,0.0012851090524710312
CGTGG.AA,CGTGGAAA,28,5,RAND,A,-0.4698965706796483,0.7482473993020625
CGTGG.AA,CGTGGCAA,28,5,AFF,C,0.6572629519392684,5.08427799542919e-22
CGTGG.AA,CGTGGCAA,28,5,RAND,C,nan,nan
CGTGG.AA,CGTGGGAA,28,5,AFF,G,0.46112246027696013,5.268972804329393e-24
CGTGG.AA,CGTGGGAA,28,5,RAND,G,0.758435401371014,0.1981991521019565
CGTGG.AA,CGTGGTAA,28,5,AFF,T,0.2832153029858316,0.00012475195357471302
CGTGG.AA,CGTGGTAA,28,5,RAND,T,-2.445699764678586,0.2694514680416603
CGTGGG.A,CGTGGGAA,28,6,AFF,A,0.18783807071697278,0.0012851090524710312
CGTGGG.A,CGTGGGAA,28,6,RAND,A,-0.4698965706796483,0.7482473993020625
CGTGGG.A,CGTGGGCA,28,6,AFF,C,0.6572629519392684,5.08427799542919e-22
CGTGGG.A,CGTGGGCA,28,6,RAND,C,nan,nan
CGTGGG.A,CGTGGGGA,28,6,AFF,G,0.46112246027696013,5.268972804329393e-24
CGTGGG.A,CGTGGGGA,28,6,RAND,G,0.758435401371014,0.1981991521019565
CGTGGG.A,CGTGGGTA,28,6,AFF,T,0.2832153029858316,0.00012475195357471302
CGTGGG.A,CGTGGGTA,28,6,RAND,T,-2.445699764678586,0.2694514680416603
CGTGGGA.,CGTGGGAA,28,7,AFF,A,0.18783807071697278,0.0012851090524710312
CGTGGGA.,CGTGGGAA,28,7,RAND,A,-0.4698965706796483,0.7482473993020625
CGTGGGA.,CGTGGGAC,28,7,AFF,C,0.6572629519392684,5.08427799542919e-22
CGTGGGA.,CGTGGGAC,28,7,RAND,C,nan,nan
CGTGGGA.,CGTGGGAG,28,7,AFF,G,0.46112246027696013,5.268972804329393e-24
CGTGGGA.,CGTGGGAG,28,7,RAND,G,0.758435401371014,0.1981991521019565
CGTGGGA.,CGTGGGAT,28,7,AFF,T,0.2832153029858316,0.00012475195357471302
CGTGGGA.,CGTGGGAT,28,7,RAND,T,-2.445699764678586,0.2694514680416603
.TGGGAAG,ATGGGAAG,29,0,AFF,A,0.38557703650056663,8.795289984556618e-22
.TGGGAAG,ATGGGAAG,29,0,RAND,A,0.0006578427639787332,0.9988786229774099
.TGGGAAG,CTGGGAAG,29,0,AFF,C,0.5532827931691303,9.008573739751505e-37
.TGGGAAG,CTGGGAAG,29,0,RAND,C,0.33805366986788865,0.3586297728512129
.TGGGAAG,GTGGGAAG,29,0,AFF,G,0.4128777740501187,2.6732636468122066e-33
.TGGGAAG,GTGGGAAG,29,0,RAND,G,0.4681232490762375,0.07707470520111409
.TGGGAAG,TTGGGAAG,29,0,AFF,T,0.0824013283125572,0.11064555396381709
.TGGGAAG,TTGGGAAG,29,0,RAND,T,0.5978413152648139,0.24151903488799742
G.GGGAAG,GAGGGAAG,29,1,AFF,A,0.38557703650056663,8.795289984556618e-22
G.GGGAAG,GAGGGAAG,29,1,RAND,A,0.0006578427639787332,0.9988786229774099
G.GGGAAG,GCGGGAAG,29,1,AFF,C,0.5532827931691303,9.008573739751505e-37
G.GGGAAG,GCGGGAAG,29,1,RAND,C,0.33805366986788865,0.3586297728512129
G.GGGAAG,GGGGGAAG,29,1,AFF,G,0.4128777740501187,2.6732636468122066e-33
G.GGGAAG,GGGGGAAG,29,1,RAND,G,0.4681232490762375,0.07707470520111409
G.GGGAAG,GTGGGAAG,29,1,AFF,T,0.0824013283125572,0.11064555396381709
G.GGGAAG,GTGGGAAG,29,1,RAND,T,0.5978413152648139,0.24151903488799742
GT.GGAAG,GTAGGAAG,29,2,AFF,A,0.38557703650056663,8.795289984556618e-22
GT.GGAAG,GTAGGAAG,29,2,RAND,A,0.0006578427639787332,0.9988786229774099
GT.GGAAG,GTCGGAAG,29,2,AFF,C,0.5532827931691303,9.008573739751505e-37
GT.GGAAG,GTCGGAAG,29,2,RAND,C,0.33805366986788865,0.3586297728512129
GT.GGAAG,GTGGGAAG,29,2,AFF,G,0.4128777740501187,2.6732636468122066e-33
GT.GGAAG,GTGGGAAG,29,2,RAND,G,0.4681232490762375,0.07707470520111409
GT.GGAAG,GTTGGAAG,29,2,AFF,T,0.0824013283125572,0.11064555396381709
GT.GGAAG,GTTGGAAG,29,2,RAND,T,0.5978413152648139,0.24151903488799742
GTG.GAAG,GTGAGAAG,29,3,AFF,A,0.38557703650056663,8.795289984556618e-22
GTG.GAAG,GTGAGAAG,29,3,RAND,A,0.0006578427639787332,0.9988786229774099
GTG.GAAG,GTGCGAAG,29,3,AFF,C,0.5532827931691303,9.008573739751505e-37
GTG.GAAG,GTGCGAAG,29,3,RAND,C,0.33805366986788865,0.3586297728512129
GTG.GAAG,GTGGGAAG,29,3,AFF,G,0.4128777740501187,2.6732636468122066e-33
GTG.GAAG,GTGGGAAG,29,3,RAND,G,0.4681232490762375,0.07707470520111409
GTG.GAAG,GTGTGAAG,29,3,AFF,T,0.0824013283125572,0.11064555396381709
GTG.GAAG,GTGTGAAG,29,3,RAND,T,0.5978413152648139,0.24151903488799742
GTGG.AAG,GTGGAAAG,29,4,AFF,A,0.38557703650056663,8.795289984556618e-22
GTGG.AAG,GTGGAAAG,29,4,RAND,A,0.0006578427639787332,0.9988786229774099
GTGG.AAG,GTGGCAAG,29,4,AFF,C,0.5532827931691303,9.008573739751505e-37
GTGG.AAG,GTGGCAAG,29,4,RAND,C,0.33805366986788865,0.3586297728512129
GTGG.AAG,GTGGGAAG,29,4,AFF,G,0.4128777740501187,2.6732636468122066e-33
GTGG.AAG,GTGGGAAG,29,4,RAND,G,0.4681232490762375,0.07707470520111409
GTGG.AAG,GTGGTAAG,29,4,AFF,T,0.0824013283125572,0.11064555396381709
GTGG.AAG,GTGGTAAG,29,4,RAND,T,0.5978413152648139,0.24151903488799742
GTGGG.AG,GTGGGAAG,29,5,AFF,A,0.38557703650056663,8.795289984556618e-22
GTGGG.AG,GTGGGAAG,29,5,RAND,A,0.0006578427639787332,0.9988786229774099
GTGGG.AG,GTGGGCAG,29,5,AFF,C,0.5532827931691303,9.008573739751505e-37
GTGGG.AG,GTGGGCAG,29,5,RAND,C,0.33805366986788865,0.3586297728512129
GTGGG.AG,GTGGGGAG,29,5,AFF,G,0.4128777740501187,2.6732636468122066e-33
GTGGG.AG,GTGGGGAG,29,5,RAND,G,0.4681232490762375,0.07707470520111409
GTGGG.AG,GTGGGTAG,29,5,AFF,T,0.0824013283125572,0.11064555396381709
GTGGG.AG,GTGGGTAG,29,5,RAND,T,0.5978413152648139,0.24151903488799742
GTGGGA.G,GTGGGAAG,29,6,AFF,A,0.38557703650056663,8.795289984556618e-22
GTGGGA.G,GTGGGAAG,29,6,RAND,A,0.0006578427639787332,0.9988786229774099
GTGGGA.G,GTGGGACG,29,6,AFF,C,0.5532827931691303,9.008573739751505e-37
GTGGGA.G,GTGGGACG,29,6,RAND,C,0.33805366986788865,0.3586297728512129
GTGGGA.G,GTGGGAGG,29,6,AFF,G,0.4128777740501187,2.6732636468122066e-33
GTGGGA.G,GTGGGAGG,29,6,RAND,G,0.4681232490762375,0.07707470520111409
GTGGGA.G,GTGGGATG,29,6,AFF,T,0.0824013283125572,0.11064555396381709
GTGGGA.G,GTGGGATG,29,6,RAND,T,0.5978413152648139,0.24151903488799742
GTGGGAA.,GTGGGAAA,29,7,AFF,A,0.38557703650056663,8.795289984556618e-22
GTGGGAA.,GTGGGAAA,29,7,RAND,A,0.0006578427639787332,0.9988786229774099
GTGGGAA.,GTGGGAAC,29,7,AFF,C,0.5532827931691303,9.008573739751505e-37
GTGGGAA.,GTGGGAAC,29,7,RAND,C,0.33805366986788865,0.3586297728512129
GTGGGAA.,GTGGGAAG,29,7,AFF,G,0.4128777740501187,2.6732636468122066e-33
GTGGGAA.,GTGGGAAG,29,7,RAND,G,0.4681232490762375,0.07707470520111409
GTGGGAA.,GTGGGAAT,29,7,AFF,T,0.0824013283125572,0.11064555396381709
GTGGGAA.,GTGGGAAT,29,7,RAND,T,0.5978413152648139,0.24151903488799742
.GGGAAGC,AGGGAAGC,30,0,AFF,A,0.23400171785385127,1.9981398157636388e-12
.GGGAAGC,AGGGAAGC,30,0,RAND,A,0.5874111957589719,0.167364591557715
.GGGAAGC,CGGGAAGC,30,0,AFF,C,0.414995642873497,1.7803749292739006e-34
.GGGAAGC,CGGGAAGC,30,0,RAND,C,-0.253090261290257,0.6074213345344774
.GGGAAGC,GGGGAAGC,30,0,AFF,G,0.31005527144587874,1.5147990674575034e-27
.GGGAAGC,GGGGAAGC,30,0,RAND,G,0.07005645043168418,0.8294976289039341
.GGGAAGC,TGGGAAGC,30,0,AFF,T,0.5522541570360426,6.209696915703123e-55
.GGGAAGC,TGGGAAGC,30,0,RAND,T,1.0691836641500037,0.003433809536497824
T.GGAAGC,TAGGAAGC,30,1,AFF,A,0.23400171785385127,1.9981398157636388e-12
T.GGAAGC,TAGGAAGC,30,1,RAND,A,0.5874111957589719,0.167364591557715
T.GGAAGC,TCGGAAGC,30,1,AFF,C,0.414995642873497,1.7803749292739006e-34
T.GGAAGC,TCGGAAGC,30,1,RAND,C,-0.253090261290257,0.6074213345344774
T.GGAAGC,TGGGAAGC,30,1,AFF,G,0.31005527144587874,1.5147990674575034e-27
T.GGAAGC,TGGGAAGC,30,1,RAND,G,0.07005645043168418,0.8294976289039341
T.GGAAGC,TTGGAAGC,30,1,AFF,T,0.5522541570360426,6.209696915703123e-55
T.GGAAGC,TTGGAAGC,30,1,RAND,T,1.0691836641500037,0.003433809536497824
TG.GAAGC,TGAGAAGC,30,2,AFF,A,0.23400171785385127,1.9981398157636388e-12
TG.GAAGC,TGAGAAGC,30,2,RAND,A,0.5874111957589719,0.167364591557715
TG.GAAGC,TGCGAAGC,30,2,AFF,C,0.414995642873497,1.7803749292739006e-34
TG.GAAGC,TGCGAAGC,30,2,RAND,C,-0.253090261290257,0.6074213345344774
TG.GAAGC,TGGGAAGC,30,2,AFF,G,0.31005527144587874,1.5147990674575034e-27
TG.GAAGC,TGGGAAGC,30,2,RAND,G,0.07005645043168418,0.8294976289039341
TG.GAAGC,TGTGAAGC,30,2,AFF,T,0.5522541570360426,6.209696915703123e-55
TG.GAAGC,TGTGAAGC,30,2,RAND,T,1.0691836641500037,0.003433809536497824
TGG.AAGC,TGGAAAGC,30,3,AFF,A,0.23400171785385127,1.9981398157636388e-12
TGG.AAGC,TGGAAAGC,30,3,RAND,A,0.5874111957589719,0.167364591557715
TGG.AAGC,TGGCAAGC,30,3,AFF,C,0.414995642873497,1.7803749292739006e-34
TGG.AAGC,TGGCAAGC,30,3,RAND,C,-0.253090261290257,0.6074213345344774
TGG.AAGC,TGGGAAGC,30,3,AFF,G,0.31005527144587874,1.5147990674575034e-27
TGG.AAGC,TGGGAAGC,30,3,RAND,G,0.07005645043168418,0.8294976289039341
TGG.AAGC,TGGTAAGC,30,3,AFF,T,0.5522541570360426,6.209696915703123e-55
TGG.AAGC,TGGTAAGC,30,3,RAND,T,1.0691836641500037,0.003433809536497824
TGGG.AGC,TGGGAAGC,30,4,AFF,A,0.23400171785385127,1.9981398157636388e-12
TGGG.AGC,TGGGAAGC,30,4,RAND,A,0.5874111957589719,0.167364591557715
TGGG.AGC,TGGGCAGC,30,4,AFF,C,0.414995642873497,1.7803749292739006e-34
TGGG.AGC,TGGGCAGC,30,4,RAND,C,-0.253090261290257,0.6074213345344774
TGGG.AGC,TGGGGAGC,30,4,AFF,G,0.31005527144587874,1.5147990674575034e-27
TGGG.AGC,TGGGGAGC,30,4,RAND,G,0.07005645043168418,0.8294976289039341
TGGG.AGC,TGGGTAGC,30,4,AFF,T,0.5522541570360426,6.209696915703123e-55
TGGG.AGC,TGGGTAGC,30,4,RAND,T,1.0691836641500037,0.003433809536497824
TGGGA.GC,TGGGAAGC,30,5,AFF,A,0.23400171785385127,1.9981398157636388e-12
TGGGA.GC,TGGGAAGC,30,5,RAND,A,0.5874111957589719,0.167364591557715
TGGGA.GC,TGGGACGC,30,5,AFF,C,0.414995642873497,1.7803749292739006e-34
TGGGA.GC,TGGGACGC,30,5,RAND,C,-0.253090261290257,0.6074213345344774
TGGGA.GC,TGGGAGGC,30,5,AFF,G,0.31005527144587874,1.5147990674575034e-27
TGGGA.GC,TGGGAGGC,30,5,RAND,G,0.07005645043168418,0.8294976289039341
TGGGA.GC,TGGGATGC,30,5,AFF,T,0.5522541570360426,6.209696915703123e-55
TGGGA.GC,TGGGATGC,30,5,RAND,T,1.0691836641500037,0.003433809536497824
TGGGAA.C,TGGGAAAC,30,6,AFF,A,0.23400171785385127,1.9981398157636388e-12
TGGGAA.C,TGGGAAAC,30,6,RAND,A,0.5874111957589719,0.167364591557715
TGGGAA.C,TGGGAACC,30,6,AFF,C,0.414995642873497,1.7803749292739006e-34
TGGGAA.C,TGGGAACC,30,6,RAND,C,-0.253090261290257,0.6074213345344774
TGGGAA.C,TGGGAAGC,30,6,AFF,G,0.31005527144587874,1.5147990674575034e-27
TGGGAA.C,TGGGAAGC,30,6,RAND,G,0.07005645043168418,0.8294976289039341
TGGGAA.C,TGGGAATC,30,6,AFF,T,0.5522541570360426,6.209696915703123e-55
TGGGAA.C,TGGGAATC,30,6,RAND,T,1.0691836641500037,0.003433809536497824
TGGGAAG.,TGGGAAGA,30,7,AFF,A,0.23400171785385127,1.9981398157636388e-12
TGGGAAG.,TGGGAAGA,30,7,RAND,A,0.5874111957589719,0.167364591557715
TGGGAAG.,TGGGAAGC,30,7,AFF,C,0.414995642873497,1.7803749292739006e-34
TGGGAAG.,TGGGAAGC,30,7,RAND,C,-0.253090261290257,0.6074213345344774
TGGGAAG.,TGGGAAGG,30,7,AFF,G,0.31005527144587874,1.5147990674575034e-27
TGGGAAG.,TGGGAAGG,30,7,RAND,G,0.07005645043168418,0.8294976289039341
TGGGAAG.,TGGGAAGT,30,7,AFF,T,0.5522541570360426,6.209696915703123e-55
TGGGAAG.,TGGGAAGT,30,7,RAND,T,1.0691836641500037,0.003433809536497824
.GGAAGCG,AGGAAGCG,31,0,AFF,A,0.14650439407492427,6.7694908586841e-06
.GGAAGCG,AGGAAGCG,31,0,RAND,A,0.6971394280486163,0.05507030101290339
.GGAAGCG,CGGAAGCG,31,0,AFF,C,0.4727604755236829,2.481773410007429e-56
.GGAAGCG,CGGAAGCG,31,0,RAND,C,-0.6457724314540287,0.0347068369989128
.GGAAGCG,GGGAAGCG,31,0,AFF,G,0.80068270381012,1.9741133975833393e-109
.GGAAGCG,GGGAAGCG,31,0,RAND,G,1.8572952480922011,2.4080930142181717e-07
.GGAAGCG,TGGAAGCG,31,0,AFF,T,0.3300788699126671,2.782990037502451e-23
.GGAAGCG,TGGAAGCG,31,0,RAND,T,-0.20706515965824068,0.6189038548646472
G.GAAGCG,GAGAAGCG,31,1,AFF,A,0.14650439407492427,6.7694908586841e-06
G.GAAGCG,GAGAAGCG,31,1,RAND,A,0.6971394280486163,0.05507030101290339
G.GAAGCG,GCGAAGCG,31,1,AFF,C,0.4727604755236829,2.481773410007429e-56
G.GAAGCG,GCGAAGCG,31,1,RAND,C,-0.6457724314540287,0.0347068369989128
G.GAAGCG,GGGAAGCG,31,1,AFF,G,0.80068270381012,1.9741133975833393e-109
G.GAAGCG,GGGAAGCG,31,1,RAND,G,1.8572952480922011,2.4080930142181717e-07
G.GAAGCG,GTGAAGCG,31,1,AFF,T,0.3300788699126671,2.782990037502451e-23
G.GAAGCG,GTGAAGCG,31,1,RAND,T,-0.20706515965824068,0.6189038548646472
GG.AAGCG,GGAAAGCG,31,2,AFF,A,0.14650439407492427,6.7694908586841e-06
GG.AAGCG,GGAAAGCG,31,2,RAND,A,0.6971394280486163,0.05507030101290339
GG.AAGCG,GGCAAGCG,31,2,AFF,C,0.4727604755236829,2.481773410007429e-56
GG.AAGCG,GGCAAGCG,31,2,RAND,C,-0.6457724314540287,0.0347068369989128
GG.AAGCG,GGGAAGCG,31,2,AFF,G,0.80068270381012,1.9741133975833393e-109
GG.AAGCG,GGGAAGCG,31,2,RAND,G,1.8572952480922011,2.4080930142181717e-07
GG.AAGCG,GGTAAGCG,31,2,AFF,T,0.3300788699126671,2.782990037502451e-23
GG.AAGCG,GGTAAGCG,31,2,RAND,T,-0.20706515965824068,0.6189038548646472
GGG.AGCG,GGGAAGCG,31,3,AFF,A,0.14650439407492427,6.7694908586841e-06
GGG.AGCG,GGGAAGCG,31,3,RAND,A,0.6971394280486163,0.05507030101290339
GGG.AGCG,GGGCAGCG,31,3,AFF,C,0.4727604755236829,2.481773410007429e-56
GGG.AGCG,GGGCAGCG,31,3,RAND,C,-0.6457724314540287,0.0347068369989128
GGG.AGCG,GGGGAGCG,31,3,AFF,G,0.80068270381012,1.9741133975833393e-109
GGG.AGCG,GGGGAGCG,31,3,RAND,G,1.8572952480922011,2.4080930142181717e-07
GGG.AGCG,GGGTAGCG,31,3,AFF,T,0.3300788699126671,2.782990037502451e-23
GGG.AGCG,GGGTAGCG,31,3,RAND,T,-0.20706515965824068,0.6189038548646472
GGGA.GCG,GGGAAGCG,31,4,AFF,A,0.14650439407492427,6.7694908586841e-06
GGGA.GCG,GGGAAGCG,31,4,RAND,A,0.6971394280486163,0.05507030101290339
GGGA.GCG,GGGACGCG,31,4,AFF,C,0.4727604755236829,2.481773410007429e-56
GGGA.GCG,GGGACGCG,31,4,RAND,C,-0.6457724314540287,0.0347068369989128
GGGA.GCG,GGGAGGCG,31,4,AFF,G,0.80068270381012,1.9741133975833393e-109
GGGA.GCG,GGGAGGCG,31,4,RAND,G,1.8572952480922011,2.4080930142181717e-07
GGGA.GCG,GGGATGCG,31,4,AFF,T,0.3300788699126671,2.782990037502451e-23
GGGA.GCG,GGGATGCG,31,4,RAND,T,-0.20706515965824068,0.6189038548646472
GGGAA.CG,GGGAAACG,31,5,AFF,A,0.14650439407492427,6.7694908586841e-06
GGGAA.CG,GGGAAACG,31,5,RAND,A,0.6971394280486163,0.05507030101290339
GGGAA.CG,GGGAACCG,31,5,AFF,C,0.4727604755236829,2.481773410007429e-56
GGGAA.CG,GGGAACCG,31,5,RAND,C,-0.6457724314540287,0.0347068369989128
GGGAA.CG,GGGAAGCG,31,5,AFF,G,0.80068270381012,1.9741133975833393e-109
GGGAA.CG,GGGAAGCG,31,5,RAND,G,1.8572952480922011,2.4080930142181717e-07
GGGAA.CG,GGGAATCG,31,5,AFF,T,0.3300788699126671,2.782990037502451e-23
GGGAA.CG,GGGAATCG,31,5,RAND,T,-0.20706515965824068,0.6189038548646472
GGGAAG.G,GGGAAGAG,31,6,AFF,A,0.14650439407492427,6.7694908586841e-06
GGGAAG.G,GGGAAGAG,31,6,RAND,A,0.6971394280486163,0.05507030101290339
GGGAAG.G,GGGAAGCG,31,6,AFF,C,0.4727604755236829,2.481773410007429e-56
GGGAAG.G,GGGAAGCG,31,6,RAND,C,-0.6457724314540287,0.0347068369989128
GGGAAG.G,GGGAAGGG,31,6,AFF,G,0.80068270381012,1.9741133975833393e-109
GGGAAG.G,GGGAAGGG,31,6,RAND,G,1.8572952480922011,2.4080930142181717e-07
GGGAAG.G,GGGAAGTG,31,6,AFF,T,0.3300788699126671,2.782990037502451e-23
GGGAAG.G,GGGAAGTG,31,6,RAND,T,-0.20706515965824068,0.6189038548646472
GGGAAGC.,GGGAAGCA,31,7,AFF,A,0.14650439407492427,6.7694908586841e-06
GGGAAGC.,GGGAAGCA,31,7,RAND,A,0.6971394280486163,0.05507030101290339
GGGAAGC.,GGGAAGCC,31,7,AFF,C,0.4727604755236829,2.481773410007429e-56
GGGAAGC.,GGGAAGCC,31,7,RAND,C,-0.6457724314540287,0.0347068369989128
GGGAAGC.,GGGAAGCG,31,7,AFF,G,0.80068270381012,1.9741133975833393e-109
GGGAAGC.,GGGAAGCG,31,7,RAND,G,1.8572952480922011,2.4080930142181717e-07
GGGAAGC.,GGGAAGCT,31,7,AFF,T,0.3300788699126671,2.782990037502451e-23
GGGAAGC.,GGGAAGCT,31,7,RAND,T,-0.20706515965824068,0.6189038548646472
.GAAGCGC,AGAAGCGC,32,0,AFF,A,0.645551443431627,1.0092445618984617e-37
.GAAGCGC,AGAAGCGC,32,0,RAND,A,0.10437735898903411,0.780386065852152
.GAAGCGC,CGAAGCGC,32,0,AFF,C,0.59994454488154,3.83615109081067e-50
.GAAGCGC,CGAAGCGC,32,0,RAND,C,0.3444909369769644,0.3141629431588657
.GAAGCGC,GGAAGCGC,32,0,AFF,G,0.9276002704352998,3.9129358105614863e-146
.GAAGCGC,GGAAGCGC,32,0,RAND,G,1.237668616532215,0.0001463393178694336
.GAAGCGC,TGAAGCGC,32,0,AFF,T,0.35880931672834493,3.7930845972160996e-10
.GAAGCGC,TGAAGCGC,32,0,RAND,T,1.3532592585848313,0.004792714586238007
G.AAGCGC,GAAAGCGC,32,1,AFF,A,0.645551443431627,1.0092445618984617e-37
G.AAGCGC,GAAAGCGC,32,1,RAND,A,0.10437735898903411,0.780386065852152
G.AAGCGC,GCAAGCGC,32,1,AFF,C,0.59994454488154,3.83615109081067e-50
G.AAGCGC,GCAAGCGC,32,1,RAND,C,0.3444909369769644,0.3141629431588657
G.AAGCGC,GGAAGCGC,32,1,AFF,G,0.9276002704352998,3.9129358105614863e-146
G.AAGCGC,GGAAGCGC,32,1,RAND,G,1.237668616532215,0.0001463393178694336
G.AAGCGC,GTAAGCGC,32,1,AFF,T,0.35880931672834493,3.7930845972160996e-10
G.AAGCGC,GTAAGCGC,32,1,RAND,T,1.3532592585848313,0.004792714586238007
GG.AGCGC,GGAAGCGC,32,2,AFF,A,0.645551443431627,1.0092445618984617e-37
GG.AGCGC,GGAAGCGC,32,2,RAND,A,0.10437735898903411,0.780386065852152
GG.AGCGC,GGCAGCGC,32,2,AFF,C,0.59994454488154,3.83615109081067e-50
GG.AGCGC,GGCAGCGC,32,2,RAND,C,0.3444909369769644,0.3141629431588657
GG.AGCGC,GGGAGCGC,32,2,AFF,G,0.9276002704352998,3.9129358105614863e-146
GG.AGCGC,GGGAGCGC,32,2,RAND,G,1.237668616532215,0.0001463393178694336
GG.AGCGC,GGTAGCGC,32,2,AFF,T,0.35880931672834493,3.7930845972160996e-10
GG.AGCGC,GGTAGCGC,32,2,RAND,T,1.3532592585848313,0.004792714586238007
GGA.GCGC,GGAAGCGC,32,3,AFF,A,0.645551443431627,1.0092445618984617e-37
GGA.GCGC,GGAAGCGC,32,3,RAND,A,0.10437735898903411,0.780386065852152
GGA.GCGC,GGACGCGC,32,3,AFF,C,0.59994454488154,3.83615109081067e-50
GGA.GCGC,GGACGCGC,32,3,RAND,C,0.3444909369769644,0.3141629431588657
GGA.GCGC,GGAGGCGC,32,3,AFF,G,0.9276002704352998,3.9129358105614863e-146
GGA.GCGC,GGAGGCGC,32,3,RAND,G,1.237668616532215,0.0001463393178694336
GGA.GCGC,GGATGCGC,32,3,AFF,T,0.35880931672834493,3.7930845972160996e-10
GGA.GCGC,GGATGCGC,32,3,RAND,T,1.3532592585848313,0.004792714586238007
GGAA.CGC,GGAAACGC,32,4,AFF,A,0.645551443431627,1.0092445618984617e-37
GGAA.CGC,GGAAACGC,32,4,RAND,A,0.10437735898903411,0.780386065852152
GGAA.CGC,GGAACCGC,32,4,AFF,C,0.59994454488154,3.83615109081067e-50
GGAA.CGC,GGAACCGC,32,4,RAND,C,0.3444909369769644,0.3141629431588657
GGAA.CGC,GGAAGCGC,32,4,AFF,G,0.9276002704352998,3.9129358105614863e-146
GGAA.CGC,GGAAGCGC,32,4,RAND,G,1.237668616532215,0.0001463393178694336
GGAA.CGC,GGAATCGC,32,4,AFF,T,0.35880931672834493,3.7930845972160996e-10
GGAA.CGC,GGAATCGC,32,4,RAND,T,1.3532592585848313,0.004792714586238007
GGAAG.GC,GGAAGAGC,32,5,AFF,A,0.645551443431627,1.0092445618984617e-37
GGAAG.GC,GGAAGAGC,32,5,RAND,A,0.10437735898903411,0.780386065852152
GGAAG.GC,GGAAGCGC,32,5,AFF,C,0.59994454488154,3.83615109081067e-50
GGAAG.GC,GGAAGCGC,32,5,RAND,C,0.3444909369769644,0.3141629431588657
GGAAG.GC,GGAAGGGC,32,5,AFF,G,0.9276002704352998,3.9129358105614863e-146
GGAAG.GC,GGAAGGGC,32,5,RAND,G,1.237668616532215,0.0001463393178694336
GGAAG.GC,GGAAGTGC,32,5,AFF,T,0.35880931672834493,3.7930845972160996e-10
GGAAG.GC,GGAAGTGC,32,5,RAND,T,1.3532592585848313,0.004792714586238007
GGAAGC.C,GGAAGCAC,32,6,AFF,A,0.645551443431627,1.0092445618984617e-37
GGAAGC.C,GGAAGCAC,32,6,RAND,A,0.10437735898903411,0.780386065852152
GGAAGC.C,GGAAGCCC,32,6,AFF,C,0.59994454488154,3.83615109081067e-50
GGAAGC.C,GGAAGCCC,32,6,RAND,C,0.3444909369769644,0.3141629431588657
GGAAGC.C,GGAAGCGC,32,6,AFF,G,0.9276002704352998,3.9129358105614863e-146
GGAAGC.C,GGAAGCGC,32,6,RAND,G,1.237668616532215,0.0001463393178694336
GGAAGC.C,GGAAGCTC,32,6,AFF,T,0.35880931672834493,3.7930845972160996e-10
GGAAGC.C,GGAAGCTC,32,6,RAND,T,1.3532592585848313,0.004792714586238007
GGAAGCG.,GGAAGCGA,32,7,AFF,A,0.645551443431627,1.0092445618984617e-37
GGAAGCG.,GGAAGCGA,32,7,RAND,A,0.10437735898903411,0.780386065852152
GGAAGCG.,GGAAGCGC,32,7,AFF,C,0.59994454488154,3.83615109081067e-50
GGAAGCG.,GGAAGCGC,32,7,RAND,C,0.3444909369769644,0.3141629431588657
GGAAGCG.,GGAAGCGG,32,7,AFF,G,0.9276002704352998,3.9129358105614863e-146
GGAAGCG.,GGAAGCGG,32,7,RAND,G,1.237668616532215,0.0001463393178694336
GGAAGCG.,GGAAGCGT,32,7,AFF,T,0.35880931672834493,3.7930845972160996e-10
GGAAGCG.,GGAAGCGT,32,7,RAND,T,1.3532592585848313,0.004792714586238007
.AAGCGCG,AAAGCGCG,33,0,AFF,A,0.3262209623648148,9.406505828021514e-08
.AAGCGCG,AAAGCGCG,33,0,RAND,A,1.2264226716973372,0.14866337729150103
.AAGCGCG,CAAGCGCG,33,0,AFF,C,0.7554194419966775,1.0416671208408706e-51
.AAGCGCG,CAAGCGCG,33,0,RAND,C,0.7967872904177877,0.16491242094533087
.AAGCGCG,GAAGCGCG,33,0,AFF,G,0.8610970754102045,3.421790662794921e-52
.AAGCGCG,GAAGCGCG,33,0,RAND,G,0.09652429279354918,0.8704534888234905
.AAGCGCG,TAAGCGCG,33,0,AFF,T,0.38882343776862716,5.6790909674472105e-12
.AAGCGCG,TAAGCGCG,33,0,RAND,T,1.3446239333565422,0.05489931089286758
G.AGCGCG,GAAGCGCG,33,1,AFF,A,0.3262209623648148,9.406505828021514e-08
G.AGCGCG,GAAGCGCG,33,1,RAND,A,1.2264226716973372,0.14866337729150103
G.AGCGCG,GCAGCGCG,33,1,AFF,C,0.7554194419966775,1.0416671208408706e-51
G.AGCGCG,GCAGCGCG,33,1,RAND,C,0.7967872904177877,0.16491242094533087
G.AGCGCG,GGAGCGCG,33,1,AFF,G,0.8610970754102045,3.421790662794921e-52
G.AGCGCG,GGAGCGCG,33,1,RAND,G,0.09652429279354918,0.8704534888234905
G.AGCGCG,GTAGCGCG,33,1,AFF,T,0.38882343776862716,5.6790909674472105e-12
G.AGCGCG,GTAGCGCG,33,1,RAND,T,1.3446239333565422,0.05489931089286758
GA.GCGCG,GAAGCGCG,33,2,AFF,A,0.3262209623648148,9.406505828021514e-08
GA.GCGCG,GAAGCGCG,33,2,RAND,A,1.2264226716973372,0.14866337729150103
GA.GCGCG,GACGCGCG,33,2,AFF,C,0.7554194419966775,1.0416671208408706e-51
GA.GCGCG,GACGCGCG,33,2,RAND,C,0.7967872904177877,0.16491242094533087
GA.GCGCG,GAGGCGCG,33,2,AFF,G,0.8610970754102045,3.421790662794921e-52
GA.GCGCG,GAGGCGCG,33,2,RAND,G,0.09652429279354918,0.8704534888234905
GA.GCGCG,GATGCGCG,33,2,AFF,T,0.38882343776862716,5.6790909674472105e-12
GA.GCGCG,GATGCGCG,33,2,RAND,T,1.3446239333565422,0.05489931089286758
GAA.CGCG,GAAACGCG,33,3,AFF,A,0.3262209623648148,9.406505828021514e-08
GAA.CGCG,GAAACGCG,33,3,RAND,A,1.2264226716973372,0.14866337729150103
GAA.CGCG,GAACCGCG,33,3,AFF,C,0.7554194419966775,1.0416671208408706e-51
GAA.CGCG,GAACCGCG,33,3,RAND,C,0.7967872904177877,0.16491242094533087
GAA.CGCG,GAAGCGCG,33,3,AFF,G,0.8610970754102045,3.421790662794921e-52
GAA.CGCG,GAAGCGCG,33,3,RAND,G,0.09652429279354918,0.8704534888234905
GAA.CGCG,GAATCGCG,33,3,AFF,T,0.38882343776862716,5.6790909674472105e-12
GAA.CGCG,GAATCGCG,33,3,RAND,T,1.3446239333565422,0.05489931089286758
GAAG.GCG,GAAGAGCG,33,4,AFF,A,0.3262209623648148,9.406505828021514e-08
GAAG.GCG,GAAGAGCG,33,4,RAND,A,1.2264226716973372,0.14866337729150103
GAAG.GCG,GAAGCGCG,33,4,AFF,C,0.7554194419966775,1.0416671208408706e-51
GAAG.GCG,GAAGCGCG,33,4,RAND,C,0.7967872904177877,0.16491242094533087
GAAG.GCG,GAAGGGCG,33,4,AFF,G,0.8610970754102045,3.421790662794921e-52
GAAG.GCG,GAAGGGCG,33,4,RAND,G,0.09652429279354918,0.8704534888234905
GAAG.GCG,GAAGTGCG,33,4,AFF,T,0.38882343776862716,5.6790909674472105e-12
GAAG.GCG,GAAGTGCG,33,4,RAND,T,1.3446239333565422,0.05489931089286758
GAAGC.CG,GAAGCACG,33,5,AFF,A,0.3262209623648148,9.406505828021514e-08
GAAGC.CG,GAAGCACG,33,5,RAND,A,1.2264226716973372,0.14866337729150103
GAAGC.CG,GAAGCCCG,33,5,AFF,C,0.7554194419966775,1.0416671208408706e-51
GAAGC.CG,GAAGCCCG,33,5,RAND,C,0.7967872904177877,0.16491242094533087
GAAGC.CG,GAAGCGCG,33,5,AFF,G,0.8610970754102045,3.421790662794921e-52
GAAGC.CG,GAAGCGCG,33,5,RAND,G,0.09652429279354918,0.8704534888234905
GAAGC.CG,GAAGCTCG,33,5,AFF,T,0.38882343776862716,5.6790909674472105e-12
GAAGC.CG,GAAGCTCG,33,5,RAND,T,1.3446239333565422,0.05489931089286758
GAAGCG.G,GAAGCGAG,33,6,AFF,A,0.3262209623648148,9.406505828021514e-08
GAAGCG.G,GAAGCGAG,33,6,RAND,A,1.2264226716973372,0.14866337729150103
GAAGCG.G,GAAGCGCG,33,6,AFF,C,0.7554194419966775,1.0416671208408706e-51
GAAGCG.G,GAAGCGCG,33,6,RAND,C,0.7967872904177877,0.16491242094533087
GAAGCG.G,GAAGCGGG,33,6,AFF,G,0.8610970754102045,3.421790662794921e-52
GAAGCG.G,GAAGCGGG,33,6,RAND,G,0.09652429279354918,0.8704534888234905
GAAGCG.G,GAAGCGTG,33,6,AFF,T,0.38882343776862716,5.6790909674472105e-12
GAAGCG.G,GAAGCGTG,33,6,RAND,T,1.3446239333565422,0.05489931089286758
GAAGCGC.,GAAGCGCA,33,7,AFF,A,0.3262209623648148,9.406505828021514e-08
GAAGCGC.,GAAGCGCA,33,7,RAND,A,1.2264226716973372,0.14866337729150103
GAAGCGC.,GAAGCGCC,33,7,AFF,C,0.7554194419966775,1.0416671208408706e-51
GAAGCGC.,GAAGCGCC,33,7,RAND,C,0.7967872904177877,0.16491242094533087
GAAGCGC.,GAAGCGCG,33,7,AFF,G,0.8610970754102045,3.421790662794921e-52
GAAGCGC.,GAAGCGCG,33,7,RAND,G,0.09652429279354918,0.8704534888234905
GAAGCGC.,GAAGCGCT,33,7,AFF,T,0.38882343776862716,5.6790909674472105e-12
GAAGCGC.,GAAGCGCT,33,7,RAND,T,1.3446239333565422,0.05489931089286758
.AGCGCGG,AAGCGCGG,34,0,AFF,A,0.693337517712016,6.73938013232181e-14
.AGCGCGG,AAGCGCGG,34,0,RAND,A,1.1674000520128294,0.42271457459710715
.AGCGCGG,CAGCGCGG,34,0,AFF,C,0.7912842867773684,6.749516038312689e-34
.AGCGCGG,CAGCGCGG,34,0,RAND,C,0.3739628409007144,0.6960662859643774
.AGCGCGG,GAGCGCGG,34,0,AFF,G,0.4368938425586899,3.9541890179405115e-11
.AGCGCGG,GAGCGCGG,34,0,RAND,G,nan,nan
.AGCGCGG,TAGCGCGG,34,0,AFF,T,0.2601797619674431,0.010065146880120883
.AGCGCGG,TAGCGCGG,34,0,RAND,T,-0.8740011727421926,0.5056738900356211
A.GCGCGG,AAGCGCGG,34,1,AFF,A,0.693337517712016,6.73938013232181e-14
A.GCGCGG,AAGCGCGG,34,1,RAND,A,1.1674000520128294,0.42271457459710715
A.GCGCGG,ACGCGCGG,34,1,AFF,C,0.7912842867773684,6.749516038312689e-34
A.GCGCGG,ACGCGCGG,34,1,RAND,C,0.3739628409007144,0.6960662859643774
A.GCGCGG,AGGCGCGG,34,1,AFF,G,0.4368938425586899,3.9541890179405115e-11
A.GCGCGG,AGGCGCGG,34,1,RAND,G,nan,nan
A.GCGCGG,ATGCGCGG,34,1,AFF,T,0.2601797619674431,0.010065146880120883
A.GCGCGG,ATGCGCGG,34,1,RAND,T,-0.8740011727421926,0.5056738900356211
AA.CGCGG,AAACGCGG,34,2,AFF,A,0.693337517712016,6.73938013232181e-14
AA.CGCGG,AAACGCGG,34,2,RAND,A,1.1674000520128294,0.42271457459710715
AA.CGCGG,AACCGCGG,34,2,AFF,C,0.7912842867773684,6.749516038312689e-34
AA.CGCGG,AACCGCGG,34,2,RAND,C,0.3739628409007144,0.6960662859643774
AA.CGCGG,AAGCGCGG,34,2,AFF,G,0.4368938425586899,3.9541890179405115e-11
AA.CGCGG,AAGCGCGG,34,2,RAND,G,nan,nan
AA.CGCGG,AATCGCGG,34,2,AFF,T,0.2601797619674431,0.010065146880120883
AA.CGCGG,AATCGCGG,34,2,RAND,T,-0.8740011727421926,0.5056738900356211
AAG.GCGG,AAGAGCGG,34,3,AFF,A,0.693337517712016,6.73938013232181e-14
AAG.GCGG,AAGAGCGG,34,3,RAND,A,1.1674000520128294,0.42271457459710715
AAG.GCGG,AAGCGCGG,34,3,AFF,C,0.7912842867773684,6.749516038312689e-34
AAG.GCGG,AAGCGCGG,34,3,RAND,C,0.3739628409007144,0.6960662859643774
AAG.GCGG,AAGGGCGG,34,3,AFF,G,0.4368938425586899,3.9541890179405115e-11
AAG.GCGG,AAGGGCGG,34,3,RAND,G,nan,nan
AAG.GCGG,AAGTGCGG,34,3,AFF,T,0.2601797619674431,0.010065146880120883
AAG.GCGG,AAGTGCGG,34,3,RAND,T,-0.8740011727421926,0.5056738900356211
AAGC.CGG,AAGCACGG,34,4,AFF,A,0.693337517712016,6.73938013232181e-14
AAGC.CGG,AAGCACGG,34,4,RAND,A,1.1674000520128294,0.42271457459710715
AAGC.CGG,AAGCCCGG,34,4,AFF,C,0.7912842867773684,6.749516038312689e-34
AAGC.CGG,AAGCCCGG,34,4,RAND,C,0.3739628409007144,0.6960662859643774
AAGC.CGG,AAGCGCGG,34,4,AFF,G,0.4368938425586899,3.9541890179405115e-11
AAGC.CGG,AAGCGCGG,34,4,RAND,G,nan,nan
AAGC.CGG,AAGCTCGG,34,4,AFF,T,0.2601797619674431,0.010065146880120883
AAGC.CGG,AAGCTCGG,34,4,RAND,T,-0.8740011727421926,0.5056738900356211
AAGCG.GG,AAGCGAGG,34,5,AFF,A,0.693337517712016,6.73938013232181e-14
AAGCG.GG,AAGCGAGG,34,5,RAND,A,1.1674000520128294,0.42271457459710715
AAGCG.GG,AAGCGCGG,34,5,AFF,C,0.7912842867773684,6.749516038312689e-34
AAGCG.GG,AAGCGCGG,34,5,RAND,C,0.3739628409007144,0.6960662859643774
AAGCG.GG,AAGCGGGG,34,5,AFF,G,0.4368938425586899,3.9541890179405115e-11
AAGCG.GG,AAGCGGGG,34,5,RAND,G,nan,nan
AAGCG.GG,AAGCGTGG,34,5,AFF,T,0.2601797619674431,0.010065146880120883
AAGCG.GG,AAGCGTGG,34,5,RAND,T,-0.8740011727421926,0.5056738900356211
AAGCGC.G,AAGCGCAG,34,6,AFF,A,0.693337517712016,6.73938013232181e-14
AAGCGC.G,AAGCGCAG,34,6,RAND,A,1.1674000520128294,0.42271457459710715
AAGCGC.G,AAGCGCCG,34,6,AFF,C,0.7912842867773684,6.749516038312689e-34
AAGCGC.G,AAGCGCCG,34,6,RAND,C,0.3739628409007144,0.6960662859643774
AAGCGC.G,AAGCGCGG,34,6,AFF,G,0.4368938425586899,3.9541890179405115e-11
AAGCGC.G,AAGCGCGG,34,6,RAND,G,nan,nan
AAGCGC.G,AAGCGCTG,34,6,AFF,T,0.2601797619674431,0.010065146880120883
AAGCGC.G,AAGCGCTG,34,6,RAND,T,-0.8740011727421926,0.5056738900356211
AAGCGCG.,AAGCGCGA,34,7,AFF,A,0.693337517712016,6.73938013232181e-14
AAGCGCG.,AAGCGCGA,34,7,RAND,A,1.1674000520128294,0.42271457459710715
AAGCGCG.,AAGCGCGC,34,7,AFF,C,0.7912842867773684,6.749516038312689e-34
AAGCGCG.,AAGCGCGC,34,7,RAND,C,0.3739628409007144,0.6960662859643774
AAGCGCG.,AAGCGCGG,34,7,AFF,G,0.4368938425586899,3.9541890179405115e-11
AAGCGCG.,AAGCGCGG,34,7,RAND,G,nan,nan
AAGCGCG.,AAGCGCGT,34,7,AFF,T,0.2601797619674431,0.010065146880120883
AAGCGCG.,AAGCGCGT,34,7,RAND,T,-0.8740011727421926,0.5056738900356211
.GCGCGGT,AGCGCGGT,35,0,AFF,A,0.8306192649247335,1.66287730003335e-61
.GCGCGGT,AGCGCGGT,35,0,RAND,A,0.8503306579060801,0.05786691811555633
.GCGCGGT,CGCGCGGT,35,0,AFF,C,0.5154298767910699,9.192002338477755e-40
.GCGCGGT,CGCGCGGT,35,0,RAND,C,1.2722341926195109,0.0003423949053678324
.GCGCGGT,GGCGCGGT,35,0,AFF,G,0.4210811000304836,9.088906268502722e-28
.GCGCGGT,GGCGCGGT,35,0,RAND,G,0.20301665873140134,0.5618072723007363
.GCGCGGT,TGCGCGGT,35,0,AFF,T,0.5304830821415744,4.7346281198219e-17
.GCGCGGT,TGCGCGGT,35,0,RAND,T,0.15304550984098808,0.8308472279987418
A.CGCGGT,AACGCGGT,35,1,AFF,A,0.8306192649247335,1.66287730003335e-61
A.CGCGGT,AACGCGGT,35,1,RAND,A,0.8503306579060801,0.05786691811555633
A.CGCGGT,ACCGCGGT,35,1,AFF,C,0.5154298767910699,9.192002338477755e-40
A.CGCGGT,ACCGCGGT,35,1,RAND,C,1.2722341926195109,0.0003423949053678324
A.CGCGGT,AGCGCGGT,35,1,AFF,G,0.4210811000304836,9.088906268502722e-28
A.CGCGGT,AGCGCGGT,35,1,RAND,G,0.20301665873140134,0.5618072723007363
A.CGCGGT,ATCGCGGT,35,1,AFF,T,0.5304830821415744,4.7346281198219e-17
A.CGCGGT,ATCGCGGT,35,1,RAND,T,0.15304550984098808,0.8308472279987418
AG.GCGGT,AGAGCGGT,35,2,AFF,A,0.8306192649247335,1.66287730003335e-61
AG.GCGGT,AGAGCGGT,35,2,RAND,A,0.8503306579060801,0.05786691811555633
AG.GCGGT,AGCGCGGT,35,2,AFF,C,0.5154298767910699,9.192002338477755e-40
AG.GCGGT,AGCGCGGT,35,2,RAND,C,1.2722341926195109,0.0003423949053678324
AG.GCGGT,AGGGCGGT,35,2,AFF,G,0.4210811000304836,9.088906268502722e-28
AG.GCGGT,AGGGCGGT,35,2,RAND,G,0.20301665873140134,0.5618072723007363
AG.GCGGT,AGTGCGGT,35,2,AFF,T,0.5304830821415744,4.7346281198219e-17
AG.GCGGT,AGTGCGGT,35,2,RAND,T,0.15304550984098808,0.8308472279987418
AGC.CGGT,AGCACGGT,35,3,AFF,A,0.8306192649247335,1.66287730003335e-61
AGC.CGGT,AGCACGGT,35,3,RAND,A,0.8503306579060801,0.05786691811555633
AGC.CGGT,AGCCCGGT,35,3,AFF,C,0.5154298767910699,9.192002338477755e-40
AGC.CGGT,AGCCCGGT,35,3,RAND,C,1.2722341926195109,0.0003423949053678324
AGC.CGGT,AGCGCGGT,35,3,AFF,G,0.4210811000304836,9.088906268502722e-28
AGC.CGGT,AGCGCGGT,35,3,RAND,G,0.20301665873140134,0.5618072723007363
AGC.CGGT,AGCTCGGT,35,3,AFF,T,0.5304830821415744,4.7346281198219e-17
AGC.CGGT,AGCTCGGT,35,3,RAND,T,0.15304550984098808,0.8308472279987418
AGCG.GGT,AGCGAGGT,35,4,AFF,A,0.8306192649247335,1.66287730003335e-61
AGCG.GGT,AGCGAGGT,35,4,RAND,A,0.8503306579060801,0.05786691811555633
AGCG.GGT,AGCGCGGT,35,4,AFF,C,0.5154298767910699,9.192002338477755e-40
AGCG.GGT,AGCGCGGT,35,4,RAND,C,1.2722341926195109,0.0003423949053678324
AGCG.GGT,AGCGGGGT,35,4,AFF,G,0.4210811000304836,9.088906268502722e-28
AGCG.GGT,AGCGGGGT,35,4,RAND,G,0.20301665873140134,0.5618072723007363
AGCG.GGT,AGCGTGGT,35,4,AFF,T,0.5304830821415744,4.7346281198219e-17
AGCG.GGT,AGCGTGGT,35,4,RAND,T,0.15304550984098808,0.8308472279987418
AGCGC.GT,AGCGCAGT,35,5,AFF,A,0.8306192649247335,1.66287730003335e-61
AGCGC.GT,AGCGCAGT,35,5,RAND,A,0.8503306579060801,0.05786691811555633
AGCGC.GT,AGCGCCGT,35,5,AFF,C,0.5154298767910699,9.192002338477755e-40
AGCGC.GT,AGCGCCGT,35,5,RAND,C,1.2722341926195109,0.0003423949053678324
AGCGC.GT,AGCGCGGT,35,5,AFF,G,0.4210811000304836,9.088906268502722e-28
AGCGC.GT,AGCGCGGT,35,5,RAND,G,0.20301665873140134,0.5618072723007363
AGCGC.GT,AGCGCTGT,35,5,AFF,T,0.5304830821415744,4.7346281198219e-17
AGCGC.GT,AGCGCTGT,35,5,RAND,T,0.15304550984098808,0.8308472279987418
AGCGCG.T,AGCGCGAT,35,6,AFF,A,0.8306192649247335,1.66287730003335e-61
AGCGCG.T,AGCGCGAT,35,6,RAND,A,0.8503306579060801,0.05786691811555633
AGCGCG.T,AGCGCGCT,35,6,AFF,C,0.5154298767910699,9.192002338477755e-40
AGCGCG.T,AGCGCGCT,35,6,RAND,C,1.2722341926195109,0.0003423949053678324
AGCGCG.T,AGCGCGGT,35,6,AFF,G,0.4210811000304836,9.088906268502722e-28
AGCGCG.T,AGCGCGGT,35,6,RAND,G,0.20301665873140134,0.5618072723007363
AGCGCG.T,AGCGCGTT,35,6,AFF,T,0.5304830821415744,4.7346281198219e-17
AGCGCG.T,AGCGCGTT,35,6,RAND,T,0.15304550984098808,0.8308472279987418
AGCGCGG.,AGCGCGGA,35,7,AFF,A,0.8306192649247335,1.66287730003335e-61
AGCGCGG.,AGCGCGGA,35,7,RAND,A,0.8503306579060801,0.05786691811555633
AGCGCGG.,AGCGCGGC,35,7,AFF,C,0.5154298767910699,9.192002338477755e-40
AGCGCGG.,AGCGCGGC,35,7,RAND,C,1.2722341926195109,0.0003423949053678324
AGCGCGG.,AGCGCGGG,35,7,AFF,G,0.4210811000304836,9.088906268502722e-28
AGCGCGG.,AGCGCGGG,35,7,RAND,G,0.20301665873140134,0.5618072723007363
AGCGCGG.,AGCGCGGT,35,7,AFF,T,0.5304830821415744,4.7346281198219e-17
AGCGCGG.,AGCGCGGT,35,7,RAND,T,0.15304550984098808,0.8308472279987418
.CGCGGTC,ACGCGGTC,36,0,AFF,A,0.20873938991284027,0.01764651994034912
.CGCGGTC,ACGCGGTC,36,0,RAND,A,0.7496535124192647,0.4620984833896198
.CGCGGTC,CCGCGGTC,36,0,AFF,C,0.6072526526820204,3.7324244873528306e-28
.CGCGGTC,CCGCGGTC,36,0,RAND,C,1.2213552749429013,0.06222828347639123
.CGCGGTC,GCGCGGTC,36,0,AFF,G,0.6011268446291893,6.573219506993503e-35
.CGCGGTC,GCGCGGTC,36,0,RAND,G,0.9014759512230565,0.058176681520746974
.CGCGGTC,TCGCGGTC,36,0,AFF,T,0.6860050598081746,1.4650235662743894e-21
.CGCGGTC,TCGCGGTC,36,0,RAND,T,0.2637526853302832,0.7667208782285256
G.GCGGTC,GAGCGGTC,36,1,AFF,A,0.20873938991284027,0.01764651994034912
G.GCGGTC,GAGCGGTC,36,1,RAND,A,0.7496535124192647,0.4620984833896198
G.GCGGTC,GCGCGGTC,36,1,AFF,C,0.6072526526820204,3.7324244873528306e-28
G.GCGGTC,GCGCGGTC,36,1,RAND,C,1.2213552749429013,0.06222828347639123
G.GCGGTC,GGGCGGTC,36,1,AFF,G,0.6011268446291893,6.573219506993503e-35
G.GCGGTC,GGGCGGTC,36,1,RAND,G,0.9014759512230565,0.058176681520746974
G.GCGGTC,GTGCGGTC,36,1,AFF,T,0.6860050598081746,1.4650235662743894e-21
G.GCGGTC,GTGCGGTC,36,1,RAND,T,0.2637526853302832,0.7667208782285256
GC.CGGTC,GCACGGTC,36,2,AFF,A,0.20873938991284027,0.01764651994034912
GC.CGGTC,GCACGGTC,36,2,RAND,A,0.7496535124192647,0.4620984833896198
GC.CGGTC,GCCCGGTC,36,2,AFF,C,0.6072526526820204,3.7324244873528306e-28
GC.CGGTC,GCCCGGTC,36,2,RAND,C,1.2213552749429013,0.06222828347639123
GC.CGGTC,GCGCGGTC,36,2,AFF,G,0.6011268446291893,6.573219506993503e-35
GC.CGGTC,GCGCGGTC,36,2,RAND,G,0.9014759512230565,0.058176681520746974
GC.CGGTC,GCTCGGTC,36,2,AFF,T,0.6860050598081746,1.4650235662743894e-21
GC.CGGTC,GCTCGGTC,36,2,RAND,T,0.2637526853302832,0.7667208782285256
GCG.GGTC,GCGAGGTC,36,3,AFF,A,0.20873938991284027,0.01764651994034912
GCG.GGTC,GCGAGGTC,36,3,RAND,A,0.7496535124192647,0.4620984833896198
GCG.GGTC,GCGCGGTC,36,3,AFF,C,0.6072526526820204,3.7324244873528306e-28
GCG.GGTC,GCGCGGTC,36,3,RAND,C,1.2213552749429013,0.06222828347639123
GCG.GGTC,GCGGGGTC,36,3,AFF,G,0.6011268446291893,6.573219506993503e-35
GCG.GGTC,GCGGGGTC,36,3,RAND,G,0.9014759512230565,0.058176681520746974
GCG.GGTC,GCGTGGTC,36,3,AFF,T,0.6860050598081746,1.4650235662743894e-21
GCG.GGTC,GCGTGGTC,36,3,RAND,T,0.2637526853302832,0.7667208782285256
GCGC.GTC,GCGCAGTC,36,4,AFF,A,0.20873938991284027,0.01764651994034912
GCGC.GTC,GCGCAGTC,36,4,RAND,A,0.7496535124192647,0.4620984833896198
GCGC.GTC,GCGCCGTC,36,4,AFF,C,0.6072526526820204,3.7324244873528306e-28
GCGC.GTC,GCGCCGTC,36,4,RAND,C,1.2213552749429013,0.06222828347639123
GCGC.GTC,GCGCGGTC,36,4,AFF,G,0.6011268446291893,6.573219506993503e-35
GCGC.GTC,GCGCGGTC,36,4,RAND,G,0.9014759512230565,0.058176681520746974
GCGC.GTC,GCGCTGTC,36,4,AFF,T,0.6860050598081746,1.4650235662743894e-21
GCGC.GTC,GCGCTGTC,36,4,RAND,T,0.2637526853302832,0.7667208782285256
GCGCG.TC,GCGCGATC,36,5,AFF,A,0.20873938991284027,0.01764651994034912
GCGCG.TC,GCGCGATC,36,5,RAND,A,0.7496535124192647,0.4620984833896198
GCGCG.TC,GCGCGCTC,36,5,AFF,C,0.6072526526820204,3.7324244873528306e-28
GCGCG.TC,GCGCGCTC,36,5,RAND,C,1.2213552749429013,0.06222828347639123
GCGCG.TC,GCGCGGTC,36,5,AFF,G,0.6011268446291893,6.573219506993503e-35
GCGCG.TC,GCGCGGTC,36,5,RAND,G,0.9014759512230565,0.058176681520746974
GCGCG.TC,GCGCGTTC,36,5,AFF,T,0.6860050598081746,1.4650235662743894e-21
GCGCG.TC,GCGCGTTC,36,5,RAND,T,0.2637526853302832,0.7667208782285256
GCGCGG.C,GCGCGGAC,36,6,AFF,A,0.20873938991284027,0.01764651994034912
GCGCGG.C,GCGCGGAC,36,6,RAND,A,0.7496535124192647,0.4620984833896198
GCGCGG.C,GCGCGGCC,36,6,AFF,C,0.6072526526820204,3.7324244873528306e-28
GCGCGG.C,GCGCGGCC,36,6,RAND,C,1.2213552749429013,0.06222828347639123
GCGCGG.C,GCGCGGGC,36,6,AFF,G,0.6011268446291893,6.573219506993503e-35
GCGCGG.C,GCGCGGGC,36,6,RAND,G,0.9014759512230565,0.058176681520746974
GCGCGG.C,GCGCGGTC,36,6,AFF,T,0.6860050598081746,1.4650235662743894e-21
GCGCGG.C,GCGCGGTC,36,6,RAND,T,0.2637526853302832,0.7667208782285256
GCGCGGT.,GCGCGGTA,36,7,AFF,A,0.20873938991284027,0.01764651994034912
GCGCGGT.,GCGCGGTA,36,7,RAND,A,0.7496535124192647,0.4620984833896198
GCGCGGT.,GCGCGGTC,36,7,AFF,C,0.6072526526820204,3.7324244873528306e-28
GCGCGGT.,GCGCGGTC,36,7,RAND,C,1.2213552749429013,0.06222828347639123
GCGCGGT.,GCGCGGTG,36,7,AFF,G,0.6011268446291893,6.573219506993503e-35
GCGCGGT.,GCGCGGTG,36,7,RAND,G,0.9014759512230565,0.058176681520746974
GCGCGGT.,GCGCGGTT,36,7,AFF,T,0.6860050598081746,1.4650235662743894e-21
GCGCGGT.,GCGCGGTT,36,7,RAND,T,0.2637526853302832,0.7667208782285256
.GCGGTCC,AGCGGTCC,37,0,AFF,A,0.4048892230596348,9.731263917326376e-09
.GCGGTCC,AGCGGTCC,37,0,RAND,A,-0.6823976970655892,0.6013220889505517
.GCGGTCC,CGCGGTCC,37,0,AFF,C,0.5261006419710741,5.49408552841421e-23
.GCGGTCC,CGCGGTCC,37,0,RAND,C,2.61925028679884,0.012752011600278248
.GCGGTCC,GGCGGTCC,37,0,AFF,G,0.6903973353715795,1.2769627950537464e-27
.GCGGTCC,GGCGGTCC,37,0,RAND,G,0.8357561515544378,0.5838359515636122
.GCGGTCC,TGCGGTCC,37,0,AFF,T,0.7774308960268945,4.1196491145968086e-29
.GCGGTCC,TGCGGTCC,37,0,RAND,T,0.5038006924946292,0.5677810055263729
C.CGGTCC,CACGGTCC,37,1,AFF,A,0.4048892230596348,9.731263917326376e-09
C.CGGTCC,CACGGTCC,37,1,RAND,A,-0.6823976970655892,0.6013220889505517
C.CGGTCC,CCCGGTCC,37,1,AFF,C,0.5261006419710741,5.49408552841421e-23
C.CGGTCC,CCCGGTCC,37,1,RAND,C,2.61925028679884,0.012752011600278248
C.CGGTCC,CGCGGTCC,37,1,AFF,G,0.6903973353715795,1.2769627950537464e-27
C.CGGTCC,CGCGGTCC,37,1,RAND,G,0.8357561515544378,0.5838359515636122
C.CGGTCC,CTCGGTCC,37,1,AFF,T,0.7774308960268945,4.1196491145968086e-29
C.CGGTCC,CTCGGTCC,37,1,RAND,T,0.5038006924946292,0.5677810055263729
CG.GGTCC,CGAGGTCC,37,2,AFF,A,0.4048892230596348,9.731263917326376e-09
CG.GGTCC,CGAGGTCC,37,2,RAND,A,-0.6823976970655892,0.6013220889505517
CG.GGTCC,CGCGGTCC,37,2,AFF,C,0.5261006419710741,5.49408552841421e-23
CG.GGTCC,CGCGGTCC,37,2,RAND,C,2.61925028679884,0.012752011600278248
CG.GGTCC,CGGGGTCC,37,2,AFF,G,0.6903973353715795,1.2769627950537464e-27
CG.GGTCC,CGGGGTCC,37,2,RAND,G,0.8357561515544378,0.5838359515636122
CG.GGTCC,CGTGGTCC,37,2,AFF,T,0.7774308960268945,4.1196491145968086e-29
CG.GGTCC,CGTGGTCC,37,2,RAND,T,0.5038006924946292,0.5677810055263729
CGC.GTCC,CGCAGTCC,37,3,AFF,A,0.4048892230596348,9.731263917326376e-09
CGC.GTCC,CGCAGTCC,37,3,RAND,A,-0.6823976970655892,0.6013220889505517
CGC.GTCC,CGCCGTCC,37,3,AFF,C,0.5261006419710741,5.49408552841421e-23
CGC.GTCC,CGCCGTCC,37,3,RAND,C,2.61925028679884,0.012752011600278248
CGC.GTCC,CGCGGTCC,37,3,AFF,G,0.6903973353715795,1.2769627950537464e-27
CGC.GTCC,CGCGGTCC,37,3,RAND,G,0.8357561515544378,0.5838359515636122
CGC.GTCC,CGCTGTCC,37,3,AFF,T,0.7774308960268945,4.1196491145968086e-29
CGC.GTCC,CGCTGTCC,37,3,RAND,T,0.5038006924946292,0.5677810055263729
CGCG.TCC,CGCGATCC,37,4,AFF,A,0.4048892230596348,9.731263917326376e-09
CGCG.TCC,CGCGATCC,37,4,RAND,A,-0.6823976970655892,0.6013220889505517
CGCG.TCC,CGCGCTCC,37,4,AFF,C,0.5261006419710741,5.49408552841421e-23
CGCG.TCC,CGCGCTCC,37,4,RAND,C,2.61925028679884,0.012752011600278248
CGCG.TCC,CGCGGTCC,37,4,AFF,G,0.6903973353715795,1.2769627950537464e-27
CGCG.TCC,CGCGGTCC,37,4,RAND,G,0.8357561515544378,0.5838359515636122
CGCG.TCC,CGCGTTCC,37,4,AFF,T,0.7774308960268945,4.1196491145968086e-29
CGCG.TCC,CGCGTTCC,37,4,RAND,T,0.5038006924946292,0.5677810055263729
CGCGG.CC,CGCGGACC,37,5,AFF,A,0.4048892230596348,9.731263917326376e-09
CGCGG.CC,CGCGGACC,37,5,RAND,A,-0.6823976970655892,0.6013220889505517
CGCGG.CC,CGCGGCCC,37,5,AFF,C,0.5261006419710741,5.49408552841421e-23
CGCGG.CC,CGCGGCCC,37,5,RAND,C,2.61925028679884,0.012752011600278248
CGCGG.CC,CGCGGGCC,37,5,AFF,G,0.6903973353715795,1.2769627950537464e-27
CGCGG.CC,CGCGGGCC,37,5,RAND,G,0.8357561515544378,0.5838359515636122
CGCGG.CC,CGCGGTCC,37,5,AFF,T,0.7774308960268945,4.1196491145968086e-29
CGCGG.CC,CGCGGTCC,37,5,RAND,T,0.5038006924946292,0.5677810055263729
CGCGGT.C,CGCGGTAC,37,6,AFF,A,0.4048892230596348,9.731263917326376e-09
CGCGGT.C,CGCGGTAC,37,6,RAND,A,-0.6823976970655892,0.6013220889505517
CGCGGT.C,CGCGGTCC,37,6,AFF,C,0.5261006419710741,5.49408552841421e-23
CGCGGT.C,CGCGGTCC,37,6,RAND,C,2.61925028679884,0.012752011600278248
CGCGGT.C,CGCGGTGC,37,6,AFF,G,0.6903973353715795,1.2769627950537464e-27
CGCGGT.C,CGCGGTGC,37,6,RAND,G,0.8357561515544378,0.5838359515636122
CGCGGT.C,CGCGGTTC,37,6,AFF,T,0.7774308960268945,4.1196491145968086e-29
CGCGGT.C,CGCGGTTC,37,6,RAND,T,0.5038006924946292,0.5677810055263729
CGCGGTC.,CGCGGTCA,37,7,AFF,A,0.4048892230596348,9.731263917326376e-09
CGCGGTC.,CGCGGTCA,37,7,RAND,A,-0.6823976970655892,0.6013220889505517
CGCGGTC.,CGCGGTCC,37,7,AFF,C,0.5261006419710741,5.49408552841421e-23
CGCGGTC.,CGCGGTCC,37,7,RAND,C,2.61925028679884,0.012752011600278248
CGCGGTC.,CGCGGTCG,37,7,AFF,G,0.6903973353715795,1.2769627950537464e-27
CGCGGTC.,CGCGGTCG,37,7,RAND,G,0.8357561515544378,0.5838359515636122
CGCGGTC.,CGCGGTCT,37,7,AFF,T,0.7774308960268945,4.1196491145968086e-29
CGCGGTC.,CGCGGTCT,37,7,RAND,T,0.5038006924946292,0.5677810055263729
.CGGTCCT,ACGGTCCT,38,0,AFF,A,0.3641753679857091,2.881407206957632e-07
.CGGTCCT,ACGGTCCT,38,0,RAND,A,0.507590302296283,0.5788634714493361
.CGGTCCT,CCGGTCCT,38,0,AFF,C,0.5572700458405803,1.350654954790583e-31
.CGGTCCT,CCGGTCCT,38,0,RAND,C,1.5403250815471003,0.008270533633661642
.CGGTCCT,GCGGTCCT,38,0,AFF,G,0.6562950511273774,4.281804130586265e-27
.CGGTCCT,GCGGTCCT,38,0,RAND,G,1.3061190453975018,0.0674428041456624
.CGGTCCT,TCGGTCCT,38,0,AFF,T,0.43353065084114184,2.6598152688680922e-14
.CGGTCCT,TCGGTCCT,38,0,RAND,T,-0.1605885287761195,0.862682849201674
G.GGTCCT,GAGGTCCT,38,1,AFF,A,0.3641753679857091,2.881407206957632e-07
G.GGTCCT,GAGGTCCT,38,1,RAND,A,0.507590302296283,0.5788634714493361
G.GGTCCT,GCGGTCCT,38,1,AFF,C,0.5572700458405803,1.350654954790583e-31
G.GGTCCT,GCGGTCCT,38,1,RAND,C,1.5403250815471003,0.008270533633661642
G.GGTCCT,GGGGTCCT,38,1,AFF,G,0.6562950511273774,4.281804130586265e-27
G.GGTCCT,GGGGTCCT,38,1,RAND,G,1.3061190453975018,0.0674428041456624
G.GGTCCT,GTGGTCCT,38,1,AFF,T,0.43353065084114184,2.6598152688680922e-14
G.GGTCCT,GTGGTCCT,38,1,RAND,T,-0.1605885287761195,0.862682849201674
GC.GTCCT,GCAGTCCT,38,2,AFF,A,0.3641753679857091,2.881407206957632e-07
GC.GTCCT,GCAGTCCT,38,2,RAND,A,0.507590302296283,0.5788634714493361
GC.GTCCT,GCCGTCCT,38,2,AFF,C,0.5572700458405803,1.350654954790583e-31
GC.GTCCT,GCCGTCCT,38,2,RAND,C,1.5403250815471003,0.008270533633661642
GC.GTCCT,GCGGTCCT,38,2,AFF,G,0.6562950511273774,4.281804130586265e-27
GC.GTCCT,GCGGTCCT,38,2,RAND,G,1.3061190453975018,0.0674428041456624
GC.GTCCT,GCTGTCCT,38,2,AFF,T,0.43353065084114184,2.6598152688680922e-14
GC.GTCCT,GCTGTCCT,38,2,RAND,T,-0.1605885287761195,0.862682849201674
GCG.TCCT,GCGATCCT,38,3,AFF,A,0.3641753679857091,2.881407206957632e-07
GCG.TCCT,GCGATCCT,38,3,RAND,A,0.507590302296283,0.5788634714493361
GCG.TCCT,GCGCTCCT,38,3,AFF,C,0.5572700458405803,1.350654954790583e-31
GCG.TCCT,GCGCTCCT,38,3,RAND,C,1.5403250815471003,0.008270533633661642
GCG.TCCT,GCGGTCCT,38,3,AFF,G,0.6562950511273774,4.281804130586265e-27
GCG.TCCT,GCGGTCCT,38,3,RAND,G,1.3061190453975018,0.0674428041456624
GCG.TCCT,GCGTTCCT,38,3,AFF,T,0.43353065084114184,2.6598152688680922e-14
GCG.TCCT,GCGTTCCT,38,3,RAND,T,-0.1605885287761195,0.862682849201674
GCGG.CCT,GCGGACCT,38,4,AFF,A,0.3641753679857091,2.881407206957632e-07
GCGG.CCT,GCGGACCT,38,4,RAND,A,0.507590302296283,0.5788634714493361
GCGG.CCT,GCGGCCCT,38,4,AFF,C,0.5572700458405803,1.350654954790583e-31
GCGG.CCT,GCGGCCCT,38,4,RAND,C,1.5403250815471003,0.008270533633661642
GCGG.CCT,GCGGGCCT,38,4,AFF,G,0.6562950511273774,4.281804130586265e-27
GCGG.CCT,GCGGGCCT,38,4,RAND,G,1.3061190453975018,0.0674428041456624
GCGG.CCT,GCGGTCCT,38,4,AFF,T,0.43353065084114184,2.6598152688680922e-14
GCGG.CCT,GCGGTCCT,38,4,RAND,T,-0.1605885287761195,0.862682849201674
GCGGT.CT,GCGGTACT,38,5,AFF,A,0.3641753679857091,2.881407206957632e-07
GCGGT.CT,GCGGTACT,38,5,RAND,A,0.507590302296283,0.5788634714493361
GCGGT.CT,GCGGTCCT,38,5,AFF,C,0.5572700458405803,1.350654954790583e-31
GCGGT.CT,GCGGTCCT,38,5,RAND,C,1.5403250815471003,0.008270533633661642
GCGGT.CT,GCGGTGCT,38,5,AFF,G,0.6562950511273774,4.281804130586265e-27
GCGGT.CT,GCGGTGCT,38,5,RAND,G,1.3061190453975018,0.0674428041456624
GCGGT.CT,GCGGTTCT,38,5,AFF,T,0.43353065084114184,2.6598152688680922e-14
GCGGT.CT,GCGGTTCT,38,5,RAND,T,-0.1605885287761195,0.862682849201674
GCGGTC.T,GCGGTCAT,38,6,AFF,A,0.3641753679857091,2.881407206957632e-07
GCGGTC.T,GCGGTCAT,38,6,RAND,A,0.507590302296283,0.5788634714493361
GCGGTC.T,GCGGTCCT,38,6,AFF,C,0.5572700458405803,1.350654954790583e-31
GCGGTC.T,GCGGTCCT,38,6,RAND,C,1.5403250815471003,0.008270533633661642
GCGGTC.T,GCGGTCGT,38,6,AFF,G,0.6562950511273774,4.281804130586265e-27
GCGGTC.T,GCGGTCGT,38,6,RAND,G,1.3061190453975018,0.0674428041456624
GCGGTC.T,GCGGTCTT,38,6,AFF,T,0.43353065084114184,2.6598152688680922e-14
GCGGTC.T,GCGGTCTT,38,6,RAND,T,-0.1605885287761195,0.862682849201674
GCGGTCC.,GCGGTCCA,38,7,AFF,A,0.3641753679857091,2.881407206957632e-07
GCGGTCC.,GCGGTCCA,38,7,RAND,A,0.507590302296283,0.5788634714493361
GCGGTCC.,GCGGTCCC,38,7,AFF,C,0.5572700458405803,1.350654954790583e-31
GCGGTCC.,GCGGTCCC,38,7,RAND,C,1.5403250815471003,0.008270533633661642
GCGGTCC.,GCGGTCCG,38,7,AFF,G,0.6562950511273774,4.281804130586265e-27
GCGGTCC.,GCGGTCCG,38,7,RAND,G,1.3061190453975018,0.0674428041456624
GCGGTCC.,GCGGTCCT,38,7,AFF,T,0.43353065084114184,2.6598152688680922e-14
GCGGTCC.,GCGGTCCT,38,7,RAND,T,-0.1605885287761195,0.862682849201674
.GGTCCTG,AGGTCCTG,39,0,AFF,A,0.21162537564401257,0.04643791896066882
.GGTCCTG,AGGTCCTG,39,0,RAND,A,nan,nan
.GGTCCTG,CGGTCCTG,39,0,AFF,C,0.54794025897031,5.896175110598149e-18
.GGTCCTG,CGGTCCTG,39,0,RAND,C,0.045251245721491085,0.9162764324450186
.GGTCCTG,GGGTCCTG,39,0,AFF,G,0.5118250592245732,3.317283614531752e-17
.GGTCCTG,GGGTCCTG,39,0,RAND,G,-0.20783028222114242,0.7330976218677367
.GGTCCTG,TGGTCCTG,39,0,AFF,T,0.4417839964112733,2.322168941594285e-08
.GGTCCTG,TGGTCCTG,39,0,RAND,T,2.3198397554667247,0.009378116824578958
C.GTCCTG,CAGTCCTG,39,1,AFF,A,0.21162537564401257,0.04643791896066882
C.GTCCTG,CAGTCCTG,39,1,RAND,A,nan,nan
C.GTCCTG,CCGTCCTG,39,1,AFF,C,0.54794025897031,5.896175110598149e-18
C.GTCCTG,CCGTCCTG,39,1,RAND,C,0.045251245721491085,0.9162764324450186
C.GTCCTG,CGGTCCTG,39,1,AFF,G,0.5118250592245732,3.317283614531752e-17
C.GTCCTG,CGGTCCTG,39,1,RAND,G,-0.20783028222114242,0.7330976218677367
C.GTCCTG,CTGTCCTG,39,1,AFF,T,0.4417839964112733,2.322168941594285e-08
C.GTCCTG,CTGTCCTG,39,1,RAND,T,2.3198397554667247,0.009378116824578958
CG.TCCTG,CGATCCTG,39,2,AFF,A,0.21162537564401257,0.04643791896066882
CG.TCCTG,CGATCCTG,39,2,RAND,A,nan,nan
CG.TCCTG,CGCTCCTG,39,2,AFF,C,0.54794025897031,5.896175110598149e-18
CG.TCCTG,CGCTCCTG,39,2,RAND,C,0.045251245721491085,0.9162764324450186
CG.TCCTG,CGGTCCTG,39,2,AFF,G,0.5118250592245732,3.317283614531752e-17
CG.TCCTG,CGGTCCTG,39,2,RAND,G,-0.20783028222114242,0.7330976218677367
CG.TCCTG,CGTTCCTG,39,2,AFF,T,0.4417839964112733,2.322168941594285e-08
CG.TCCTG,CGTTCCTG,39,2,RAND,T,2.3198397554667247,0.009378116824578958
CGG.CCTG,CGGACCTG,39,3,AFF,A,0.21162537564401257,0.04643791896066882
CGG.CCTG,CGGACCTG,39,3,RAND,A,nan,nan
CGG.CCTG,CGGCCCTG,39,3,AFF,C,0.54794025897031,5.896175110598149e-18
CGG.CCTG,CGGCCCTG,39,3,RAND,C,0.045251245721491085,0.9162764324450186
CGG.CCTG,CGGGCCTG,39,3,AFF,G,0.5118250592245732,3.317283614531752e-17
CGG.CCTG,CGGGCCTG,39,3,RAND,G,-0.20783028222114242,0.7330976218677367
CGG.CCTG,CGGTCCTG,39,3,AFF,T,0.4417839964112733,2.322168941594285e-08
CGG.CCTG,CGGTCCTG,39,3,RAND,T,2.3198397554667247,0.009378116824578958
CGGT.CTG,CGGTACTG,39,4,AFF,A,0.21162537564401257,0.04643791896066882
CGGT.CTG,CGGTACTG,39,4,RAND,A,nan,nan
CGGT.CTG,CGGTCCTG,39,4,AFF,C,0.54794025897031,5.896175110598149e-18
CGGT.CTG,CGGTCCTG,39,4,RAND,C,0.045251245721491085,0.9162764324450186
CGGT.CTG,CGGTGCTG,39,4,AFF,G,0.5118250592245732,3.317283614531752e-17
CGGT.CTG,CGGTGCTG,39,4,RAND,G,-0.20783028222114242,0.7330976218677367
CGGT.CTG,CGGTTCTG,39,4,AFF,T,0.4417839964112733,2.322168941594285e-08
CGGT.CTG,CGGTTCTG,39,4,RAND,T,2.3198397554667247,0.009378116824578958
CGGTC.TG,CGGTCATG,39,5,AFF,A,0.21162537564401257,0.04643791896066882
CGGTC.TG,CGGTCATG,39,5,RAND,A,nan,nan
CGGTC.TG,CGGTCCTG,39,5,AFF,C,0.54794025897031,5.896175110598149e-18
CGGTC.TG,CGGTCCTG,39,5,RAND,C,0.045251245721491085,0.9162764324450186
CGGTC.TG,CGGTCGTG,39,5,AFF,G,0.5118250592245732,3.317283614531752e-17
CGGTC.TG,CGGTCGTG,39,5,RAND,G,-0.20783028222114242,0.7330976218677367
CGGTC.TG,CGGTCTTG,39,5,AFF,T,0.4417839964112733,2.322168941594285e-08
CGGTC.TG,CGGTCTTG,39,5,RAND,T,2.3198397554667247,0.009378116824578958
CGGTCC.G,CGGTCCAG,39,6,AFF,A,0.21162537564401257,0.04643791896066882
CGGTCC.G,CGGTCCAG,39,6,RAND,A,nan,nan
CGGTCC.G,CGGTCCCG,39,6,AFF,C,0.54794025897031,5.896175110598149e-18
CGGTCC.G,CGGTCCCG,39,6,RAND,C,0.045251245721491085,0.9162764324450186
CGGTCC.G,CGGTCCGG,39,6,AFF,G,0.5118250592245732,3.317283614531752e-17
CGGTCC.G,CGGTCCGG,39,6,RAND,G,-0.20783028222114242,0.7330976218677367
CGGTCC.G,CGGTCCTG,39,6,AFF,T,0.4417839964112733,2.322168941594285e-08
CGGTCC.G,CGGTCCTG,39,6,RAND,T,2.3198397554667247,0.009378116824578958
CGGTCCT.,CGGTCCTA,39,7,AFF,A,0.21162537564401257,0.04643791896066882
CGGTCCT.,CGGTCCTA,39,7,RAND,A,nan,nan
CGGTCCT.,CGGTCCTC,39,7,AFF,C,0.54794025897031,5.896175110598149e-18
CGGTCCT.,CGGTCCTC,39,7,RAND,C,0.045251245721491085,0.9162764324450186
CGGTCCT.,CGGTCCTG,39,7,AFF,G,0.5118250592245732,3.317283614531752e-17
CGGTCCT.,CGGTCCTG,39,7,RAND,G,-0.20783028222114242,0.7330976218677367
CGGTCCT.,CGGTCCTT,39,7,AFF,T,0.4417839964112733,2.322168941594285e-08
CGGTCCT.,CGGTCCTT,39,7,RAND,T,2.3198397554667247,0.009378116824578958
.GTCCTGG,AGTCCTGG,40,0,AFF,A,0.2515464654973866,5.902151906661448e-09
.GTCCTGG,AGTCCTGG,40,0,RAND,A,0.24471300386615308,0.6172622630225255
.GTCCTGG,CGTCCTGG,40,0,AFF,C,0.48216676784936097,1.2868409174135556e-36
.GTCCTGG,CGTCCTGG,40,0,RAND,C,0.2789019553038612,0.6229861146701006
.GTCCTGG,GGTCCTGG,40,0,AFF,G,0.42450070931357375,3.0957069969988637e-35
.GTCCTGG,GGTCCTGG,40,0,RAND,G,0.7775901778808173,0.06671527650504923
.GTCCTGG,TGTCCTGG,40,0,AFF,T,0.22840400309142506,9.382990686707979e-07
.GTCCTGG,TGTCCTGG,40,0,RAND,T,0.05141031417200101,0.9431582552735519
G.TCCTGG,GATCCTGG,40,1,AFF,A,0.2515464654973866,5.902151906661448e-09
G.TCCTGG,GATCCTGG,40,1,RAND,A,0.24471300386615308,0.6172622630225255
G.TCCTGG,GCTCCTGG,40,1,AFF,C,0.48216676784936097,1.2868409174135556e-36
G.TCCTGG,GCTCCTGG,40,1,RAND,C,0.2789019553038612,0.6229861146701006
G.TCCTGG,GGTCCTGG,40,1,AFF,G,0.42450070931357375,3.0957069969988637e-35
G.TCCTGG,GGTCCTGG,40,1,RAND,G,0.7775901778808173,0.06671527650504923
G.TCCTGG,GTTCCTGG,40,1,AFF,T,0.22840400309142506,9.382990686707979e-07
G.TCCTGG,GTTCCTGG,40,1,RAND,T,0.05141031417200101,0.9431582552735519
GG.CCTGG,GGACCTGG,40,2,AFF,A,0.2515464654973866,5.902151906661448e-09
GG.CCTGG,GGACCTGG,40,2,RAND,A,0.24471300386615308,0.6172622630225255
GG.CCTGG,GGCCCTGG,40,2,AFF,C,0.48216676784936097,1.2868409174135556e-36
GG.CCTGG,GGCCCTGG,40,2,RAND,C,0.2789019553038612,0.6229861146701006
GG.CCTGG,GGGCCTGG,40,2,AFF,G,0.42450070931357375,3.0957069969988637e-35
GG.CCTGG,GGGCCTGG,40,2,RAND,G,0.7775901778808173,0.06671527650504923
GG.CCTGG,GGTCCTGG,40,2,AFF,T,0.22840400309142506,9.382990686707979e-07
GG.CCTGG,GGTCCTGG,40,2,RAND,T,0.05141031417200101,0.9431582552735519
GGT.CTGG,GGTACTGG,40,3,AFF,A,0.2515464654973866,5.902151906661448e-09
GGT.CTGG,GGTACTGG,40,3,RAND,A,0.24471300386615308,0.6172622630225255
GGT.CTGG,GGTCCTGG,40,3,AFF,C,0.48216676784936097,1.2868409174135556e-36
GGT.CTGG,GGTCCTGG,40,3,RAND,C,0.2789019553038612,0.6229861146701006
GGT.CTGG,GGTGCTGG,40,3,AFF,G,0.42450070931357375,3.0957069969988637e-35
GGT.CTGG,GGTGCTGG,40,3,RAND,G,0.7775901778808173,0.06671527650504923
GGT.CTGG,GGTTCTGG,40,3,AFF,T,0.22840400309142506,9.382990686707979e-07
GGT.CTGG,GGTTCTGG,40,3,RAND,T,0.05141031417200101,0.9431582552735519
GGTC.TGG,GGTCATGG,40,4,AFF,A,0.2515464654973866,5.902151906661448e-09
GGTC.TGG,GGTCATGG,40,4,RAND,A,0.24471300386615308,0.6172622630225255
GGTC.TGG,GGTCCTGG,40,4,AFF,C,0.48216676784936097,1.2868409174135556e-36
GGTC.TGG,GGTCCTGG,40,4,RAND,C,0.2789019553038612,0.6229861146701006
GGTC.TGG,GGTCGTGG,40,4,AFF,G,0.42450070931357375,3.0957069969988637e-35
GGTC.TGG,GGTCGTGG,40,4,RAND,G,0.7775901778808173,0.06671527650504923
GGTC.TGG,GGTCTTGG,40,4,AFF,T,0.22840400309142506,9.382990686707979e-07
GGTC.TGG,GGTCTTGG,40,4,RAND,T,0.05141031417200101,0.9431582552735519
GGTCC.GG,GGTCCAGG,40,5,AFF,A,0.2515464654973866,5.902151906661448e-09
GGTCC.GG,GGTCCAGG,40,5,RAND,A,0.24471300386615308,0.6172622630225255
GGTCC.GG,GGTCCCGG,40,5,AFF,C,0.48216676784936097,1.2868409174135556e-36
GGTCC.GG,GGTCCCGG,40,5,RAND,C,0.2789019553038612,0.6229861146701006
GGTCC.GG,GGTCCGGG,40,5,AFF,G,0.42450070931357375,3.0957069969988637e-35
GGTCC.GG,GGTCCGGG,40,5,RAND,G,0.7775901778808173,0.06671527650504923
GGTCC.GG,GGTCCTGG,40,5,AFF,T,0.22840400309142506,9.382990686707979e-07
GGTCC.GG,GGTCCTGG,40,5,RAND,T,0.05141031417200101,0.9431582552735519
GGTCCT.G,GGTCCTAG,40,6,AFF,A,0.2515464654973866,5.902151906661448e-09
GGTCCT.G,GGTCCTAG,40,6,RAND,A,0.24471300386615308,0.6172622630225255
GGTCCT.G,GGTCCTCG,40,6,AFF,C,0.48216676784936097,1.2868409174135556e-36
GGTCCT.G,GGTCCTCG,40,6,RAND,C,0.2789019553038612,0.6229861146701006
GGTCCT.G,GGTCCTGG,40,6,AFF,G,0.42450070931357375,3.0957069969988637e-35
GGTCCT.G,GGTCCTGG,40,6,RAND,G,0.7775901778808173,0.06671527650504923
GGTCCT.G,GGTCCTTG,40,6,AFF,T,0.22840400309142506,9.382990686707979e-07
GGTCCT.G,GGTCCTTG,40,6,RAND,T,0.05141031417200101,0.9431582552735519
GGTCCTG.,GGTCCTGA,40,7,AFF,A,0.2515464654973866,5.902151906661448e-09
GGTCCTG.,GGTCCTGA,40,7,RAND,A,0.24471300386615308,0.6172622630225255
GGTCCTG.,GGTCCTGC,40,7,AFF,C,0.48216676784936097,1.2868409174135556e-36
GGTCCTG.,GGTCCTGC,40,7,RAND,C,0.2789019553038612,0.6229861146701006
GGTCCTG.,GGTCCTGG,40,7,AFF,G,0.42450070931357375,3.0957069969988637e-35
GGTCCTG.,GGTCCTGG,40,7,RAND,G,0.7775901778808173,0.06671527650504923
GGTCCTG.,GGTCCTGT,40,7,AFF,T,0.22840400309142506,9.382990686707979e-07
GGTCCTG.,GGTCCTGT,40,7,RAND,T,0.05141031417200101,0.9431582552735519
.TCCTGGG,ATCCTGGG,41,0,AFF,A,0.26092684347795764,2.4740466887050992e-12
.TCCTGGG,ATCCTGGG,41,0,RAND,A,-0.19572464443001797,0.5077281495783778
.TCCTGGG,CTCCTGGG,41,0,AFF,C,0.46186857275296833,2.5304472755197726e-40
.TCCTGGG,CTCCTGGG,41,0,RAND,C,1.1357235277864985,0.00010150581111370682
.TCCTGGG,GTCCTGGG,41,0,AFF,G,0.4631398098815943,1.2386735530304437e-50
.TCCTGGG,GTCCTGGG,41,0,RAND,G,-0.40127513937477377,0.2495271332536324
.TCCTGGG,TTCCTGGG,41,0,AFF,T,0.25597778816599925,4.733209648981219e-09
.TCCTGGG,TTCCTGGG,41,0,RAND,T,1.1930705171358713,3.3984272942667096e-05
G.CCTGGG,GACCTGGG,41,1,AFF,A,0.26092684347795764,2.4740466887050992e-12
G.CCTGGG,GACCTGGG,41,1,RAND,A,-0.19572464443001797,0.5077281495783778
G.CCTGGG,GCCCTGGG,41,1,AFF,C,0.46186857275296833,2.5304472755197726e-40
G.CCTGGG,GCCCTGGG,41,1,RAND,C,1.1357235277864985,0.00010150581111370682
G.CCTGGG,GGCCTGGG,41,1,AFF,G,0.4631398098815943,1.2386735530304437e-50
G.CCTGGG,GGCCTGGG,41,1,RAND,G,-0.40127513937477377,0.2495271332536324
G.CCTGGG,GTCCTGGG,41,1,AFF,T,0.25597778816599925,4.733209648981219e-09
G.CCTGGG,GTCCTGGG,41,1,RAND,T,1.1930705171358713,3.3984272942667096e-05
GT.CTGGG,GTACTGGG,41,2,AFF,A,0.26092684347795764,2.4740466887050992e-12
GT.CTGGG,GTACTGGG,41,2,RAND,A,-0.19572464443001797,0.5077281495783778
GT.CTGGG,GTCCTGGG,41,2,AFF,C,0.46186857275296833,2.5304472755197726e-40
GT.CTGGG,GTCCTGGG,41,2,RAND,C,1.1357235277864985,0.00010150581111370682
GT.CTGGG,GTGCTGGG,41,2,AFF,G,0.4631398098815943,1.2386735530304437e-50
GT.CTGGG,GTGCTGGG,41,2,RAND,G,-0.40127513937477377,0.2495271332536324
GT.CTGGG,GTTCTGGG,41,2,AFF,T,0.25597778816599925,4.733209648981219e-09
GT.CTGGG,GTTCTGGG,41,2,RAND,T,1.1930705171358713,3.3984272942667096e-05
GTC.TGGG,GTCATGGG,41,3,AFF,A,0.26092684347795764,2.4740466887050992e-12
GTC.TGGG,GTCATGGG,41,3,RAND,A,-0.19572464443001797,0.5077281495783778
GTC.TGGG,GTCCTGGG,41,3,AFF,C,0.46186857275296833,2.5304472755197726e-40
GTC.TGGG,GTCCTGGG,41,3,RAND,C,1.1357235277864985,0.00010150581111370682
GTC.TGGG,GTCGTGGG,41,3,AFF,G,0.4631398098815943,1.2386735530304437e-50
GTC.TGGG,GTCGTGGG,41,3,RAND,G,-0.40127513937477377,0.2495271332536324
GTC.TGGG,GTCTTGGG,41,3,AFF,T,0.25597778816599925,4.733209648981219e-09
GTC.TGGG,GTCTTGGG,41,3,RAND,T,1.1930705171358713,3.3984272942667096e-05
GTCC.GGG,GTCCAGGG,41,4,AFF,A,0.26092684347795764,2.4740466887050992e-12
GTCC.GGG,GTCCAGGG,41,4,RAND,A,-0.19572464443001797,0.5077281495783778
GTCC.GGG,GTCCCGGG,41,4,AFF,C,0.46186857275296833,2.5304472755197726e-40
GTCC.GGG,GTCCCGGG,41,4,RAND,C,1.1357235277864985,0.00010150581111370682
GTCC.GGG,GTCCGGGG,41,4,AFF,G,0.4631398098815943,1.2386735530304437e-50
GTCC.GGG,GTCCGGGG,41,4,RAND,G,-0.40127513937477377,0.2495271332536324
GTCC.GGG,GTCCTGGG,41,4,AFF,T,0.25597778816599925,4.733209648981219e-09
GTCC.GGG,GTCCTGGG,41,4,RAND,T,1.1930705171358713,3.3984272942667096e-05
GTCCT.GG,GTCCTAGG,41,5,AFF,A,0.26092684347795764,2.4740466887050992e-12
GTCCT.GG,GTCCTAGG,41,5,RAND,A,-0.19572464443001797,0.5077281495783778
GTCCT.GG,GTCCTCGG,41,5,AFF,C,0.46186857275296833,2.5304472755197726e-40
GTCCT.GG,GTCCTCGG,41,5,RAND,C,1.1357235277864985,0.00010150581111370682
GTCCT.GG,GTCCTGGG,41,5,AFF,G,0.4631398098815943,1.2386735530304437e-50
GTCCT.GG,GTCCTGGG,41,5,RAND,G,-0.40127513937477377,0.2495271332536324
GTCCT.GG,GTCCTTGG,41,5,AFF,T,0.25597778816599925,4.733209648981219e-09
GTCCT.GG,GTCCTTGG,41,5,RAND,T,1.1930705171358713,3.3984272942667096e-05
GTCCTG.G,GTCCTGAG,41,6,AFF,A,0.26092684347795764,2.4740466887050992e-12
GTCCTG.G,GTCCTGAG,41,6,RAND,A,-0.19572464443001797,0.5077281495783778
GTCCTG.G,GTCCTGCG,41,6,AFF,C,0.46186857275296833,2.5304472755197726e-40
GTCCTG.G,GTCCTGCG,41,6,RAND,C,1.1357235277864985,0.00010150581111370682
GTCCTG.G,GTCCTGGG,41,6,AFF,G,0.4631398098815943,1.2386735530304437e-50
GTCCTG.G,GTCCTGGG,41,6,RAND,G,-0.40127513937477377,0.2495271332536324
GTCCTG.G,GTCCTGTG,41,6,AFF,T,0.25597778816599925,4.733209648981219e-09
GTCCTG.G,GTCCTGTG,41,6,RAND,T,1.1930705171358713,3.3984272942667096e-05
GTCCTGG.,GTCCTGGA,41,7,AFF,A,0.26092684347795764,2.4740466887050992e-12
GTCCTGG.,GTCCTGGA,41,7,RAND,A,-0.19572464443001797,0.5077281495783778
GTCCTGG.,GTCCTGGC,41,7,AFF,C,0.46186857275296833,2.5304472755197726e-40
GTCCTGG.,GTCCTGGC,41,7,RAND,C,1.1357235277864985,0.00010150581111370682
GTCCTGG.,GTCCTGGG,41,7,AFF,G,0.4631398098815943,1.2386735530304437e-50
GTCCTGG.,GTCCTGGG,41,7,RAND,G,-0.40127513937477377,0.2495271332536324
GTCCTGG.,GTCCTGGT,41,7,AFF,T,0.25597778816599925,4.733209648981219e-09
GTCCTGG.,GTCCTGGT,41,7,RAND,T,1.1930705171358713,3.3984272942667096e-05
.CCTGGGC,ACCTGGGC,42,0,AFF,A,0.43572647580263935,9.410763365806242e-55
.CCTGGGC,ACCTGGGC,42,0,RAND,A,0.14396270087861884,0.6361218973670715
.CCTGGGC,CCCTGGGC,42,0,AFF,C,0.5080235565135764,1.1225115830234833e-83
.CCTGGGC,CCCTGGGC,42,0,RAND,C,1.1900847792450029,2.3085355320845743e-06
.CCTGGGC,GCCTGGGC,42,0,AFF,G,0.39440895273010435,2.9906397185174423e-50
.CCTGGGC,GCCTGGGC,42,0,RAND,G,0.09223353393424438,0.7373686122010996
.CCTGGGC,TCCTGGGC,42,0,AFF,T,0.15866535360881137,6.688802500606297e-07
.CCTGGGC,TCCTGGGC,42,0,RAND,T,-0.002701720879648553,0.9928730359643307
T.CTGGGC,TACTGGGC,42,1,AFF,A,0.43572647580263935,9.410763365806242e-55
T.CTGGGC,TACTGGGC,42,1,RAND,A,0.14396270087861884,0.6361218973670715
T.CTGGGC,TCCTGGGC,42,1,AFF,C,0.5080235565135764,1.1225115830234833e-83
T.CTGGGC,TCCTGGGC,42,1,RAND,C,1.1900847792450029,2.3085355320845743e-06
T.CTGGGC,TGCTGGGC,42,1,AFF,G,0.39440895273010435,2.9906397185174423e-50
T.CTGGGC,TGCTGGGC,42,1,RAND,G,0.09223353393424438,0.7373686122010996
T.CTGGGC,TTCTGGGC,42,1,AFF,T,0.15866535360881137,6.688802500606297e-07
T.CTGGGC,TTCTGGGC,42,1,RAND,T,-0.002701720879648553,0.9928730359643307
TC.TGGGC,TCATGGGC,42,2,AFF,A,0.43572647580263935,9.410763365806242e-55
TC.TGGGC,TCATGGGC,42,2,RAND,A,0.14396270087861884,0.6361218973670715
TC.TGGGC,TCCTGGGC,42,2,AFF,C,0.5080235565135764,1.1225115830234833e-83
TC.TGGGC,TCCTGGGC,42,2,RAND,C,1.1900847792450029,2.3085355320845743e-06
TC.TGGGC,TCGTGGGC,42,2,AFF,G,0.39440895273010435,2.9906397185174423e-50
TC.TGGGC,TCGTGGGC,42,2,RAND,G,0.09223353393424438,0.7373686122010996
TC.TGGGC,TCTTGGGC,42,2,AFF,T,0.15866535360881137,6.688802500606297e-07
TC.TGGGC,TCTTGGGC,42,2,RAND,T,-0.002701720879648553,0.9928730359643307
TCC.GGGC,TCCAGGGC,42,3,AFF,A,0.43572647580263935,9.410763365806242e-55
TCC.GGGC,TCCAGGGC,42,3,RAND,A,0.14396270087861884,0.6361218973670715
TCC.GGGC,TCCCGGGC,42,3,AFF,C,0.5080235565135764,1.1225115830234833e-83
TCC.GGGC,TCCCGGGC,42,3,RAND,C,1.1900847792450029,2.3085355320845743e-06
TCC.GGGC,TCCGGGGC,42,3,AFF,G,0.39440895273010435,2.9906397185174423e-50
TCC.GGGC,TCCGGGGC,42,3,RAND,G,0.09223353393424438,0.7373686122010996
TCC.GGGC,TCCTGGGC,42,3,AFF,T,0.15866535360881137,6.688802500606297e-07
TCC.GGGC,TCCTGGGC,42,3,RAND,T,-0.002701720879648553,0.9928730359643307
TCCT.GGC,TCCTAGGC,42,4,AFF,A,0.43572647580263935,9.410763365806242e-55
TCCT.GGC,TCCTAGGC,42,4,RAND,A,0.14396270087861884,0.6361218973670715
TCCT.GGC,TCCTCGGC,42,4,AFF,C,0.5080235565135764,1.1225115830234833e-83
TCCT.GGC,TCCTCGGC,42,4,RAND,C,1.1900847792450029,2.3085355320845743e-06
TCCT.GGC,TCCTGGGC,42,4,AFF,G,0.39440895273010435,2.9906397185174423e-50
TCCT.GGC,TCCTGGGC,42,4,RAND,G,0.09223353393424438,0.7373686122010996
TCCT.GGC,TCCTTGGC,42,4,AFF,T,0.15866535360881137,6.688802500606297e-07
TCCT.GGC,TCCTTGGC,42,4,RAND,T,-0.002701720879648553,0.9928730359643307
TCCTG.GC,TCCTGAGC,42,5,AFF,A,0.43572647580263935,9.410763365806242e-55
TCCTG.GC,TCCTGAGC,42,5,RAND,A,0.14396270087861884,0.6361218973670715
TCCTG.GC,TCCTGCGC,42,5,AFF,C,0.5080235565135764,1.1225115830234833e-83
TCCTG.GC,TCCTGCGC,42,5,RAND,C,1.1900847792450029,2.3085355320845743e-06
TCCTG.GC,TCCTGGGC,42,5,AFF,G,0.39440895273010435,2.9906397185174423e-50
TCCTG.GC,TCCTGGGC,42,5,RAND,G,0.09223353393424438,0.7373686122010996
TCCTG.GC,TCCTGTGC,42,5,AFF,T,0.15866535360881137,6.688802500606297e-07
TCCTG.GC,TCCTGTGC,42,5,RAND,T,-0.002701720879648553,0.9928730359643307
TCCTGG.C,TCCTGGAC,42,6,AFF,A,0.43572647580263935,9.410763365806242e-55
TCCTGG.C,TCCTGGAC,42,6,RAND,A,0.14396270087861884,0.6361218973670715
TCCTGG.C,TCCTGGCC,42,6,AFF,C,0.5080235565135764,1.1225115830234833e-83
TCCTGG.C,TCCTGGCC,42,6,RAND,C,1.1900847792450029,2.3085355320845743e-06
TCCTGG.C,TCCTGGGC,42,6,AFF,G,0.39440895273010435,2.9906397185174423e-50
TCCTGG.C,TCCTGGGC,42,6,RAND,G,0.09223353393424438,0.7373686122010996
TCCTGG.C,TCCTGGTC,42,6,AFF,T,0.15866535360881137,6.688802500606297e-07
TCCTGG.C,TCCTGGTC,42,6,RAND,T,-0.002701720879648553,0.9928730359643307
TCCTGGG.,TCCTGGGA,42,7,AFF,A,0.43572647580263935,9.410763365806242e-55
TCCTGGG.,TCCTGGGA,42,7,RAND,A,0.14396270087861884,0.6361218973670715
TCCTGGG.,TCCTGGGC,42,7,AFF,C,0.5080235565135764,1.1225115830234833e-83
TCCTGGG.,TCCTGGGC,42,7,RAND,C,1.1900847792450029,2.3085355320845743e-06
TCCTGGG.,TCCTGGGG,42,7,AFF,G,0.39440895273010435,2.9906397185174423e-50
TCCTGGG.,TCCTGGGG,42,7,RAND,G,0.09223353393424438,0.7373686122010996
TCCTGGG.,TCCTGGGT,42,7,AFF,T,0.15866535360881137,6.688802500606297e-07
TCCTGGG.,TCCTGGGT,42,7,RAND,T,-0.002701720879648553,0.9928730359643307
.CTGGGCG,ACTGGGCG,43,0,AFF,A,0.1678719895093375,6.882064214970699e-09
.CTGGGCG,ACTGGGCG,43,0,RAND,A,0.26858568963571006,0.35227210622307703
.CTGGGCG,CCTGGGCG,43,0,AFF,C,0.45078342785956055,1.2990505140233628e-85
.CTGGGCG,CCTGGGCG,43,0,RAND,C,0.29148351511741954,0.22161350567265714
.CTGGGCG,GCTGGGCG,43,0,AFF,G,0.750957445457808,1.7133528486081438e-147
.CTGGGCG,GCTGGGCG,43,0,RAND,G,1.0721734354940418,6.314003990795241e-05
.CTGGGCG,TCTGGGCG,43,0,AFF,T,0.21224096950404242,1.2126351317375096e-18
.CTGGGCG,TCTGGGCG,43,0,RAND,T,0.0913268243244323,0.7259907783892583
C.TGGGCG,CATGGGCG,43,1,AFF,A,0.1678719895093375,6.882064214970699e-09
C.TGGGCG,CATGGGCG,43,1,RAND,A,0.26858568963571006,0.35227210622307703
C.TGGGCG,CCTGGGCG,43,1,AFF,C,0.45078342785956055,1.2990505140233628e-85
C.TGGGCG,CCTGGGCG,43,1,RAND,C,0.29148351511741954,0.22161350567265714
C.TGGGCG,CGTGGGCG,43,1,AFF,G,0.750957445457808,1.7133528486081438e-147
C.TGGGCG,CGTGGGCG,43,1,RAND,G,1.0721734354940418,6.314003990795241e-05
C.TGGGCG,CTTGGGCG,43,1,AFF,T,0.21224096950404242,1.2126351317375096e-18
C.TGGGCG,CTTGGGCG,43,1,RAND,T,0.0913268243244323,0.7259907783892583
CC.GGGCG,CCAGGGCG,43,2,AFF,A,0.1678719895093375,6.882064214970699e-09
CC.GGGCG,CCAGGGCG,43,2,RAND,A,0.26858568963571006,0.35227210622307703
CC.GGGCG,CCCGGGCG,43,2,AFF,C,0.45078342785956055,1.2990505140233628e-85
CC.GGGCG,CCCGGGCG,43,2,RAND,C,0.29148351511741954,0.22161350567265714
CC.GGGCG,CCGGGGCG,43,2,AFF,G,0.750957445457808,1.7133528486081438e-147
CC.GGGCG,CCGGGGCG,43,2,RAND,G,1.0721734354940418,6.314003990795241e-05
CC.GGGCG,CCTGGGCG,43,2,AFF,T,0.21224096950404242,1.2126351317375096e-18
CC.GGGCG,CCTGGGCG,43,2,RAND,T,0.0913268243244323,0.7259907783892583
CCT.GGCG,CCTAGGCG,43,3,AFF,A,0.1678719895093375,6.882064214970699e-09
CCT.GGCG,CCTAGGCG,43,3,RAND,A,0.26858568963571006,0.35227210622307703
CCT.GGCG,CCTCGGCG,43,3,AFF,C,0.45078342785956055,1.2990505140233628e-85
CCT.GGCG,CCTCGGCG,43,3,RAND,C,0.29148351511741954,0.22161350567265714
CCT.GGCG,CCTGGGCG,43,3,AFF,G,0.750957445457808,1.7133528486081438e-147
CCT.GGCG,CCTGGGCG,43,3,RAND,G,1.0721734354940418,6.314003990795241e-05
CCT.GGCG,CCTTGGCG,43,3,AFF,T,0.21224096950404242,1.2126351317375096e-18
CCT.GGCG,CCTTGGCG,43,3,RAND,T,0.0913268243244323,0.7259907783892583
CCTG.GCG,CCTGAGCG,43,4,AFF,A,0.1678719895093375,6.882064214970699e-09
CCTG.GCG,CCTGAGCG,43,4,RAND,A,0.26858568963571006,0.35227210622307703
CCTG.GCG,CCTGCGCG,43,4,AFF,C,0.45078342785956055,1.2990505140233628e-85
CCTG.GCG,CCTGCGCG,43,4,RAND,C,0.29148351511741954,0.22161350567265714
CCTG.GCG,CCTGGGCG,43,4,AFF,G,0.750957445457808,1.7133528486081438e-147
CCTG.GCG,CCTGGGCG,43,4,RAND,G,1.0721734354940418,6.314003990795241e-05
CCTG.GCG,CCTGTGCG,43,4,AFF,T,0.21224096950404242,1.2126351317375096e-18
CCTG.GCG,CCTGTGCG,43,4,RAND,T,0.0913268243244323,0.7259907783892583
CCTGG.CG,CCTGGACG,43,5,AFF,A,0.1678719895093375,6.882064214970699e-09
CCTGG.CG,CCTGGACG,43,5,RAND,A,0.26858568963571006,0.35227210622307703
CCTGG.CG,CCTGGCCG,43,5,AFF,C,0.45078342785956055,1.2990505140233628e-85
CCTGG.CG,CCTGGCCG,43,5,RAND,C,0.29148351511741954,0.22161350567265714
CCTGG.CG,CCTGGGCG,43,5,AFF,G,0.750957445457808,1.7133528486081438e-147
CCTGG.CG,CCTGGGCG,43,5,RAND,G,1.0721734354940418,6.314003990795241e-05
CCTGG.CG,CCTGGTCG,43,5,AFF,T,0.21224096950404242,1.2126351317375096e-18
CCTGG.CG,CCTGGTCG,43,5,RAND,T,0.0913268243244323,0.7259907783892583
CCTGGG.G,CCTGGGAG,43,6,AFF,A,0.1678719895093375,6.882064214970699e-09
CCTGGG.G,CCTGGGAG,43,6,RAND,A,0.26858568963571006,0.35227210622307703
CCTGGG.G,CCTGGGCG,43,6,AFF,C,0.45078342785956055,1.2990505140233628e-85
CCTGGG.G,CCTGGGCG,43,6,RAND,C,0.29148351511741954,0.22161350567265714
CCTGGG.G,CCTGGGGG,43,6,AFF,G,0.750957445457808,1.7133528486081438e-147
CCTGGG.G,CCTGGGGG,43,6,RAND,G,1.0721734354940418,6.314003990795241e-05
CCTGGG.G,CCTGGGTG,43,6,AFF,T,0.21224096950404242,1.2126351317375096e-18
CCTGGG.G,CCTGGGTG,43,6,RAND,T,0.0913268243244323,0.7259907783892583
CCTGGGC.,CCTGGGCA,43,7,AFF,A,0.1678719895093375,6.882064214970699e-09
CCTGGGC.,CCTGGGCA,43,7,RAND,A,0.26858568963571006,0.35227210622307703
CCTGGGC.,CCTGGGCC,43,7,AFF,C,0.45078342785956055,1.2990505140233628e-85
CCTGGGC.,CCTGGGCC,43,7,RAND,C,0.29148351511741954,0.22161350567265714
CCTGGGC.,CCTGGGCG,43,7,AFF,G,0.750957445457808,1.7133528486081438e-147
CCTGGGC.,CCTGGGCG,43,7,RAND,G,1.0721734354940418,6.314003990795241e-05
CCTGGGC.,CCTGGGCT,43,7,AFF,T,0.21224096950404242,1.2126351317375096e-18
CCTGGGC.,CCTGGGCT,43,7,RAND,T,0.0913268243244323,0.7259907783892583
.TGGGCGT,ATGGGCGT,44,0,AFF,A,0.41879764816796694,5.462463392541656e-18
.TGGGCGT,ATGGGCGT,44,0,RAND,A,nan,nan
.TGGGCGT,CTGGGCGT,44,0,AFF,C,0.432193203558161,1.8511609018536942e-37
.TGGGCGT,CTGGGCGT,44,0,RAND,C,0.5718170829995302,0.048754559095070364
.TGGGCGT,GTGGGCGT,44,0,AFF,G,0.5210192356885176,5.967734579678007e-70
.TGGGCGT,GTGGGCGT,44,0,RAND,G,0.010759504251057303,0.9657045960004502
.TGGGCGT,TTGGGCGT,44,0,AFF,T,0.5683370028968406,1.7227269926605408e-40
.TGGGCGT,TTGGGCGT,44,0,RAND,T,0.5303461051587561,0.09974753158808346
C.GGGCGT,CAGGGCGT,44,1,AFF,A,0.41879764816796694,5.462463392541656e-18
C.GGGCGT,CAGGGCGT,44,1,RAND,A,nan,nan
C.GGGCGT,CCGGGCGT,44,1,AFF,C,0.432193203558161,1.8511609018536942e-37
C.GGGCGT,CCGGGCGT,44,1,RAND,C,0.5718170829995302,0.048754559095070364
C.GGGCGT,CGGGGCGT,44,1,AFF,G,0.5210192356885176,5.967734579678007e-70
C.GGGCGT,CGGGGCGT,44,1,RAND,G,0.010759504251057303,0.9657045960004502
C.GGGCGT,CTGGGCGT,44,1,AFF,T,0.5683370028968406,1.7227269926605408e-40
C.GGGCGT,CTGGGCGT,44,1,RAND,T,0.5303461051587561,0.09974753158808346
CT.GGCGT,CTAGGCGT,44,2,AFF,A,0.41879764816796694,5.462463392541656e-18
CT.GGCGT,CTAGGCGT,44,2,RAND,A,nan,nan
CT.GGCGT,CTCGGCGT,44,2,AFF,C,0.432193203558161,1.8511609018536942e-37
CT.GGCGT,CTCGGCGT,44,2,RAND,C,0.5718170829995302,0.048754559095070364
CT.GGCGT,CTGGGCGT,44,2,AFF,G,0.5210192356885176,5.967734579678007e-70
CT.GGCGT,CTGGGCGT,44,2,RAND,G,0.010759504251057303,0.9657045960004502
CT.GGCGT,CTTGGCGT,44,2,AFF,T,0.5683370028968406,1.7227269926605408e-40
CT.GGCGT,CTTGGCGT,44,2,RAND,T,0.5303461051587561,0.09974753158808346
CTG.GCGT,CTGAGCGT,44,3,AFF,A,0.41879764816796694,5.462463392541656e-18
CTG.GCGT,CTGAGCGT,44,3,RAND,A,nan,nan
CTG.GCGT,CTGCGCGT,44,3,AFF,C,0.432193203558161,1.8511609018536942e-37
CTG.GCGT,CTGCGCGT,44,3,RAND,C,0.5718170829995302,0.048754559095070364
CTG.GCGT,CTGGGCGT,44,3,AFF,G,0.5210192356885176,5.967734579678007e-70
CTG.GCGT,CTGGGCGT,44,3,RAND,G,0.010759504251057303,0.9657045960004502
CTG.GCGT,CTGTGCGT,44,3,AFF,T,0.5683370028968406,1.7227269926605408e-40
CTG.GCGT,CTGTGCGT,44,3,RAND,T,0.5303461051587561,0.09974753158808346
CTGG.CGT,CTGGACGT,44,4,AFF,A,0.41879764816796694,5.462463392541656e-18
CTGG.CGT,CTGGACGT,44,4,RAND,A,nan,nan
CTGG.CGT,CTGGCCGT,44,4,AFF,C,0.432193203558161,1.8511609018536942e-37
CTGG.CGT,CTGGCCGT,44,4,RAND,C,0.5718170829995302,0.048754559095070364
CTGG.CGT,CTGGGCGT,44,4,AFF,G,0.5210192356885176,5.967734579678007e-70
CTGG.CGT,CTGGGCGT,44,4,RAND,G,0.010759504251057303,0.9657045960004502
CTGG.CGT,CTGGTCGT,44,4,AFF,T,0.5683370028968406,1.7227269926605408e-40
CTGG.CGT,CTGGTCGT,44,4,RAND,T,0.5303461051587561,0.09974753158808346
CTGGG.GT,CTGGGAGT,44,5,AFF,A,0.41879764816796694,5.462463392541656e-18
CTGGG.GT,CTGGGAGT,44,5,RAND,A,nan,nan
CTGGG.GT,CTGGGCGT,44,5,AFF,C,0.432193203558161,1.8511609018536942e-37
CTGGG.GT,CTGGGCGT,44,5,RAND,C,0.5718170829995302,0.048754559095070364
CTGGG.GT,CTGGGGGT,44,5,AFF,G,0.5210192356885176,5.967734579678007e-70
CTGGG.GT,CTGGGGGT,44,5,RAND,G,0.010759504251057303,0.9657045960004502
CTGGG.GT,CTGGGTGT,44,5,AFF,T,0.5683370028968406,1.7227269926605408e-40
CTGGG.GT,CTGGGTGT,44,5,RAND,T,0.5303461051587561,0.09974753158808346
CTGGGC.T,CTGGGCAT,44,6,AFF,A,0.41879764816796694,5.462463392541656e-18
CTGGGC.T,CTGGGCAT,44,6,RAND,A,nan,nan
CTGGGC.T,CTGGGCCT,44,6,AFF,C,0.432193203558161,1.8511609018536942e-37
CTGGGC.T,CTGGGCCT,44,6,RAND,C,0.5718170829995302,0.048754559095070364
CTGGGC.T,CTGGGCGT,44,6,AFF,G,0.5210192356885176,5.967734579678007e-70
CTGGGC.T,CTGGGCGT,44,6,RAND,G,0.010759504251057303,0.9657045960004502
CTGGGC.T,CTGGGCTT,44,6,AFF,T,0.5683370028968406,1.7227269926605408e-40
CTGGGC.T,CTGGGCTT,44,6,RAND,T,0.5303461051587561,0.09974753158808346
CTGGGCG.,CTGGGCGA,44,7,AFF,A,0.41879764816796694,5.462463392541656e-18
CTGGGCG.,CTGGGCGA,44,7,RAND,A,nan,nan
CTGGGCG.,CTGGGCGC,44,7,AFF,C,0.432193203558161,1.8511609018536942e-37
CTGGGCG.,CTGGGCGC,44,7,RAND,C,0.5718170829995302,0.048754559095070364
CTGGGCG.,CTGGGCGG,44,7,AFF,G,0.5210192356885176,5.967734579678007e-70
CTGGGCG.,CTGGGCGG,44,7,RAND,G,0.010759504251057303,0.9657045960004502
CTGGGCG.,CTGGGCGT,44,7,AFF,T,0.5683370028968406,1.7227269926605408e-40
CTGGGCG.,CTGGGCGT,44,7,RAND,T,0.5303461051587561,0.09974753158808346
.GGGCGTC,AGGGCGTC,45,0,AFF,A,0.5539569337500487,2.2145443037623913e-08
.GGGCGTC,AGGGCGTC,45,0,RAND,A,0.7937612915085558,0.2621419567680362
.GGGCGTC,CGGGCGTC,45,0,AFF,C,0.5840033122712804,9.950712802562625e-23
.GGGCGTC,CGGGCGTC,45,0,RAND,C,1.0814103070371246,0.04206152540013217
.GGGCGTC,GGGGCGTC,45,0,AFF,G,0.1615193383322352,0.00039695206050784977
.GGGCGTC,GGGGCGTC,45,0,RAND,G,0.30976608764386115,0.5227463901156013
.GGGCGTC,TGGGCGTC,45,0,AFF,T,0.5009132340693965,2.8211053861145593e-14
.GGGCGTC,TGGGCGTC,45,0,RAND,T,0.5083293361480988,0.45426332685809123
T.GGCGTC,TAGGCGTC,45,1,AFF,A,0.5539569337500487,2.2145443037623913e-08
T.GGCGTC,TAGGCGTC,45,1,RAND,A,0.7937612915085558,0.2621419567680362
T.GGCGTC,TCGGCGTC,45,1,AFF,C,0.5840033122712804,9.950712802562625e-23
T.GGCGTC,TCGGCGTC,45,1,RAND,C,1.0814103070371246,0.04206152540013217
T.GGCGTC,TGGGCGTC,45,1,AFF,G,0.1615193383322352,0.00039695206050784977
T.GGCGTC,TGGGCGTC,45,1,RAND,G,0.30976608764386115,0.5227463901156013
T.GGCGTC,TTGGCGTC,45,1,AFF,T,0.5009132340693965,2.8211053861145593e-14
T.GGCGTC,TTGGCGTC,45,1,RAND,T,0.5083293361480988,0.45426332685809123
TG.GCGTC,TGAGCGTC,45,2,AFF,A,0.5539569337500487,2.2145443037623913e-08
TG.GCGTC,TGAGCGTC,45,2,RAND,A,0.7937612915085558,0.2621419567680362
TG.GCGTC,TGCGCGTC,45,2,AFF,C,0.5840033122712804,9.950712802562625e-23
TG.GCGTC,TGCGCGTC,45,2,RAND,C,1.0814103070371246,0.04206152540013217
TG.GCGTC,TGGGCGTC,45,2,AFF,G,0.1615193383322352,0.00039695206050784977
TG.GCGTC,TGGGCGTC,45,2,RAND,G,0.30976608764386115,0.5227463901156013
TG.GCGTC,TGTGCGTC,45,2,AFF,T,0.5009132340693965,2.8211053861145593e-14
TG.GCGTC,TGTGCGTC,45,2,RAND,T,0.5083293361480988,0.45426332685809123
TGG.CGTC,TGGACGTC,45,3,AFF,A,0.5539569337500487,2.2145443037623913e-08
TGG.CGTC,TGGACGTC,45,3,RAND,A,0.7937612915085558,0.2621419567680362
TGG.CGTC,TGGCCGTC,45,3,AFF,C,0.5840033122712804,9.950712802562625e-23
TGG.CGTC,TGGCCGTC,45,3,RAND,C,1.0814103070371246,0.04206152540013217
TGG.CGTC,TGGGCGTC,45,3,AFF,G,0.1615193383322352,0.00039695206050784977
TGG.CGTC,TGGGCGTC,45,3,RAND,G,0.30976608764386115,0.5227463901156013
TGG.CGTC,TGGTCGTC,45,3,AFF,T,0.5009132340693965,2.8211053861145593e-14
TGG.CGTC,TGGTCGTC,45,3,RAND,T,0.5083293361480988,0.45426332685809123
TGGG.GTC,TGGGAGTC,45,4,AFF,A,0.5539569337500487,2.2145443037623913e-08
TGGG.GTC,TGGGAGTC,45,4,RAND,A,0.7937612915085558,0.2621419567680362
TGGG.GTC,TGGGCGTC,45,4,AFF,C,0.5840033122712804,9.950712802562625e-23
TGGG.GTC,TGGGCGTC,45,4,RAND,C,1.0814103070371246,0.04206152540013217
TGGG.GTC,TGGGGGTC,45,4,AFF,G,0.1615193383322352,0.00039695206050784977
TGGG.GTC,TGGGGGTC,45,4,RAND,G,0.30976608764386115,0.5227463901156013
TGGG.GTC,TGGGTGTC,45,4,AFF,T,0.5009132340693965,2.8211053861145593e-14
TGGG.GTC,TGGGTGTC,45,4,RAND,T,0.5083293361480988,0.45426332685809123
TGGGC.TC,TGGGCATC,45,5,AFF,A,0.5539569337500487,2.2145443037623913e-08
TGGGC.TC,TGGGCATC,45,5,RAND,A,0.7937612915085558,0.2621419567680362
TGGGC.TC,TGGGCCTC,45,5,AFF,C,0.5840033122712804,9.950712802562625e-23
TGGGC.TC,TGGGCCTC,45,5,RAND,C,1.0814103070371246,0.04206152540013217
TGGGC.TC,TGGGCGTC,45,5,AFF,G,0.1615193383322352,0.00039695206050784977
TGGGC.TC,TGGGCGTC,45,5,RAND,G,0.30976608764386115,0.5227463901156013
TGGGC.TC,TGGGCTTC,45,5,AFF,T,0.5009132340693965,2.8211053861145593e-14
TGGGC.TC,TGGGCTTC,45,5,RAND,T,0.5083293361480988,0.45426332685809123
TGGGCG.C,TGGGCGAC,45,6,AFF,A,0.5539569337500487,2.2145443037623913e-08
TGGGCG.C,TGGGCGAC,45,6,RAND,A,0.7937612915085558,0.2621419567680362
TGGGCG.C,TGGGCGCC,45,6,AFF,C,0.5840033122712804,9.950712802562625e-23
TGGGCG.C,TGGGCGCC,45,6,RAND,C,1.0814103070371246,0.04206152540013217
TGGGCG.C,TGGGCGGC,45,6,AFF,G,0.1615193383322352,0.00039695206050784977
TGGGCG.C,TGGGCGGC,45,6,RAND,G,0.30976608764386115,0.5227463901156013
TGGGCG.C,TGGGCGTC,45,6,AFF,T,0.5009132340693965,2.8211053861145593e-14
TGGGCG.C,TGGGCGTC,45,6,RAND,T,0.5083293361480988,0.45426332685809123
TGGGCGT.,TGGGCGTA,45,7,AFF,A,0.5539569337500487,2.2145443037623913e-08
TGGGCGT.,TGGGCGTA,45,7,RAND,A,0.7937612915085558,0.2621419567680362
TGGGCGT.,TGGGCGTC,45,7,AFF,C,0.5840033122712804,9.950712802562625e-23
TGGGCGT.,TGGGCGTC,45,7,RAND,C,1.0814103070371246,0.04206152540013217
TGGGCGT.,TGGGCGTG,45,7,AFF,G,0.1615193383322352,0.00039695206050784977
TGGGCGT.,TGGGCGTG,45,7,RAND,G,0.30976608764386115,0.5227463901156013
TGGGCGT.,TGGGCGTT,45,7,AFF,T,0.5009132340693965,2.8211053861145593e-14
TGGGCGT.,TGGGCGTT,45,7,RAND,T,0.5083293361480988,0.45426332685809123
.GGCGTCT,AGGCGTCT,46,0,AFF,A,0.5622338271873266,2.5907345698026433e-22
.GGCGTCT,AGGCGTCT,46,0,RAND,A,-0.4704523340591206,0.2955962272516166
.GGCGTCT,CGGCGTCT,46,0,AFF,C,0.48989576222484715,5.21931887425901e-27
.GGCGTCT,CGGCGTCT,46,0,RAND,C,0.27713428197294104,0.5920338623243919
.GGCGTCT,GGGCGTCT,46,0,AFF,G,0.5777902078301967,1.1431924649818451e-22
.GGCGTCT,GGGCGTCT,46,0,RAND,G,nan,nan
.GGCGTCT,TGGCGTCT,46,0,AFF,T,0.4030420146848325,2.8288234254440466e-14
.GGCGTCT,TGGCGTCT,46,0,RAND,T,1.7011441731060595,8.520500590612807e-05
G.GCGTCT,GAGCGTCT,46,1,AFF,A,0.5622338271873266,2.5907345698026433e-22
G.GCGTCT,GAGCGTCT,46,1,RAND,A,-0.4704523340591206,0.2955962272516166
G.GCGTCT,GCGCGTCT,46,1,AFF,C,0.48989576222484715,5.21931887425901e-27
G.GCGTCT,GCGCGTCT,46,1,RAND,C,0.27713428197294104,0.5920338623243919
G.GCGTCT,GGGCGTCT,46,1,AFF,G,0.5777902078301967,1.1431924649818451e-22
G.GCGTCT,GGGCGTCT,46,1,RAND,G,nan,nan
G.GCGTCT,GTGCGTCT,46,1,AFF,T,0.4030420146848325,2.8288234254440466e-14
G.GCGTCT,GTGCGTCT,46,1,RAND,T,1.7011441731060595,8.520500590612807e-05
GG.CGTCT,GGACGTCT,46,2,AFF,A,0.5622338271873266,2.5907345698026433e-22
GG.CGTCT,GGACGTCT,46,2,RAND,A,-0.4704523340591206,0.2955962272516166
GG.CGTCT,GGCCGTCT,46,2,AFF,C,0.48989576222484715,5.21931887425901e-27
GG.CGTCT,GGCCGTCT,46,2,RAND,C,0.27713428197294104,0.5920338623243919
GG.CGTCT,GGGCGTCT,46,2,AFF,G,0.5777902078301967,1.1431924649818451e-22
GG.CGTCT,GGGCGTCT,46,2,RAND,G,nan,nan
GG.CGTCT,GGTCGTCT,46,2,AFF,T,0.4030420146848325,2.8288234254440466e-14
GG.CGTCT,GGTCGTCT,46,2,RAND,T,1.7011441731060595,8.520500590612807e-05
GGG.GTCT,GGGAGTCT,46,3,AFF,A,0.5622338271873266,2.5907345698026433e-22
GGG.GTCT,GGGAGTCT,46,3,RAND,A,-0.4704523340591206,0.2955962272516166
GGG.GTCT,GGGCGTCT,46,3,AFF,C,0.48989576222484715,5.21931887425901e-27
GGG.GTCT,GGGCGTCT,46,3,RAND,C,0.27713428197294104,0.5920338623243919
GGG.GTCT,GGGGGTCT,46,3,AFF,G,0.5777902078301967,1.1431924649818451e-22
GGG.GTCT,GGGGGTCT,46,3,RAND,G,nan,nan
GGG.GTCT,GGGTGTCT,46,3,AFF,T,0.4030420146848325,2.8288234254440466e-14
GGG.GTCT,GGGTGTCT,46,3,RAND,T,1.7011441731060595,8.520500590612807e-05
GGGC.TCT,GGGCATCT,46,4,AFF,A,0.5622338271873266,2.5907345698026433e-22
GGGC.TCT,GGGCATCT,46,4,RAND,A,-0.4704523340591206,0.2955962272516166
GGGC.TCT,GGGCCTCT,46,4,AFF,C,0.48989576222484715,5.21931887425901e-27
GGGC.TCT,GGGCCTCT,46,4,RAND,C,0.27713428197294104,0.5920338623243919
GGGC.TCT,GGGCGTCT,46,4,AFF,G,0.5777902078301967,1.1431924649818451e-22
GGGC.TCT,GGGCGTCT,46,4,RAND,G,nan,nan
GGGC.TCT,GGGCTTCT,46,4,AFF,T,0.4030420146848325,2.8288234254440466e-14
GGGC.TCT,GGGCTTCT,46,4,RAND,T,1.7011441731060595,8.520500590612807e-05
GGGCG.CT,GGGCGACT,46,5,AFF,A,0.5622338271873266,2.5907345698026433e-22
GGGCG.CT,GGGCGACT,46,5,RAND,A,-0.4704523340591206,0.2955962272516166
GGGCG.CT,GGGCGCCT,46,5,AFF,C,0.48989576222484715,5.21931887425901e-27
GGGCG.CT,GGGCGCCT,46,5,RAND,C,0.27713428197294104,0.5920338623243919
GGGCG.CT,GGGCGGCT,46,5,AFF,G,0.5777902078301967,1.1431924649818451e-22
GGGCG.CT,GGGCGGCT,46,5,RAND,G,nan,nan
GGGCG.CT,GGGCGTCT,46,5,AFF,T,0.4030420146848325,2.8288234254440466e-14
GGGCG.CT,GGGCGTCT,46,5,RAND,T,1.7011441731060595,8.520500590612807e-05
GGGCGT.T,GGGCGTAT,46,6,AFF,A,0.5622338271873266,2.5907345698026433e-22
GGGCGT.T,GGGCGTAT,46,6,RAND,A,-0.4704523340591206,0.2955962272516166
GGGCGT.T,GGGCGTCT,46,6,AFF,C,0.48989576222484715,5.21931887425901e-27
GGGCGT.T,GGGCGTCT,46,6,RAND,C,0.27713428197294104,0.5920338623243919
GGGCGT.T,GGGCGTGT,46,6,AFF,G,0.5777902078301967,1.1431924649818451e-22
GGGCGT.T,GGGCGTGT,46,6,RAND,G,nan,nan
GGGCGT.T,GGGCGTTT,46,6,AFF,T,0.4030420146848325,2.8288234254440466e-14
GGGCGT.T,GGGCGTTT,46,6,RAND,T,1.7011441731060595,8.520500590612807e-05
GGGCGTC.,GGGCGTCA,46,7,AFF,A,0.5622338271873266,2.5907345698026433e-22
GGGCGTC.,GGGCGTCA,46,7,RAND,A,-0.4704523340591206,0.2955962272516166
GGGCGTC.,GGGCGTCC,46,7,AFF,C,0.48989576222484715,5.21931887425901e-27
GGGCGTC.,GGGCGTCC,46,7,RAND,C,0.27713428197294104,0.5920338623243919
GGGCGTC.,GGGCGTCG,46,7,AFF,G,0.5777902078301967,1.1431924649818451e-22
GGGCGTC.,GGGCGTCG,46,7,RAND,G,nan,nan
GGGCGTC.,GGGCGTCT,46,7,AFF,T,0.4030420146848325,2.8288234254440466e-14
GGGCGTC.,GGGCGTCT,46,7,RAND,T,1.7011441731060595,8.520500590612807e-05
.GCGTCTG,AGCGTCTG,47,0,AFF,A,0.372350231303928,6.85157901280022e-05
.GCGTCTG,AGCGTCTG,47,0,RAND,A,nan,nan
.GCGTCTG,CGCGTCTG,47,0,AFF,C,0.6232837150520224,6.024043785934407e-29
.GCGTCTG,CGCGTCTG,47,0,RAND,C,1.1620457239427888,0.003510214602003611
.GCGTCTG,GGCGTCTG,47,0,AFF,G,0.3349256428972351,5.822755227078953e-10
.GCGTCTG,GGCGTCTG,47,0,RAND,G,-0.25197713827693524,0.6277664804846381
.GCGTCTG,TGCGTCTG,47,0,AFF,T,0.5716899871247445,7.70062584310317e-16
.GCGTCTG,TGCGTCTG,47,0,RAND,T,2.828871327536243,0.03507432208420479
G.CGTCTG,GACGTCTG,47,1,AFF,A,0.372350231303928,6.85157901280022e-05
G.CGTCTG,GACGTCTG,47,1,RAND,A,nan,nan
G.CGTCTG,GCCGTCTG,47,1,AFF,C,0.6232837150520224,6.024043785934407e-29
G.CGTCTG,GCCGTCTG,47,1,RAND,C,1.1620457239427888,0.003510214602003611
G.CGTCTG,GGCGTCTG,47,1,AFF,G,0.3349256428972351,5.822755227078953e-10
G.CGTCTG,GGCGTCTG,47,1,RAND,G,-0.25197713827693524,0.6277664804846381
G.CGTCTG,GTCGTCTG,47,1,AFF,T,0.5716899871247445,7.70062584310317e-16
G.CGTCTG,GTCGTCTG,47,1,RAND,T,2.828871327536243,0.03507432208420479
GG.GTCTG,GGAGTCTG,47,2,AFF,A,0.372350231303928,6.85157901280022e-05
GG.GTCTG,GGAGTCTG,47,2,RAND,A,nan,nan
GG.GTCTG,GGCGTCTG,47,2,AFF,C,0.6232837150520224,6.024043785934407e-29
GG.GTCTG,GGCGTCTG,47,2,RAND,C,1.1620457239427888,0.003510214602003611
GG.GTCTG,GGGGTCTG,47,2,AFF,G,0.3349256428972351,5.822755227078953e-10
GG.GTCTG,GGGGTCTG,47,2,RAND,G,-0.25197713827693524,0.6277664804846381
GG.GTCTG,GGTGTCTG,47,2,AFF,T,0.5716899871247445,7.70062584310317e-16
GG.GTCTG,GGTGTCTG,47,2,RAND,T,2.828871327536243,0.03507432208420479
GGC.TCTG,GGCATCTG,47,3,AFF,A,0.372350231303928,6.85157901280022e-05
GGC.TCTG,GGCATCTG,47,3,RAND,A,nan,nan
GGC.TCTG,GGCCTCTG,47,3,AFF,C,0.6232837150520224,6.024043785934407e-29
GGC.TCTG,GGCCTCTG,47,3,RAND,C,1.1620457239427888,0.003510214602003611
GGC.TCTG,GGCGTCTG,47,3,AFF,G,0.3349256428972351,5.822755227078953e-10
GGC.TCTG,GGCGTCTG,47,3,RAND,G,-0.25197713827693524,0.6277664804846381
GGC.TCTG,GGCTTCTG,47,3,AFF,T,0.5716899871247445,7.70062584310317e-16
GGC.TCTG,GGCTTCTG,47,3,RAND,T,2.828871327536243,0.03507432208420479
GGCG.CTG,GGCGACTG,47,4,AFF,A,0.372350231303928,6.85157901280022e-05
GGCG.CTG,GGCGACTG,47,4,RAND,A,nan,nan
GGCG.CTG,GGCGCCTG,47,4,AFF,C,0.6232837150520224,6.024043785934407e-29
GGCG.CTG,GGCGCCTG,47,4,RAND,C,1.1620457239427888,0.003510214602003611
GGCG.CTG,GGCGGCTG,47,4,AFF,G,0.3349256428972351,5.822755227078953e-10
GGCG.CTG,GGCGGCTG,47,4,RAND,G,-0.25197713827693524,0.6277664804846381
GGCG.CTG,GGCGTCTG,47,4,AFF,T,0.5716899871247445,7.70062584310317e-16
GGCG.CTG,GGCGTCTG,47,4,RAND,T,2.828871327536243,0.03507432208420479
GGCGT.TG,GGCGTATG,47,5,AFF,A,0.372350231303928,6.85157901280022e-05
GGCGT.TG,GGCGTATG,47,5,RAND,A,nan,nan
GGCGT.TG,GGCGTCTG,47,5,AFF,C,0.6232837150520224,6.024043785934407e-29
GGCGT.TG,GGCGTCTG,47,5,RAND,C,1.1620457239427888,0.003510214602003611
GGCGT.TG,GGCGTGTG,47,5,AFF,G,0.3349256428972351,5.822755227078953e-10
GGCGT.TG,GGCGTGTG,47,5,RAND,G,-0.25197713827693524,0.6277664804846381
GGCGT.TG,GGCGTTTG,47,5,AFF,T,0.5716899871247445,7.70062584310317e-16
GGCGT.TG,GGCGTTTG,47,5,RAND,T,2.828871327536243,0.03507432208420479
GGCGTC.G,GGCGTCAG,47,6,AFF,A,0.372350231303928,6.85157901280022e-05
GGCGTC.G,GGCGTCAG,47,6,RAND,A,nan,nan
GGCGTC.G,GGCGTCCG,47,6,AFF,C,0.6232837150520224,6.024043785934407e-29
GGCGTC.G,GGCGTCCG,47,6,RAND,C,1.1620457239427888,0.003510214602003611
GGCGTC.G,GGCGTCGG,47,6,AFF,G,0.3349256428972351,5.822755227078953e-10
GGCGTC.G,GGCGTCGG,47,6,RAND,G,-0.25197713827693524,0.6277664804846381
GGCGTC.G,GGCGTCTG,47,6,AFF,T,0.5716899871247445,7.70062584310317e-16
GGCGTC.G,GGCGTCTG,47,6,RAND,T,2.828871327536243,0.03507432208420479
GGCGTCT.,GGCGTCTA,47,7,AFF,A,0.372350231303928,6.85157901280022e-05
GGCGTCT.,GGCGTCTA,47,7,RAND,A,nan,nan
GGCGTCT.,GGCGTCTC,47,7,AFF,C,0.6232837150520224,6.024043785934407e-29
GGCGTCT.,GGCGTCTC,47,7,RAND,C,1.1620457239427888,0.003510214602003611
GGCGTCT.,GGCGTCTG,47,7,AFF,G,0.3349256428972351,5.822755227078953e-10
GGCGTCT.,GGCGTCTG,47,7,RAND,G,-0.25197713827693524,0.6277664804846381
GGCGTCT.,GGCGTCTT,47,7,AFF,T,0.5716899871247445,7.70062584310317e-16
GGCGTCT.,GGCGTCTT,47,7,RAND,T,2.828871327536243,0.03507432208420479
.CGTCTGT,ACGTCTGT,48,0,AFF,A,0.4052781187351605,1.6235817309459178e-09
.CGTCTGT,ACGTCTGT,48,0,RAND,A,-1.1760920173831977,0.17928247496304484
.CGTCTGT,CCGTCTGT,48,0,AFF,C,0.5644645467576278,2.3820572672201636e-28
.CGTCTGT,CCGTCTGT,48,0,RAND,C,1.9826037626205442,0.03839251609066668
.CGTCTGT,GCGTCTGT,48,0,AFF,G,0.36233322396908607,3.7992398157033734e-12
.CGTCTGT,GCGTCTGT,48,0,RAND,G,-0.1532677248755765,0.8000621197596149
.CGTCTGT,TCGTCTGT,48,0,AFF,T,0.46957495809484906,4.3080406178855345e-13
.CGTCTGT,TCGTCTGT,48,0,RAND,T,-1.5629727411740706,0.24298767946475375
G.GTCTGT,GAGTCTGT,48,1,AFF,A,0.4052781187351605,1.6235817309459178e-09
G.GTCTGT,GAGTCTGT,48,1,RAND,A,-1.1760920173831977,0.17928247496304484
G.GTCTGT,GCGTCTGT,48,1,AFF,C,0.5644645467576278,2.3820572672201636e-28
G.GTCTGT,GCGTCTGT,48,1,RAND,C,1.9826037626205442,0.03839251609066668
G.GTCTGT,GGGTCTGT,48,1,AFF,G,0.36233322396908607,3.7992398157033734e-12
G.GTCTGT,GGGTCTGT,48,1,RAND,G,-0.1532677248755765,0.8000621197596149
G.GTCTGT,GTGTCTGT,48,1,AFF,T,0.46957495809484906,4.3080406178855345e-13
G.GTCTGT,GTGTCTGT,48,1,RAND,T,-1.5629727411740706,0.24298767946475375
GC.TCTGT,GCATCTGT,48,2,AFF,A,0.4052781187351605,1.6235817309459178e-09
GC.TCTGT,GCATCTGT,48,2,RAND,A,-1.1760920173831977,0.17928247496304484
GC.TCTGT,GCCTCTGT,48,2,AFF,C,0.5644645467576278,2.3820572672201636e-28
GC.TCTGT,GCCTCTGT,48,2,RAND,C,1.9826037626205442,0.03839251609066668
GC.TCTGT,GCGTCTGT,48,2,AFF,G,0.36233322396908607,3.7992398157033734e-12
GC.TCTGT,GCGTCTGT,48,2,RAND,G,-0.1532677248755765,0.8000621197596149
GC.TCTGT,GCTTCTGT,48,2,AFF,T,0.46957495809484906,4.3080406178855345e-13
GC.TCTGT,GCTTCTGT,48,2,RAND,T,-1.5629727411740706,0.24298767946475375
GCG.CTGT,GCGACTGT,48,3,AFF,A,0.4052781187351605,1.6235817309459178e-09
GCG.CTGT,GCGACTGT,48,3,RAND,A,-1.1760920173831977,0.17928247496304484
GCG.CTGT,GCGCCTGT,48,3,AFF,C,0.5644645467576278,2.3820572672201636e-28
GCG.CTGT,GCGCCTGT,48,3,RAND,C,1.9826037626205442,0.03839251609066668
GCG.CTGT,GCGGCTGT,48,3,AFF,G,0.36233322396908607,3.7992398157033734e-12
GCG.CTGT,GCGGCTGT,48,3,RAND,G,-0.1532677248755765,0.8000621197596149
GCG.CTGT,GCGTCTGT,48,3,AFF,T,0.46957495809484906,4.3080406178855345e-13
GCG.CTGT,GCGTCTGT,48,3,RAND,T,-1.5629727411740706,0.24298767946475375
GCGT.TGT,GCGTATGT,48,4,AFF,A,0.4052781187351605,1.6235817309459178e-09
GCGT.TGT,GCGTATGT,48,4,RAND,A,-1.1760920173831977,0.17928247496304484
GCGT.TGT,GCGTCTGT,48,4,AFF,C,0.5644645467576278,2.3820572672201636e-28
GCGT.TGT,GCGTCTGT,48,4,RAND,C,1.9826037626205442,0.03839251609066668
GCGT.TGT,GCGTGTGT,48,4,AFF,G,0.36233322396908607,3.7992398157033734e-12
GCGT.TGT,GCGTGTGT,48,4,RAND,G,-0.1532677248755765,0.8000621197596149
GCGT.TGT,GCGTTTGT,48,4,AFF,T,0.46957495809484906,4.3080406178855345e-13
GCGT.TGT,GCGTTTGT,48,4,RAND,T,-1.5629727411740706,0.24298767946475375
GCGTC.GT,GCGTCAGT,48,5,AFF,A,0.4052781187351605,1.6235817309459178e-09
GCGTC.GT,GCGTCAGT,48,5,RAND,A,-1.1760920173831977,0.17928247496304484
GCGTC.GT,GCGTCCGT,48,5,AFF,C,0.5644645467576278,2.3820572672201636e-28
GCGTC.GT,GCGTCCGT,48,5,RAND,C,1.9826037626205442,0.03839251609066668
GCGTC.GT,GCGTCGGT,48,5,AFF,G,0.36233322396908607,3.7992398157033734e-12
GCGTC.GT,GCGTCGGT,48,5,RAND,G,-0.1532677248755765,0.8000621197596149
GCGTC.GT,GCGTCTGT,48,5,AFF,T,0.46957495809484906,4.3080406178855345e-13
GCGTC.GT,GCGTCTGT,48,5,RAND,T,-1.5629727411740706,0.24298767946475375
GCGTCT.T,GCGTCTAT,48,6,AFF,A,0.4052781187351605,1.6235817309459178e-09
GCGTCT.T,GCGTCTAT,48,6,RAND,A,-1.1760920173831977,0.17928247496304484
GCGTCT.T,GCGTCTCT,48,6,AFF,C,0.5644645467576278,2.3820572672201636e-28
GCGTCT.T,GCGTCTCT,48,6,RAND,C,1.9826037626205442,0.03839251609066668
GCGTCT.T,GCGTCTGT,48,6,AFF,G,0.36233322396908607,3.7992398157033734e-12
GCGTCT.T,GCGTCTGT,48,6,RAND,G,-0.1532677248755765,0.8000621197596149
GCGTCT.T,GCGTCTTT,48,6,AFF,T,0.46957495809484906,4.3080406178855345e-13
GCGTCT.T,GCGTCTTT,48,6,RAND,T,-1.5629727411740706,0.24298767946475375
GCGTCTG.,GCGTCTGA,48,7,AFF,A,0.4052781187351605,1.6235817309459178e-09
GCGTCTG.,GCGTCTGA,48,7,RAND,A,-1.1760920173831977,0.17928247496304484
GCGTCTG.,GCGTCTGC,48,7,AFF,C,0.5644645467576278,2.3820572672201636e-28
GCGTCTG.,GCGTCTGC,48,7,RAND,C,1.9826037626205442,0.03839251609066668
GCGTCTG.,GCGTCTGG,48,7,AFF,G,0.36233322396908607,3.7992398157033734e-12
GCGTCTG.,GCGTCTGG,48,7,RAND,G,-0.1532677248755765,0.8000621197596149
GCGTCTG.,GCGTCTGT,48,7,AFF,T,0.46957495809484906,4.3080406178855345e-13
GCGTCTG.,GCGTCTGT,48,7,RAND,T,-1.5629727411740706,0.24298767946475375
.GTCTGTG,AGTCTGTG,49,0,AFF,A,-0.07566062429414455,0.47953753949156475
.GTCTGTG,AGTCTGTG,49,0,RAND,A,0.19331031528537768,0.8608647025797149
.GTCTGTG,CGTCTGTG,49,0,AFF,C,0.4568155223288943,8.154035514247218e-11
.GTCTGTG,CGTCTGTG,49,0,RAND,C,0.33823549067418346,0.6812383044136443
.GTCTGTG,GGTCTGTG,49,0,AFF,G,0.5937484783933711,3.606225847064254e-17
.GTCTGTG,GGTCTGTG,49,0,RAND,G,1.3107234511219943,0.5021819047742947
.GTCTGTG,TGTCTGTG,49,0,AFF,T,0.549073195044239,6.086351936398948e-10
.GTCTGTG,TGTCTGTG,49,0,RAND,T,nan,nan
C.TCTGTG,CATCTGTG,49,1,AFF,A,-0.07566062429414455,0.47953753949156475
C.TCTGTG,CATCTGTG,49,1,RAND,A,0.19331031528537768,0.8608647025797149
C.TCTGTG,CCTCTGTG,49,1,AFF,C,0.4568155223288943,8.154035514247218e-11
C.TCTGTG,CCTCTGTG,49,1,RAND,C,0.33823549067418346,0.6812383044136443
C.TCTGTG,CGTCTGTG,49,1,AFF,G,0.5937484783933711,3.606225847064254e-17
C.TCTGTG,CGTCTGTG,49,1,RAND,G,1.3107234511219943,0.5021819047742947
C.TCTGTG,CTTCTGTG,49,1,AFF,T,0.549073195044239,6.086351936398948e-10
C.TCTGTG,CTTCTGTG,49,1,RAND,T,nan,nan
CG.CTGTG,CGACTGTG,49,2,AFF,A,-0.07566062429414455,0.47953753949156475
CG.CTGTG,CGACTGTG,49,2,RAND,A,0.19331031528537768,0.8608647025797149
CG.CTGTG,CGCCTGTG,49,2,AFF,C,0.4568155223288943,8.154035514247218e-11
CG.CTGTG,CGCCTGTG,49,2,RAND,C,0.33823549067418346,0.6812383044136443
CG.CTGTG,CGGCTGTG,49,2,AFF,G,0.5937484783933711,3.606225847064254e-17
CG.CTGTG,CGGCTGTG,49,2,RAND,G,1.3107234511219943,0.5021819047742947
CG.CTGTG,CGTCTGTG,49,2,AFF,T,0.549073195044239,6.086351936398948e-10
CG.CTGTG,CGTCTGTG,49,2,RAND,T,nan,nan
CGT.TGTG,CGTATGTG,49,3,AFF,A,-0.07566062429414455,0.47953753949156475
CGT.TGTG,CGTATGTG,49,3,RAND,A,0.19331031528537768,0.8608647025797149
CGT.TGTG,CGTCTGTG,49,3,AFF,C,0.4568155223288943,8.154035514247218e-11
CGT.TGTG,CGTCTGTG,49,3,RAND,C,0.33823549067418346,0.6812383044136443
CGT.TGTG,CGTGTGTG,49,3,AFF,G,0.5937484783933711,3.606225847064254e-17
CGT.TGTG,CGTGTGTG,49,3,RAND,G,1.3107234511219943,0.5021819047742947
CGT.TGTG,CGTTTGTG,49,3,AFF,T,0.549073195044239,6.086351936398948e-10
CGT.TGTG,CGTTTGTG,49,3,RAND,T,nan,nan
CGTC.GTG,CGTCAGTG,49,4,AFF,A,-0.07566062429414455,0.47953753949156475
CGTC.GTG,CGTCAGTG,49,4,RAND,A,0.19331031528537768,0.8608647025797149
CGTC.GTG,CGTCCGTG,49,4,AFF,C,0.4568155223288943,8.154035514247218e-11
CGTC.GTG,CGTCCGTG,49,4,RAND,C,0.33823549067418346,0.6812383044136443
CGTC.GTG,CGTCGGTG,49,4,AFF,G,0.5937484783933711,3.606225847064254e-17
CGTC.GTG,CGTCGGTG,49,4,RAND,G,1.3107234511219943,0.5021819047742947
CGTC.GTG,CGTCTGTG,49,4,AFF,T,0.549073195044239,6.086351936398948e-10
CGTC.GTG,CGTCTGTG,49,4,RAND,T,nan,nan
CGTCT.TG,CGTCTATG,49,5,AFF,A,-0.07566062429414455,0.47953753949156475
CGTCT.TG,CGTCTATG,49,5,RAND,A,0.19331031528537768,0.8608647025797149
CGTCT.TG,CGTCTCTG,49,5,AFF,C,0.4568155223288943,8.154035514247218e-11
CGTCT.TG,CGTCTCTG,49,5,RAND,C,0.33823549067418346,0.6812383044136443
CGTCT.TG,CGTCTGTG,49,5,AFF,G,0.5937484783933711,3.606225847064254e-17
CGTCT.TG,CGTCTGTG,49,5,RAND,G,1.3107234511219943,0.5021819047742947
CGTCT.TG,CGTCTTTG,49,5,AFF,T,0.549073195044239,6.086351936398948e-10
CGTCT.TG,CGTCTTTG,49,5,RAND,T,nan,nan
CGTCTG.G,CGTCTGAG,49,6,AFF,A,-0.07566062429414455,0.47953753949156475
CGTCTG.G,CGTCTGAG,49,6,RAND,A,0.19331031528537768,0.8608647025797149
CGTCTG.G,CGTCTGCG,49,6,AFF,C,0.4568155223288943,8.154035514247218e-11
CGTCTG.G,CGTCTGCG,49,6,RAND,C,0.33823549067418346,0.6812383044136443
CGTCTG.G,CGTCTGGG,49,6,AFF,G,0.5937484783933711,3.606225847064254e-17
CGTCTG.G,CGTCTGGG,49,6,RAND,G,1.3107234511219943,0.5021819047742947
CGTCTG.G,CGTCTGTG,49,6,AFF,T,0.549073195044239,6.086351936398948e-10
CGTCTG.G,CGTCTGTG,49,6,RAND,T,nan,nan
CGTCTGT.,CGTCTGTA,49,7,AFF,A,-0.07566062429414455,0.47953753949156475
CGTCTGT.,CGTCTGTA,49,7,RAND,A,0.19331031528537768,0.8608647025797149
CGTCTGT.,CGTCTGTC,49,7,AFF,C,0.4568155223288943,8.154035514247218e-11
CGTCTGT.,CGTCTGTC,49,7,RAND,C,0.33823549067418346,0.6812383044136443
CGTCTGT.,CGTCTGTG,49,7,AFF,G,0.5937484783933711,3.606225847064254e-17
CGTCTGT.,CGTCTGTG,49,7,RAND,G,1.3107234511219943,0.5021819047742947
CGTCTGT.,CGTCTGTT,49,7,AFF,T,0.549073195044239,6.086351936398948e-10
CGTCTGT.,CGTCTGTT,49,7,RAND,T,nan,nan
.TCTGTGC,ATCTGTGC,50,0,AFF,A,0.3032169147011541,3.5135878977370707e-12
.TCTGTGC,ATCTGTGC,50,0,RAND,A,0.35042327203318613,0.44245999508509015
.TCTGTGC,CTCTGTGC,50,0,AFF,C,0.3712602382714848,3.2697251076878676e-18
.TCTGTGC,CTCTGTGC,50,0,RAND,C,-0.08376403707303387,0.8355529713270494
.TCTGTGC,GTCTGTGC,50,0,AFF,G,0.32063854913078293,4.2832035006413145e-16
.TCTGTGC,GTCTGTGC,50,0,RAND,G,0.3261933586757735,0.6456055173426357
.TCTGTGC,TTCTGTGC,50,0,AFF,T,0.31988350823836614,2.6753338750024432e-15
.TCTGTGC,TTCTGTGC,50,0,RAND,T,0.27779801487032774,0.489892148242438
G.CTGTGC,GACTGTGC,50,1,AFF,A,0.3032169147011541,3.5135878977370707e-12
G.CTGTGC,GACTGTGC,50,1,RAND,A,0.35042327203318613,0.44245999508509015
G.CTGTGC,GCCTGTGC,50,1,AFF,C,0.3712602382714848,3.2697251076878676e-18
G.CTGTGC,GCCTGTGC,50,1,RAND,C,-0.08376403707303387,0.8355529713270494
G.CTGTGC,GGCTGTGC,50,1,AFF,G,0.32063854913078293,4.2832035006413145e-16
G.CTGTGC,GGCTGTGC,50,1,RAND,G,0.3261933586757735,0.6456055173426357
G.CTGTGC,GTCTGTGC,50,1,AFF,T,0.31988350823836614,2.6753338750024432e-15
G.CTGTGC,GTCTGTGC,50,1,RAND,T,0.27779801487032774,0.489892148242438
GT.TGTGC,GTATGTGC,50,2,AFF,A,0.3032169147011541,3.5135878977370707e-12
GT.TGTGC,GTATGTGC,50,2,RAND,A,0.35042327203318613,0.44245999508509015
GT.TGTGC,GTCTGTGC,50,2,AFF,C,0.3712602382714848,3.2697251076878676e-18
GT.TGTGC,GTCTGTGC,50,2,RAND,C,-0.08376403707303387,0.8355529713270494
GT.TGTGC,GTGTGTGC,50,2,AFF,G,0.32063854913078293,4.2832035006413145e-16
GT.TGTGC,GTGTGTGC,50,2,RAND,G,0.3261933586757735,0.6456055173426357
GT.TGTGC,GTTTGTGC,50,2,AFF,T,0.31988350823836614,2.6753338750024432e-15
GT.TGTGC,GTTTGTGC,50,2,RAND,T,0.27779801487032774,0.489892148242438
GTC.GTGC,GTCAGTGC,50,3,AFF,A,0.3032169147011541,3.5135878977370707e-12
GTC.GTGC,GTCAGTGC,50,3,RAND,A,0.35042327203318613,0.44245999508509015
GTC.GTGC,GTCCGTGC,50,3,AFF,C,0.3712602382714848,3.2697251076878676e-18
GTC.GTGC,GTCCGTGC,50,3,RAND,C,-0.08376403707303387,0.8355529713270494
GTC.GTGC,GTCGGTGC,50,3,AFF,G,0.32063854913078293,4.2832035006413145e-16
GTC.GTGC,GTCGGTGC,50,3,RAND,G,0.3261933586757735,0.6456055173426357
GTC.GTGC,GTCTGTGC,50,3,AFF,T,0.31988350823836614,2.6753338750024432e-15
GTC.GTGC,GTCTGTGC,50,3,RAND,T,0.27779801487032774,0.489892148242438
GTCT.TGC,GTCTATGC,50,4,AFF,A,0.3032169147011541,3.5135878977370707e-12
GTCT.TGC,GTCTATGC,50,4,RAND,A,0.35042327203318613,0.44245999508509015
GTCT.TGC,GTCTCTGC,50,4,AFF,C,0.3712602382714848,3.2697251076878676e-18
GTCT.TGC,GTCTCTGC,50,4,RAND,C,-0.08376403707303387,0.8355529713270494
GTCT.TGC,GTCTGTGC,50,4,AFF,G,0.32063854913078293,4.2832035006413145e-16
GTCT.TGC,GTCTGTGC,50,4,RAND,G,0.3261933586757735,0.6456055173426357
GTCT.TGC,GTCTTTGC,50,4,AFF,T,0.31988350823836614,2.6753338750024432e-15
GTCT.TGC,GTCTTTGC,50,4,RAND,T,0.27779801487032774,0.489892148242438
GTCTG.GC,GTCTGAGC,50,5,AFF,A,0.3032169147011541,3.5135878977370707e-12
GTCTG.GC,GTCTGAGC,50,5,RAND,A,0.35042327203318613,0.44245999508509015
GTCTG.GC,GTCTGCGC,50,5,AFF,C,0.3712602382714848,3.2697251076878676e-18
GTCTG.GC,GTCTGCGC,50,5,RAND,C,-0.08376403707303387,0.8355529713270494
GTCTG.GC,GTCTGGGC,50,5,AFF,G,0.32063854913078293,4.2832035006413145e-16
GTCTG.GC,GTCTGGGC,50,5,RAND,G,0.3261933586757735,0.6456055173426357
GTCTG.GC,GTCTGTGC,50,5,AFF,T,0.31988350823836614,2.6753338750024432e-15
GTCTG.GC,GTCTGTGC,50,5,RAND,T,0.27779801487032774,0.489892148242438
GTCTGT.C,GTCTGTAC,50,6,AFF,A,0.3032169147011541,3.5135878977370707e-12
GTCTGT.C,GTCTGTAC,50,6,RAND,A,0.35042327203318613,0.44245999508509015
GTCTGT.C,GTCTGTCC,50,6,AFF,C,0.3712602382714848,3.2697251076878676e-18
GTCTGT.C,GTCTGTCC,50,6,RAND,C,-0.08376403707303387,0.8355529713270494
GTCTGT.C,GTCTGTGC,50,6,AFF,G,0.32063854913078293,4.2832035006413145e-16
GTCTGT.C,GTCTGTGC,50,6,RAND,G,0.3261933586757735,0.6456055173426357
GTCTGT.C,GTCTGTTC,50,6,AFF,T,0.31988350823836614,2.6753338750024432e-15
GTCTGT.C,GTCTGTTC,50,6,RAND,T,0.27779801487032774,0.489892148242438
GTCTGTG.,GTCTGTGA,50,7,AFF,A,0.3032169147011541,3.5135878977370707e-12
GTCTGTG.,GTCTGTGA,50,7,RAND,A,0.35042327203318613,0.44245999508509015
GTCTGTG.,GTCTGTGC,50,7,AFF,C,0.3712602382714848,3.2697251076878676e-18
GTCTGTG.,GTCTGTGC,50,7,RAND,C,-0.08376403707303387,0.8355529713270494
GTCTGTG.,GTCTGTGG,50,7,AFF,G,0.32063854913078293,4.2832035006413145e-16
GTCTGTG.,GTCTGTGG,50,7,RAND,G,0.3261933586757735,0.6456055173426357
GTCTGTG.,GTCTGTGT,50,7,AFF,T,0.31988350823836614,2.6753338750024432e-15
GTCTGTG.,GTCTGTGT,50,7,RAND,T,0.27779801487032774,0.489892148242438
.CTGTGCC,ACTGTGCC,51,0,AFF,A,0.20766633149615377,2.424158856270481e-07
.CTGTGCC,ACTGTGCC,51,0,RAND,A,0.9625997639058307,0.13363956513720002
.CTGTGCC,CCTGTGCC,51,0,AFF,C,0.3550436107044035,1.0498031724184189e-19
.CTGTGCC,CCTGTGCC,51,0,RAND,C,-0.33705116660896345,0.3701819258993734
.CTGTGCC,GCTGTGCC,51,0,AFF,G,0.7549007966268296,5.778883703013133e-36
.CTGTGCC,GCTGTGCC,51,0,RAND,G,0.42508184138861105,0.6378232842156888
.CTGTGCC,TCTGTGCC,51,0,AFF,T,0.14015186084591105,0.00020959204965819355
.CTGTGCC,TCTGTGCC,51,0,RAND,T,0.09014188905844489,0.8247568597429649
T.TGTGCC,TATGTGCC,51,1,AFF,A,0.20766633149615377,2.424158856270481e-07
T.TGTGCC,TATGTGCC,51,1,RAND,A,0.9625997639058307,0.13363956513720002
T.TGTGCC,TCTGTGCC,51,1,AFF,C,0.3550436107044035,1.0498031724184189e-19
T.TGTGCC,TCTGTGCC,51,1,RAND,C,-0.33705116660896345,0.3701819258993734
T.TGTGCC,TGTGTGCC,51,1,AFF,G,0.7549007966268296,5.778883703013133e-36
T.TGTGCC,TGTGTGCC,51,1,RAND,G,0.42508184138861105,0.6378232842156888
T.TGTGCC,TTTGTGCC,51,1,AFF,T,0.14015186084591105,0.00020959204965819355
T.TGTGCC,TTTGTGCC,51,1,RAND,T,0.09014188905844489,0.8247568597429649
TC.GTGCC,TCAGTGCC,51,2,AFF,A,0.20766633149615377,2.424158856270481e-07
TC.GTGCC,TCAGTGCC,51,2,RAND,A,0.9625997639058307,0.13363956513720002
TC.GTGCC,TCCGTGCC,51,2,AFF,C,0.3550436107044035,1.0498031724184189e-19
TC.GTGCC,TCCGTGCC,51,2,RAND,C,-0.33705116660896345,0.3701819258993734
TC.GTGCC,TCGGTGCC,51,2,AFF,G,0.7549007966268296,5.778883703013133e-36
TC.GTGCC,TCGGTGCC,51,2,RAND,G,0.42508184138861105,0.6378232842156888
TC.GTGCC,TCTGTGCC,51,2,AFF,T,0.14015186084591105,0.00020959204965819355
TC.GTGCC,TCTGTGCC,51,2,RAND,T,0.09014188905844489,0.8247568597429649
TCT.TGCC,TCTATGCC,51,3,AFF,A,0.20766633149615377,2.424158856270481e-07
TCT.TGCC,TCTATGCC,51,3,RAND,A,0.9625997639058307,0.13363956513720002
TCT.TGCC,TCTCTGCC,51,3,AFF,C,0.3550436107044035,1.0498031724184189e-19
TCT.TGCC,TCTCTGCC,51,3,RAND,C,-0.33705116660896345,0.3701819258993734
TCT.TGCC,TCTGTGCC,51,3,AFF,G,0.7549007966268296,5.778883703013133e-36
TCT.TGCC,TCTGTGCC,51,3,RAND,G,0.42508184138861105,0.6378232842156888
TCT.TGCC,TCTTTGCC,51,3,AFF,T,0.14015186084591105,0.00020959204965819355
TCT.TGCC,TCTTTGCC,51,3,RAND,T,0.09014188905844489,0.8247568597429649
TCTG.GCC,TCTGAGCC,51,4,AFF,A,0.20766633149615377,2.424158856270481e-07
TCTG.GCC,TCTGAGCC,51,4,RAND,A,0.9625997639058307,0.13363956513720002
TCTG.GCC,TCTGCGCC,51,4,AFF,C,0.3550436107044035,1.0498031724184189e-19
TCTG.GCC,TCTGCGCC,51,4,RAND,C,-0.33705116660896345,0.3701819258993734
TCTG.GCC,TCTGGGCC,51,4,AFF,G,0.7549007966268296,5.778883703013133e-36
TCTG.GCC,TCTGGGCC,51,4,RAND,G,0.42508184138861105,0.6378232842156888
TCTG.GCC,TCTGTGCC,51,4,AFF,T,0.14015186084591105,0.00020959204965819355
TCTG.GCC,TCTGTGCC,51,4,RAND,T,0.09014188905844489,0.8247568597429649
TCTGT.CC,TCTGTACC,51,5,AFF,A,0.20766633149615377,2.424158856270481e-07
TCTGT.CC,TCTGTACC,51,5,RAND,A,0.9625997639058307,0.13363956513720002
TCTGT.CC,TCTGTCCC,51,5,AFF,C,0.3550436107044035,1.0498031724184189e-19
TCTGT.CC,TCTGTCCC,51,5,RAND,C,-0.33705116660896345,0.3701819258993734
TCTGT.CC,TCTGTGCC,51,5,AFF,G,0.7549007966268296,5.778883703013133e-36
TCTGT.CC,TCTGTGCC,51,5,RAND,G,0.42508184138861105,0.6378232842156888
TCTGT.CC,TCTGTTCC,51,5,AFF,T,0.14015186084591105,0.00020959204965819355
TCTGT.CC,TCTGTTCC,51,5,RAND,T,0.09014188905844489,0.8247568597429649
TCTGTG.C,TCTGTGAC,51,6,AFF,A,0.20766633149615377,2.424158856270481e-07
TCTGTG.C,TCTGTGAC,51,6,RAND,A,0.9625997639058307,0.13363956513720002
TCTGTG.C,TCTGTGCC,51,6,AFF,C,0.3550436107044035,1.0498031724184189e-19
TCTGTG.C,TCTGTGCC,51,6,RAND,C,-0.33705116660896345,0.3701819258993734
TCTGTG.C,TCTGTGGC,51,6,AFF,G,0.7549007966268296,5.778883703013133e-36
TCTGTG.C,TCTGTGGC,51,6,RAND,G,0.42508184138861105,0.6378232842156888
TCTGTG.C,TCTGTGTC,51,6,AFF,T,0.14015186084591105,0.00020959204965819355
TCTGTG.C,TCTGTGTC,51,6,RAND,T,0.09014188905844489,0.8247568597429649
TCTGTGC.,TCTGTGCA,51,7,AFF,A,0.20766633149615377,2.424158856270481e-07
TCTGTGC.,TCTGTGCA,51,7,RAND,A,0.9625997639058307,0.13363956513720002
TCTGTGC.,TCTGTGCC,51,7,AFF,C,0.3550436107044035,1.0498031724184189e-19
TCTGTGC.,TCTGTGCC,51,7,RAND,C,-0.33705116660896345,0.3701819258993734
TCTGTGC.,TCTGTGCG,51,7,AFF,G,0.7549007966268296,5.778883703013133e-36
TCTGTGC.,TCTGTGCG,51,7,RAND,G,0.42508184138861105,0.6378232842156888
TCTGTGC.,TCTGTGCT,51,7,AFF,T,0.14015186084591105,0.00020959204965819355
TCTGTGC.,TCTGTGCT,51,7,RAND,T,0.09014188905844489,0.8247568597429649
.TGTGCCC,ATGTGCCC,52,0,AFF,A,0.27669378775299264,1.7095537060272009e-10
.TGTGCCC,ATGTGCCC,52,0,RAND,A,0.6592132399165604,0.08426429685150164
.TGTGCCC,CTGTGCCC,52,0,AFF,C,0.411075168425024,4.7201470660865285e-31
.TGTGCCC,CTGTGCCC,52,0,RAND,C,0.0358187852231583,0.926068375197982
.TGTGCCC,GTGTGCCC,52,0,AFF,G,0.7020495339088082,1.64340699620281e-41
.TGTGCCC,GTGTGCCC,52,0,RAND,G,0.4357352632646418,0.39802925351110297
.TGTGCCC,TTGTGCCC,52,0,AFF,T,0.239067556408021,2.9026672586724182e-12
.TGTGCCC,TTGTGCCC,52,0,RAND,T,0.3403194264707599,0.3146073906608362
C.GTGCCC,CAGTGCCC,52,1,AFF,A,0.27669378775299264,1.7095537060272009e-10
C.GTGCCC,CAGTGCCC,52,1,RAND,A,0.6592132399165604,0.08426429685150164
C.GTGCCC,CCGTGCCC,52,1,AFF,C,0.411075168425024,4.7201470660865285e-31
C.GTGCCC,CCGTGCCC,52,1,RAND,C,0.0358187852231583,0.926068375197982
C.GTGCCC,CGGTGCCC,52,1,AFF,G,0.7020495339088082,1.64340699620281e-41
C.GTGCCC,CGGTGCCC,52,1,RAND,G,0.4357352632646418,0.39802925351110297
C.GTGCCC,CTGTGCCC,52,1,AFF,T,0.239067556408021,2.9026672586724182e-12
C.GTGCCC,CTGTGCCC,52,1,RAND,T,0.3403194264707599,0.3146073906608362
CT.TGCCC,CTATGCCC,52,2,AFF,A,0.27669378775299264,1.7095537060272009e-10
CT.TGCCC,CTATGCCC,52,2,RAND,A,0.6592132399165604,0.08426429685150164
CT.TGCCC,CTCTGCCC,52,2,AFF,C,0.411075168425024,4.7201470660865285e-31
CT.TGCCC,CTCTGCCC,52,2,RAND,C,0.0358187852231583,0.926068375197982
CT.TGCCC,CTGTGCCC,52,2,AFF,G,0.7020495339088082,1.64340699620281e-41
CT.TGCCC,CTGTGCCC,52,2,RAND,G,0.4357352632646418,0.39802925351110297
CT.TGCCC,CTTTGCCC,52,2,AFF,T,0.239067556408021,2.9026672586724182e-12
CT.TGCCC,CTTTGCCC,52,2,RAND,T,0.3403194264707599,0.3146073906608362
CTG.GCCC,CTGAGCCC,52,3,AFF,A,0.27669378775299264,1.7095537060272009e-10
CTG.GCCC,CTGAGCCC,52,3,RAND,A,0.6592132399165604,0.08426429685150164
CTG.GCCC,CTGCGCCC,52,3,AFF,C,0.411075168425024,4.7201470660865285e-31
CTG.GCCC,CTGCGCCC,52,3,RAND,C,0.0358187852231583,0.926068375197982
CTG.GCCC,CTGGGCCC,52,3,AFF,G,0.7020495339088082,1.64340699620281e-41
CTG.GCCC,CTGGGCCC,52,3,RAND,G,0.4357352632646418,0.39802925351110297
CTG.GCCC,CTGTGCCC,52,3,AFF,T,0.239067556408021,2.9026672586724182e-12
CTG.GCCC,CTGTGCCC,52,3,RAND,T,0.3403194264707599,0.3146073906608362
CTGT.CCC,CTGTACCC,52,4,AFF,A,0.27669378775299264,1.7095537060272009e-10
CTGT.CCC,CTGTACCC,52,4,RAND,A,0.6592132399165604,0.08426429685150164
CTGT.CCC,CTGTCCCC,52,4,AFF,C,0.411075168425024,4.7201470660865285e-31
CTGT.CCC,CTGTCCCC,52,4,RAND,C,0.0358187852231583,0.926068375197982
CTGT.CCC,CTGTGCCC,52,4,AFF,G,0.7020495339088082,1.64340699620281e-41
CTGT.CCC,CTGTGCCC,52,4,RAND,G,0.4357352632646418,0.39802925351110297
CTGT.CCC,CTGTTCCC,52,4,AFF,T,0.239067556408021,2.9026672586724182e-12
CTGT.CCC,CTGTTCCC,52,4,RAND,T,0.3403194264707599,0.3146073906608362
CTGTG.CC,CTGTGACC,52,5,AFF,A,0.27669378775299264,1.7095537060272009e-10
CTGTG.CC,CTGTGACC,52,5,RAND,A,0.6592132399165604,0.08426429685150164
CTGTG.CC,CTGTGCCC,52,5,AFF,C,0.411075168425024,4.7201470660865285e-31
CTGTG.CC,CTGTGCCC,52,5,RAND,C,0.0358187852231583,0.926068375197982
CTGTG.CC,CTGTGGCC,52,5,AFF,G,0.7020495339088082,1.64340699620281e-41
CTGTG.CC,CTGTGGCC,52,5,RAND,G,0.4357352632646418,0.39802925351110297
CTGTG.CC,CTGTGTCC,52,5,AFF,T,0.239067556408021,2.9026672586724182e-12
CTGTG.CC,CTGTGTCC,52,5,RAND,T,0.3403194264707599,0.3146073906608362
CTGTGC.C,CTGTGCAC,52,6,AFF,A,0.27669378775299264,1.7095537060272009e-10
CTGTGC.C,CTGTGCAC,52,6,RAND,A,0.6592132399165604,0.08426429685150164
CTGTGC.C,CTGTGCCC,52,6,AFF,C,0.411075168425024,4.7201470660865285e-31
CTGTGC.C,CTGTGCCC,52,6,RAND,C,0.0358187852231583,0.926068375197982
CTGTGC.C,CTGTGCGC,52,6,AFF,G,0.7020495339088082,1.64340699620281e-41
CTGTGC.C,CTGTGCGC,52,6,RAND,G,0.4357352632646418,0.39802925351110297
CTGTGC.C,CTGTGCTC,52,6,AFF,T,0.239067556408021,2.9026672586724182e-12
CTGTGC.C,CTGTGCTC,52,6,RAND,T,0.3403194264707599,0.3146073906608362
CTGTGCC.,CTGTGCCA,52,7,AFF,A,0.27669378775299264,1.7095537060272009e-10
CTGTGCC.,CTGTGCCA,52,7,RAND,A,0.6592132399165604,0.08426429685150164
CTGTGCC.,CTGTGCCC,52,7,AFF,C,0.411075168425024,4.7201470660865285e-31
CTGTGCC.,CTGTGCCC,52,7,RAND,C,0.0358187852231583,0.926068375197982
CTGTGCC.,CTGTGCCG,52,7,AFF,G,0.7020495339088082,1.64340699620281e-41
CTGTGCC.,CTGTGCCG,52,7,RAND,G,0.4357352632646418,0.39802925351110297
CTGTGCC.,CTGTGCCT,52,7,AFF,T,0.239067556408021,2.9026672586724182e-12
CTGTGCC.,CTGTGCCT,52,7,RAND,T,0.3403194264707599,0.3146073906608362
.GTGCCCG,AGTGCCCG,53,0,AFF,A,0.2349096212848064,1.4562589456073925e-07
.GTGCCCG,AGTGCCCG,53,0,RAND,A,0.4788935662316955,0.3219275931605081
.GTGCCCG,CGTGCCCG,53,0,AFF,C,0.5110491747035077,5.453220431219649e-32
.GTGCCCG,CGTGCCCG,53,0,RAND,C,0.9028465800516253,0.06471228058126142
.GTGCCCG,GGTGCCCG,53,0,AFF,G,0.7596376913385519,3.46256875409539e-39
.GTGCCCG,GGTGCCCG,53,0,RAND,G,-1.1702487698205513,0.26071234121946907
.GTGCCCG,TGTGCCCG,53,0,AFF,T,0.11526267666134274,0.008135308908370305
.GTGCCCG,TGTGCCCG,53,0,RAND,T,0.32160399019362756,0.5087631999675468
T.TGCCCG,TATGCCCG,53,1,AFF,A,0.2349096212848064,1.4562589456073925e-07
T.TGCCCG,TATGCCCG,53,1,RAND,A,0.4788935662316955,0.3219275931605081
T.TGCCCG,TCTGCCCG,53,1,AFF,C,0.5110491747035077,5.453220431219649e-32
T.TGCCCG,TCTGCCCG,53,1,RAND,C,0.9028465800516253,0.06471228058126142
T.TGCCCG,TGTGCCCG,53,1,AFF,G,0.7596376913385519,3.46256875409539e-39
T.TGCCCG,TGTGCCCG,53,1,RAND,G,-1.1702487698205513,0.26071234121946907
T.TGCCCG,TTTGCCCG,53,1,AFF,T,0.11526267666134274,0.008135308908370305
T.TGCCCG,TTTGCCCG,53,1,RAND,T,0.32160399019362756,0.5087631999675468
TG.GCCCG,TGAGCCCG,53,2,AFF,A,0.2349096212848064,1.4562589456073925e-07
TG.GCCCG,TGAGCCCG,53,2,RAND,A,0.4788935662316955,0.3219275931605081
TG.GCCCG,TGCGCCCG,53,2,AFF,C,0.5110491747035077,5.453220431219649e-32
TG.GCCCG,TGCGCCCG,53,2,RAND,C,0.9028465800516253,0.06471228058126142
TG.GCCCG,TGGGCCCG,53,2,AFF,G,0.7596376913385519,3.46256875409539e-39
TG.GCCCG,TGGGCCCG,53,2,RAND,G,-1.1702487698205513,0.26071234121946907
TG.GCCCG,TGTGCCCG,53,2,AFF,T,0.11526267666134274,0.008135308908370305
TG.GCCCG,TGTGCCCG,53,2,RAND,T,0.32160399019362756,0.5087631999675468
TGT.CCCG,TGTACCCG,53,3,AFF,A,0.2349096212848064,1.4562589456073925e-07
TGT.CCCG,TGTACCCG,53,3,RAND,A,0.4788935662316955,0.3219275931605081
TGT.CCCG,TGTCCCCG,53,3,AFF,C,0.5110491747035077,5.453220431219649e-32
TGT.CCCG,TGTCCCCG,53,3,RAND,C,0.9028465800516253,0.06471228058126142
TGT.CCCG,TGTGCCCG,53,3,AFF,G,0.7596376913385519,3.46256875409539e-39
TGT.CCCG,TGTGCCCG,53,3,RAND,G,-1.1702487698205513,0.26071234121946907
TGT.CCCG,TGTTCCCG,53,3,AFF,T,0.11526267666134274,0.008135308908370305
TGT.CCCG,TGTTCCCG,53,3,RAND,T,0.32160399019362756,0.5087631999675468
TGTG.CCG,TGTGACCG,53,4,AFF,A,0.2349096212848064,1.4562589456073925e-07
TGTG.CCG,TGTGACCG,53,4,RAND,A,0.4788935662316955,0.3219275931605081
TGTG.CCG,TGTGCCCG,53,4,AFF,C,0.5110491747035077,5.453220431219649e-32
TGTG.CCG,TGTGCCCG,53,4,RAND,C,0.9028465800516253,0.06471228058126142
TGTG.CCG,TGTGGCCG,53,4,AFF,G,0.7596376913385519,3.46256875409539e-39
TGTG.CCG,TGTGGCCG,53,4,RAND,G,-1.1702487698205513,0.26071234121946907
TGTG.CCG,TGTGTCCG,53,4,AFF,T,0.11526267666134274,0.008135308908370305
TGTG.CCG,TGTGTCCG,53,4,RAND,T,0.32160399019362756,0.5087631999675468
TGTGC.CG,TGTGCACG,53,5,AFF,A,0.2349096212848064,1.4562589456073925e-07
TGTGC.CG,TGTGCACG,53,5,RAND,A,0.4788935662316955,0.3219275931605081
TGTGC.CG,TGTGCCCG,53,5,AFF,C,0.5110491747035077,5.453220431219649e-32
TGTGC.CG,TGTGCCCG,53,5,RAND,C,0.9028465800516253,0.06471228058126142
TGTGC.CG,TGTGCGCG,53,5,AFF,G,0.7596376913385519,3.46256875409539e-39
TGTGC.CG,TGTGCGCG,53,5,RAND,G,-1.1702487698205513,0.26071234121946907
TGTGC.CG,TGTGCTCG,53,5,AFF,T,0.11526267666134274,0.008135308908370305
TGTGC.CG,TGTGCTCG,53,5,RAND,T,0.32160399019362756,0.5087631999675468
TGTGCC.G,TGTGCCAG,53,6,AFF,A,0.2349096212848064,1.4562589456073925e-07
TGTGCC.G,TGTGCCAG,53,6,RAND,A,0.4788935662316955,0.3219275931605081
TGTGCC.G,TGTGCCCG,53,6,AFF,C,0.5110491747035077,5.453220431219649e-32
TGTGCC.G,TGTGCCCG,53,6,RAND,C,0.9028465800516253,0.06471228058126142
TGTGCC.G,TGTGCCGG,53,6,AFF,G,0.7596376913385519,3.46256875409539e-39
TGTGCC.G,TGTGCCGG,53,6,RAND,G,-1.1702487698205513,0.26071234121946907
TGTGCC.G,TGTGCCTG,53,6,AFF,T,0.11526267666134274,0.008135308908370305
TGTGCC.G,TGTGCCTG,53,6,RAND,T,0.32160399019362756,0.5087631999675468
TGTGCCC.,TGTGCCCA,53,7,AFF,A,0.2349096212848064,1.4562589456073925e-07
TGTGCCC.,TGTGCCCA,53,7,RAND,A,0.4788935662316955,0.3219275931605081
TGTGCCC.,TGTGCCCC,53,7,AFF,C,0.5110491747035077,5.453220431219649e-32
TGTGCCC.,TGTGCCCC,53,7,RAND,C,0.9028465800516253,0.06471228058126142
TGTGCCC.,TGTGCCCG,53,7,AFF,G,0.7596376913385519,3.46256875409539e-39
TGTGCCC.,TGTGCCCG,53,7,RAND,G,-1.1702487698205513,0.26071234121946907
TGTGCCC.,TGTGCCCT,53,7,AFF,T,0.11526267666134274,0.008135308908370305
TGTGCCC.,TGTGCCCT,53,7,RAND,T,0.32160399019362756,0.5087631999675468
.TGCCCGC,ATGCCCGC,54,0,AFF,A,0.3636680015654292,1.7700098269499488e-06
.TGCCCGC,ATGCCCGC,54,0,RAND,A,nan,nan
.TGCCCGC,CTGCCCGC,54,0,AFF,C,0.4963204672155496,1.0092778491103517e-21
.TGCCCGC,CTGCCCGC,54,0,RAND,C,1.1953287644596506,0.009977281729222997
.TGCCCGC,GTGCCCGC,54,0,AFF,G,0.6095811301131743,3.1088425909697638e-34
.TGCCCGC,GTGCCCGC,54,0,RAND,G,0.46369075577498914,0.34886792618416096
.TGCCCGC,TTGCCCGC,54,0,AFF,T,0.3936254798260093,1.2321212169292138e-07
.TGCCCGC,TTGCCCGC,54,0,RAND,T,-0.20321064936411148,0.7358889335254184
G.GCCCGC,GAGCCCGC,54,1,AFF,A,0.3636680015654292,1.7700098269499488e-06
G.GCCCGC,GAGCCCGC,54,1,RAND,A,nan,nan
G.GCCCGC,GCGCCCGC,54,1,AFF,C,0.4963204672155496,1.0092778491103517e-21
G.GCCCGC,GCGCCCGC,54,1,RAND,C,1.1953287644596506,0.009977281729222997
G.GCCCGC,GGGCCCGC,54,1,AFF,G,0.6095811301131743,3.1088425909697638e-34
G.GCCCGC,GGGCCCGC,54,1,RAND,G,0.46369075577498914,0.34886792618416096
G.GCCCGC,GTGCCCGC,54,1,AFF,T,0.3936254798260093,1.2321212169292138e-07
G.GCCCGC,GTGCCCGC,54,1,RAND,T,-0.20321064936411148,0.7358889335254184
GT.CCCGC,GTACCCGC,54,2,AFF,A,0.3636680015654292,1.7700098269499488e-06
GT.CCCGC,GTACCCGC,54,2,RAND,A,nan,nan
GT.CCCGC,GTCCCCGC,54,2,AFF,C,0.4963204672155496,1.0092778491103517e-21
GT.CCCGC,GTCCCCGC,54,2,RAND,C,1.1953287644596506,0.009977281729222997
GT.CCCGC,GTGCCCGC,54,2,AFF,G,0.6095811301131743,3.1088425909697638e-34
GT.CCCGC,GTGCCCGC,54,2,RAND,G,0.46369075577498914,0.34886792618416096
GT.CCCGC,GTTCCCGC,54,2,AFF,T,0.3936254798260093,1.2321212169292138e-07
GT.CCCGC,GTTCCCGC,54,2,RAND,T,-0.20321064936411148,0.7358889335254184
GTG.CCGC,GTGACCGC,54,3,AFF,A,0.3636680015654292,1.7700098269499488e-06
GTG.CCGC,GTGACCGC,54,3,RAND,A,nan,nan
GTG.CCGC,GTGCCCGC,54,3,AFF,C,0.4963204672155496,1.0092778491103517e-21
GTG.CCGC,GTGCCCGC,54,3,RAND,C,1.1953287644596506,0.009977281729222997
GTG.CCGC,GTGGCCGC,54,3,AFF,G,0.6095811301131743,3.1088425909697638e-34
GTG.CCGC,GTGGCCGC,54,3,RAND,G,0.46369075577498914,0.34886792618416096
GTG.CCGC,GTGTCCGC,54,3,AFF,T,0.3936254798260093,1.2321212169292138e-07
GTG.CCGC,GTGTCCGC,54,3,RAND,T,-0.20321064936411148,0.7358889335254184
GTGC.CGC,GTGCACGC,54,4,AFF,A,0.3636680015654292,1.7700098269499488e-06
GTGC.CGC,GTGCACGC,54,4,RAND,A,nan,nan
GTGC.CGC,GTGCCCGC,54,4,AFF,C,0.4963204672155496,1.0092778491103517e-21
GTGC.CGC,GTGCCCGC,54,4,RAND,C,1.1953287644596506,0.009977281729222997
GTGC.CGC,GTGCGCGC,54,4,AFF,G,0.6095811301131743,3.1088425909697638e-34
GTGC.CGC,GTGCGCGC,54,4,RAND,G,0.46369075577498914,0.34886792618416096
GTGC.CGC,GTGCTCGC,54,4,AFF,T,0.3936254798260093,1.2321212169292138e-07
GTGC.CGC,GTGCTCGC,54,4,RAND,T,-0.20321064936411148,0.7358889335254184
GTGCC.GC,GTGCCAGC,54,5,AFF,A,0.3636680015654292,1.7700098269499488e-06
GTGCC.GC,GTGCCAGC,54,5,RAND,A,nan,nan
GTGCC.GC,GTGCCCGC,54,5,AFF,C,0.4963204672155496,1.0092778491103517e-21
GTGCC.GC,GTGCCCGC,54,5,RAND,C,1.1953287644596506,0.009977281729222997
GTGCC.GC,GTGCCGGC,54,5,AFF,G,0.6095811301131743,3.1088425909697638e-34
GTGCC.GC,GTGCCGGC,54,5,RAND,G,0.46369075577498914,0.34886792618416096
GTGCC.GC,GTGCCTGC,54,5,AFF,T,0.3936254798260093,1.2321212169292138e-07
GTGCC.GC,GTGCCTGC,54,5,RAND,T,-0.20321064936411148,0.7358889335254184
GTGCCC.C,GTGCCCAC,54,6,AFF,A,0.3636680015654292,1.7700098269499488e-06
GTGCCC.C,GTGCCCAC,54,6,RAND,A,nan,nan
GTGCCC.C,GTGCCCCC,54,6,AFF,C,0.4963204672155496,1.0092778491103517e-21
GTGCCC.C,GTGCCCCC,54,6,RAND,C,1.1953287644596506,0.009977281729222997
GTGCCC.C,GTGCCCGC,54,6,AFF,G,0.6095811301131743,3.1088425909697638e-34
GTGCCC.C,GTGCCCGC,54,6,RAND,G,0.46369075577498914,0.34886792618416096
GTGCCC.C,GTGCCCTC,54,6,AFF,T,0.3936254798260093,1.2321212169292138e-07
GTGCCC.C,GTGCCCTC,54,6,RAND,T,-0.20321064936411148,0.7358889335254184
GTGCCCG.,GTGCCCGA,54,7,AFF,A,0.3636680015654292,1.7700098269499488e-06
GTGCCCG.,GTGCCCGA,54,7,RAND,A,nan,nan
GTGCCCG.,GTGCCCGC,54,7,AFF,C,0.4963204672155496,1.0092778491103517e-21
GTGCCCG.,GTGCCCGC,54,7,RAND,C,1.1953287644596506,0.009977281729222997
GTGCCCG.,GTGCCCGG,54,7,AFF,G,0.6095811301131743,3.1088425909697638e-34
GTGCCCG.,GTGCCCGG,54,7,RAND,G,0.46369075577498914,0.34886792618416096
GTGCCCG.,GTGCCCGT,54,7,AFF,T,0.3936254798260093,1.2321212169292138e-07
GTGCCCG.,GTGCCCGT,54,7,RAND,T,-0.20321064936411148,0.7358889335254184
.GCCCGCG,AGCCCGCG,55,0,AFF,A,0.28935478885281907,6.66989359112268e-07
.GCCCGCG,AGCCCGCG,55,0,RAND,A,-0.17779889358335868,0.8117690791631673
.GCCCGCG,CGCCCGCG,55,0,AFF,C,0.5200137551939399,1.0397499148350003e-40
.GCCCGCG,CGCCCGCG,55,0,RAND,C,0.657383431035551,0.08847646998621236
.GCCCGCG,GGCCCGCG,55,0,AFF,G,0.8554830522205826,1.267413515332779e-70
.GCCCGCG,GGCCCGCG,55,0,RAND,G,1.4682438808695382,0.00024786681972178336
.GCCCGCG,TGCCCGCG,55,0,AFF,T,0.4693344497024512,1.256640469859486e-16
.GCCCGCG,TGCCCGCG,55,0,RAND,T,0.3661517943299678,0.4468812173829516
T.CCCGCG,TACCCGCG,55,1,AFF,A,0.28935478885281907,6.66989359112268e-07
T.CCCGCG,TACCCGCG,55,1,RAND,A,-0.17779889358335868,0.8117690791631673
T.CCCGCG,TCCCCGCG,55,1,AFF,C,0.5200137551939399,1.0397499148350003e-40
T.CCCGCG,TCCCCGCG,55,1,RAND,C,0.657383431035551,0.08847646998621236
T.CCCGCG,TGCCCGCG,55,1,AFF,G,0.8554830522205826,1.267413515332779e-70
T.CCCGCG,TGCCCGCG,55,1,RAND,G,1.4682438808695382,0.00024786681972178336
T.CCCGCG,TTCCCGCG,55,1,AFF,T,0.4693344497024512,1.256640469859486e-16
T.CCCGCG,TTCCCGCG,55,1,RAND,T,0.3661517943299678,0.4468812173829516
TG.CCGCG,TGACCGCG,55,2,AFF,A,0.28935478885281907,6.66989359112268e-07
TG.CCGCG,TGACCGCG,55,2,RAND,A,-0.17779889358335868,0.8117690791631673
TG.CCGCG,TGCCCGCG,55,2,AFF,C,0.5200137551939399,1.0397499148350003e-40
TG.CCGCG,TGCCCGCG,55,2,RAND,C,0.657383431035551,0.08847646998621236
TG.CCGCG,TGGCCGCG,55,2,AFF,G,0.8554830522205826,1.267413515332779e-70
TG.CCGCG,TGGCCGCG,55,2,RAND,G,1.4682438808695382,0.00024786681972178336
TG.CCGCG,TGTCCGCG,55,2,AFF,T,0.4693344497024512,1.256640469859486e-16
TG.CCGCG,TGTCCGCG,55,2,RAND,T,0.3661517943299678,0.4468812173829516
TGC.CGCG,TGCACGCG,55,3,AFF,A,0.28935478885281907,6.66989359112268e-07
TGC.CGCG,TGCACGCG,55,3,RAND,A,-0.17779889358335868,0.8117690791631673
TGC.CGCG,TGCCCGCG,55,3,AFF,C,0.5200137551939399,1.0397499148350003e-40
TGC.CGCG,TGCCCGCG,55,3,RAND,C,0.657383431035551,0.08847646998621236
TGC.CGCG,TGCGCGCG,55,3,AFF,G,0.8554830522205826,1.267413515332779e-70
TGC.CGCG,TGCGCGCG,55,3,RAND,G,1.4682438808695382,0.00024786681972178336
TGC.CGCG,TGCTCGCG,55,3,AFF,T,0.4693344497024512,1.256640469859486e-16
TGC.CGCG,TGCTCGCG,55,3,RAND,T,0.3661517943299678,0.4468812173829516
TGCC.GCG,TGCCAGCG,55,4,AFF,A,0.28935478885281907,6.66989359112268e-07
TGCC.GCG,TGCCAGCG,55,4,RAND,A,-0.17779889358335868,0.8117690791631673
TGCC.GCG,TGCCCGCG,55,4,AFF,C,0.5200137551939399,1.0397499148350003e-40
TGCC.GCG,TGCCCGCG,55,4,RAND,C,0.657383431035551,0.08847646998621236
TGCC.GCG,TGCCGGCG,55,4,AFF,G,0.8554830522205826,1.267413515332779e-70
TGCC.GCG,TGCCGGCG,55,4,RAND,G,1.4682438808695382,0.00024786681972178336
TGCC.GCG,TGCCTGCG,55,4,AFF,T,0.4693344497024512,1.256640469859486e-16
TGCC.GCG,TGCCTGCG,55,4,RAND,T,0.3661517943299678,0.4468812173829516
TGCCC.CG,TGCCCACG,55,5,AFF,A,0.28935478885281907,6.66989359112268e-07
TGCCC.CG,TGCCCACG,55,5,RAND,A,-0.17779889358335868,0.8117690791631673
TGCCC.CG,TGCCCCCG,55,5,AFF,C,0.5200137551939399,1.0397499148350003e-40
TGCCC.CG,TGCCCCCG,55,5,RAND,C,0.657383431035551,0.08847646998621236
TGCCC.CG,TGCCCGCG,55,5,AFF,G,0.8554830522205826,1.267413515332779e-70
TGCCC.CG,TGCCCGCG,55,5,RAND,G,1.4682438808695382,0.00024786681972178336
TGCCC.CG,TGCCCTCG,55,5,AFF,T,0.4693344497024512,1.256640469859486e-16
TGCCC.CG,TGCCCTCG,55,5,RAND,T,0.3661517943299678,0.4468812173829516
TGCCCG.G,TGCCCGAG,55,6,AFF,A,0.28935478885281907,6.66989359112268e-07
TGCCCG.G,TGCCCGAG,55,6,RAND,A,-0.17779889358335868,0.8117690791631673
TGCCCG.G,TGCCCGCG,55,6,AFF,C,0.5200137551939399,1.0397499148350003e-40
TGCCCG.G,TGCCCGCG,55,6,RAND,C,0.657383431035551,0.08847646998621236
TGCCCG.G,TGCCCGGG,55,6,AFF,G,0.8554830522205826,1.267413515332779e-70
TGCCCG.G,TGCCCGGG,55,6,RAND,G,1.4682438808695382,0.00024786681972178336
TGCCCG.G,TGCCCGTG,55,6,AFF,T,0.4693344497024512,1.256640469859486e-16
TGCCCG.G,TGCCCGTG,55,6,RAND,T,0.3661517943299678,0.4468812173829516
TGCCCGC.,TGCCCGCA,55,7,AFF,A,0.28935478885281907,6.66989359112268e-07
TGCCCGC.,TGCCCGCA,55,7,RAND,A,-0.17779889358335868,0.8117690791631673
TGCCCGC.,TGCCCGCC,55,7,AFF,C,0.5200137551939399,1.0397499148350003e-40
TGCCCGC.,TGCCCGCC,55,7,RAND,C,0.657383431035551,0.08847646998621236
TGCCCGC.,TGCCCGCG,55,7,AFF,G,0.8554830522205826,1.267413515332779e-70
TGCCCGC.,TGCCCGCG,55,7,RAND,G,1.4682438808695382,0.00024786681972178336
TGCCCGC.,TGCCCGCT,55,7,AFF,T,0.4693344497024512,1.256640469859486e-16
TGCCCGC.,TGCCCGCT,55,7,RAND,T,0.3661517943299678,0.4468812173829516
.CCCGCGA,ACCCGCGA,56,0,AFF,A,0.6110147356913952,3.451785193142216e-36
.CCCGCGA,ACCCGCGA,56,0,RAND,A,0.17439950538061033,0.8439700469094894
.CCCGCGA,CCCCGCGA,56,0,AFF,C,0.5806850648573072,4.173799947529816e-83
.CCCGCGA,CCCCGCGA,56,0,RAND,C,0.4862142911111914,0.1940341025167357
.CCCGCGA,GCCCGCGA,56,0,AFF,G,0.5533986249997319,2.280253044687373e-68
.CCCGCGA,GCCCGCGA,56,0,RAND,G,2.0031979324034563,3.108147023441278e-07
.CCCGCGA,TCCCGCGA,56,0,AFF,T,0.5906304086596733,9.401541801448103e-29
.CCCGCGA,TCCCGCGA,56,0,RAND,T,-0.9479448756106064,0.19433240315220035
G.CCGCGA,GACCGCGA,56,1,AFF,A,0.6110147356913952,3.451785193142216e-36
G.CCGCGA,GACCGCGA,56,1,RAND,A,0.17439950538061033,0.8439700469094894
G.CCGCGA,GCCCGCGA,56,1,AFF,C,0.5806850648573072,4.173799947529816e-83
G.CCGCGA,GCCCGCGA,56,1,RAND,C,0.4862142911111914,0.1940341025167357
G.CCGCGA,GGCCGCGA,56,1,AFF,G,0.5533986249997319,2.280253044687373e-68
G.CCGCGA,GGCCGCGA,56,1,RAND,G,2.0031979324034563,3.108147023441278e-07
G.CCGCGA,GTCCGCGA,56,1,AFF,T,0.5906304086596733,9.401541801448103e-29
G.CCGCGA,GTCCGCGA,56,1,RAND,T,-0.9479448756106064,0.19433240315220035
GC.CGCGA,GCACGCGA,56,2,AFF,A,0.6110147356913952,3.451785193142216e-36
GC.CGCGA,GCACGCGA,56,2,RAND,A,0.17439950538061033,0.8439700469094894
GC.CGCGA,GCCCGCGA,56,2,AFF,C,0.5806850648573072,4.173799947529816e-83
GC.CGCGA,GCCCGCGA,56,2,RAND,C,0.4862142911111914,0.1940341025167357
GC.CGCGA,GCGCGCGA,56,2,AFF,G,0.5533986249997319,2.280253044687373e-68
GC.CGCGA,GCGCGCGA,56,2,RAND,G,2.0031979324034563,3.108147023441278e-07
GC.CGCGA,GCTCGCGA,56,2,AFF,T,0.5906304086596733,9.401541801448103e-29
GC.CGCGA,GCTCGCGA,56,2,RAND,T,-0.9479448756106064,0.19433240315220035
GCC.GCGA,GCCAGCGA,56,3,AFF,A,0.6110147356913952,3.451785193142216e-36
GCC.GCGA,GCCAGCGA,56,3,RAND,A,0.17439950538061033,0.8439700469094894
GCC.GCGA,GCCCGCGA,56,3,AFF,C,0.5806850648573072,4.173799947529816e-83
GCC.GCGA,GCCCGCGA,56,3,RAND,C,0.4862142911111914,0.1940341025167357
GCC.GCGA,GCCGGCGA,56,3,AFF,G,0.5533986249997319,2.280253044687373e-68
GCC.GCGA,GCCGGCGA,56,3,RAND,G,2.0031979324034563,3.108147023441278e-07
GCC.GCGA,GCCTGCGA,56,3,AFF,T,0.5906304086596733,9.401541801448103e-29
GCC.GCGA,GCCTGCGA,56,3,RAND,T,-0.9479448756106064,0.19433240315220035
GCCC.CGA,GCCCACGA,56,4,AFF,A,0.6110147356913952,3.451785193142216e-36
GCCC.CGA,GCCCACGA,56,4,RAND,A,0.17439950538061033,0.8439700469094894
GCCC.CGA,GCCCCCGA,56,4,AFF,C,0.5806850648573072,4.173799947529816e-83
GCCC.CGA,GCCCCCGA,56,4,RAND,C,0.4862142911111914,0.1940341025167357
GCCC.CGA,GCCCGCGA,56,4,AFF,G,0.5533986249997319,2.280253044687373e-68
GCCC.CGA,GCCCGCGA,56,4,RAND,G,2.0031979324034563,3.108147023441278e-07
GCCC.CGA,GCCCTCGA,56,4,AFF,T,0.5906304086596733,9.401541801448103e-29
GCCC.CGA,GCCCTCGA,56,4,RAND,T,-0.9479448756106064,0.19433240315220035
GCCCG.GA,GCCCGAGA,56,5,AFF,A,0.6110147356913952,3.451785193142216e-36
GCCCG.GA,GCCCGAGA,56,5,RAND,A,0.17439950538061033,0.8439700469094894
GCCCG.GA,GCCCGCGA,56,5,AFF,C,0.5806850648573072,4.173799947529816e-83
GCCCG.GA,GCCCGCGA,56,5,RAND,C,0.4862142911111914,0.1940341025167357
GCCCG.GA,GCCCGGGA,56,5,AFF,G,0.5533986249997319,2.280253044687373e-68
GCCCG.GA,GCCCGGGA,56,5,RAND,G,2.0031979324034563,3.108147023441278e-07
GCCCG.GA,GCCCGTGA,56,5,AFF,T,0.5906304086596733,9.401541801448103e-29
GCCCG.GA,GCCCGTGA,56,5,RAND,T,-0.9479448756106064,0.19433240315220035
GCCCGC.A,GCCCGCAA,56,6,AFF,A,0.6110147356913952,3.451785193142216e-36
GCCCGC.A,GCCCGCAA,56,6,RAND,A,0.17439950538061033,0.8439700469094894
GCCCGC.A,GCCCGCCA,56,6,AFF,C,0.5806850648573072,4.173799947529816e-83
GCCCGC.A,GCCCGCCA,56,6,RAND,C,0.4862142911111914,0.1940341025167357
GCCCGC.A,GCCCGCGA,56,6,AFF,G,0.5533986249997319,2.280253044687373e-68
GCCCGC.A,GCCCGCGA,56,6,RAND,G,2.0031979324034563,3.108147023441278e-07
GCCCGC.A,GCCCGCTA,56,6,AFF,T,0.5906304086596733,9.401541801448103e-29
GCCCGC.A,GCCCGCTA,56,6,RAND,T,-0.9479448756106064,0.19433240315220035
GCCCGCG.,GCCCGCGA,56,7,AFF,A,0.6110147356913952,3.451785193142216e-36
GCCCGCG.,GCCCGCGA,56,7,RAND,A,0.17439950538061033,0.8439700469094894
GCCCGCG.,GCCCGCGC,56,7,AFF,C,0.5806850648573072,4.173799947529816e-83
GCCCGCG.,GCCCGCGC,56,7,RAND,C,0.4862142911111914,0.1940341025167357
GCCCGCG.,GCCCGCGG,56,7,AFF,G,0.5533986249997319,2.280253044687373e-68
GCCCGCG.,GCCCGCGG,56,7,RAND,G,2.0031979324034563,3.108147023441278e-07
GCCCGCG.,GCCCGCGT,56,7,AFF,T,0.5906304086596733,9.401541801448103e-29
GCCCGCG.,GCCCGCGT,56,7,RAND,T,-0.9479448756106064,0.19433240315220035
.CCGCGAA,ACCGCGAA,57,0,AFF,A,0.6713024565259798,4.07181864418374e-20
.CCGCGAA,ACCGCGAA,57,0,RAND,A,0.022797630159010318,0.980045594016376
.CCGCGAA,CCCGCGAA,57,0,AFF,C,0.5199762874520877,5.236092887382345e-18
.CCGCGAA,CCCGCGAA,57,0,RAND,C,0.11209072929767172,0.870847960875716
.CCGCGAA,GCCGCGAA,57,0,AFF,G,0.3789369281212198,4.0460967668226006e-14
.CCGCGAA,GCCGCGAA,57,0,RAND,G,-0.17504275843683126,0.7764376923138873
.CCGCGAA,TCCGCGAA,57,0,AFF,T,0.6799629617613763,1.614376429782378e-16
.CCGCGAA,TCCGCGAA,57,0,RAND,T,1.7680047777192913,0.02394558059585926
C.CGCGAA,CACGCGAA,57,1,AFF,A,0.6713024565259798,4.07181864418374e-20
C.CGCGAA,CACGCGAA,57,1,RAND,A,0.022797630159010318,0.980045594016376
C.CGCGAA,CCCGCGAA,57,1,AFF,C,0.5199762874520877,5.236092887382345e-18
C.CGCGAA,CCCGCGAA,57,1,RAND,C,0.11209072929767172,0.870847960875716
C.CGCGAA,CGCGCGAA,57,1,AFF,G,0.3789369281212198,4.0460967668226006e-14
C.CGCGAA,CGCGCGAA,57,1,RAND,G,-0.17504275843683126,0.7764376923138873
C.CGCGAA,CTCGCGAA,57,1,AFF,T,0.6799629617613763,1.614376429782378e-16
C.CGCGAA,CTCGCGAA,57,1,RAND,T,1.7680047777192913,0.02394558059585926
CC.GCGAA,CCAGCGAA,57,2,AFF,A,0.6713024565259798,4.07181864418374e-20
CC.GCGAA,CCAGCGAA,57,2,RAND,A,0.022797630159010318,0.980045594016376
CC.GCGAA,CCCGCGAA,57,2,AFF,C,0.5199762874520877,5.236092887382345e-18
CC.GCGAA,CCCGCGAA,57,2,RAND,C,0.11209072929767172,0.870847960875716
CC.GCGAA,CCGGCGAA,57,2,AFF,G,0.3789369281212198,4.0460967668226006e-14
CC.GCGAA,CCGGCGAA,57,2,RAND,G,-0.17504275843683126,0.7764376923138873
CC.GCGAA,CCTGCGAA,57,2,AFF,T,0.6799629617613763,1.614376429782378e-16
CC.GCGAA,CCTGCGAA,57,2,RAND,T,1.7680047777192913,0.02394558059585926
CCC.CGAA,CCCACGAA,57,3,AFF,A,0.6713024565259798,4.07181864418374e-20
CCC.CGAA,CCCACGAA,57,3,RAND,A,0.022797630159010318,0.980045594016376
CCC.CGAA,CCCCCGAA,57,3,AFF,C,0.5199762874520877,5.236092887382345e-18
CCC.CGAA,CCCCCGAA,57,3,RAND,C,0.11209072929767172,0.870847960875716
CCC.CGAA,CCCGCGAA,57,3,AFF,G,0.3789369281212198,4.0460967668226006e-14
CCC.CGAA,CCCGCGAA,57,3,RAND,G,-0.17504275843683126,0.7764376923138873
CCC.CGAA,CCCTCGAA,57,3,AFF,T,0.6799629617613763,1.614376429782378e-16
CCC.CGAA,CCCTCGAA,57,3,RAND,T,1.7680047777192913,0.02394558059585926
CCCG.GAA,CCCGAGAA,57,4,AFF,A,0.6713024565259798,4.07181864418374e-20
CCCG.GAA,CCCGAGAA,57,4,RAND,A,0.022797630159010318,0.980045594016376
CCCG.GAA,CCCGCGAA,57,4,AFF,C,0.5199762874520877,5.236092887382345e-18
CCCG.GAA,CCCGCGAA,57,4,RAND,C,0.11209072929767172,0.870847960875716
CCCG.GAA,CCCGGGAA,57,4,AFF,G,0.3789369281212198,4.0460967668226006e-14
CCCG.GAA,CCCGGGAA,57,4,RAND,G,-0.17504275843683126,0.7764376923138873
CCCG.GAA,CCCGTGAA,57,4,AFF,T,0.6799629617613763,1.614376429782378e-16
CCCG.GAA,CCCGTGAA,57,4,RAND,T,1.7680047777192913,0.02394558059585926
CCCGC.AA,CCCGCAAA,57,5,AFF,A,0.6713024565259798,4.07181864418374e-20
CCCGC.AA,CCCGCAAA,57,5,RAND,A,0.022797630159010318,0.980045594016376
CCCGC.AA,CCCGCCAA,57,5,AFF,C,0.5199762874520877,5.236092887382345e-18
CCCGC.AA,CCCGCCAA,57,5,RAND,C,0.11209072929767172,0.870847960875716
CCCGC.AA,CCCGCGAA,57,5,AFF,G,0.3789369281212198,4.0460967668226006e-14
CCCGC.AA,CCCGCGAA,57,5,RAND,G,-0.17504275843683126,0.7764376923138873
CCCGC.AA,CCCGCTAA,57,5,AFF,T,0.6799629617613763,1.614376429782378e-16
CCCGC.AA,CCCGCTAA,57,5,RAND,T,1.7680047777192913,0.02394558059585926
CCCGCG.A,CCCGCGAA,57,6,AFF,A,0.6713024565259798,4.07181864418374e-20
CCCGCG.A,CCCGCGAA,57,6,RAND,A,0.022797630159010318,0.980045594016376
CCCGCG.A,CCCGCGCA,57,6,AFF,C,0.5199762874520877,5.236092887382345e-18
CCCGCG.A,CCCGCGCA,57,6,RAND,C,0.11209072929767172,0.870847960875716
CCCGCG.A,CCCGCGGA,57,6,AFF,G,0.3789369281212198,4.0460967668226006e-14
CCCGCG.A,CCCGCGGA,57,6,RAND,G,-0.17504275843683126,0.7764376923138873
CCCGCG.A,CCCGCGTA,57,6,AFF,T,0.6799629617613763,1.614376429782378e-16
CCCGCG.A,CCCGCGTA,57,6,RAND,T,1.7680047777192913,0.02394558059585926
CCCGCGA.,CCCGCGAA,57,7,AFF,A,0.6713024565259798,4.07181864418374e-20
CCCGCGA.,CCCGCGAA,57,7,RAND,A,0.022797630159010318,0.980045594016376
CCCGCGA.,CCCGCGAC,57,7,AFF,C,0.5199762874520877,5.236092887382345e-18
CCCGCGA.,CCCGCGAC,57,7,RAND,C,0.11209072929767172,0.870847960875716
CCCGCGA.,CCCGCGAG,57,7,AFF,G,0.3789369281212198,4.0460967668226006e-14
CCCGCGA.,CCCGCGAG,57,7,RAND,G,-0.17504275843683126,0.7764376923138873
CCCGCGA.,CCCGCGAT,57,7,AFF,T,0.6799629617613763,1.614376429782378e-16
CCCGCGA.,CCCGCGAT,57,7,RAND,T,1.7680047777192913,0.02394558059585926
.CGCGAAT,ACGCGAAT,58,0,AFF,A,0.5173202604019237,6.005190887566817e-07
.CGCGAAT,ACGCGAAT,58,0,RAND,A,nan,nan
.CGCGAAT,CCGCGAAT,58,0,AFF,C,0.6675831570188471,2.2642741253350727e-14
.CGCGAAT,CCGCGAAT,58,0,RAND,C,nan,nan
.CGCGAAT,GCGCGAAT,58,0,AFF,G,0.7954909372701342,3.126031129698051e-24
.CGCGAAT,GCGCGAAT,58,0,RAND,G,-0.13113059254318965,0.3617825304746213
.CGCGAAT,TCGCGAAT,58,0,AFF,T,0.11861771169748264,0.3781765292414907
.CGCGAAT,TCGCGAAT,58,0,RAND,T,nan,nan
C.GCGAAT,CAGCGAAT,58,1,AFF,A,0.5173202604019237,6.005190887566817e-07
C.GCGAAT,CAGCGAAT,58,1,RAND,A,nan,nan
C.GCGAAT,CCGCGAAT,58,1,AFF,C,0.6675831570188471,2.2642741253350727e-14
C.GCGAAT,CCGCGAAT,58,1,RAND,C,nan,nan
C.GCGAAT,CGGCGAAT,58,1,AFF,G,0.7954909372701342,3.126031129698051e-24
C.GCGAAT,CGGCGAAT,58,1,RAND,G,-0.13113059254318965,0.3617825304746213
C.GCGAAT,CTGCGAAT,58,1,AFF,T,0.11861771169748264,0.3781765292414907
C.GCGAAT,CTGCGAAT,58,1,RAND,T,nan,nan
CC.CGAAT,CCACGAAT,58,2,AFF,A,0.5173202604019237,6.005190887566817e-07
CC.CGAAT,CCACGAAT,58,2,RAND,A,nan,nan
CC.CGAAT,CCCCGAAT,58,2,AFF,C,0.6675831570188471,2.2642741253350727e-14
CC.CGAAT,CCCCGAAT,58,2,RAND,C,nan,nan
CC.CGAAT,CCGCGAAT,58,2,AFF,G,0.7954909372701342,3.126031129698051e-24
CC.CGAAT,CCGCGAAT,58,2,RAND,G,-0.13113059254318965,0.3617825304746213
CC.CGAAT,CCTCGAAT,58,2,AFF,T,0.11861771169748264,0.3781765292414907
CC.CGAAT,CCTCGAAT,58,2,RAND,T,nan,nan
CCG.GAAT,CCGAGAAT,58,3,AFF,A,0.5173202604019237,6.005190887566817e-07
CCG.GAAT,CCGAGAAT,58,3,RAND,A,nan,nan
CCG.GAAT,CCGCGAAT,58,3,AFF,C,0.6675831570188471,2.2642741253350727e-14
CCG.GAAT,CCGCGAAT,58,3,RAND,C,nan,nan
CCG.GAAT,CCGGGAAT,58,3,AFF,G,0.7954909372701342,3.126031129698051e-24
CCG.GAAT,CCGGGAAT,58,3,RAND,G,-0.13113059254318965,0.3617825304746213
CCG.GAAT,CCGTGAAT,58,3,AFF,T,0.11861771169748264,0.3781765292414907
CCG.GAAT,CCGTGAAT,58,3,RAND,T,nan,nan
CCGC.AAT,CCGCAAAT,58,4,AFF,A,0.5173202604019237,6.005190887566817e-07
CCGC.AAT,CCGCAAAT,58,4,RAND,A,nan,nan
CCGC.AAT,CCGCCAAT,58,4,AFF,C,0.6675831570188471,2.2642741253350727e-14
CCGC.AAT,CCGCCAAT,58,4,RAND,C,nan,nan
CCGC.AAT,CCGCGAAT,58,4,AFF,G,0.7954909372701342,3.126031129698051e-24
CCGC.AAT,CCGCGAAT,58,4,RAND,G,-0.13113059254318965,0.3617825304746213
CCGC.AAT,CCGCTAAT,58,4,AFF,T,0.11861771169748264,0.3781765292414907
CCGC.AAT,CCGCTAAT,58,4,RAND,T,nan,nan
CCGCG.AT,CCGCGAAT,58,5,AFF,A,0.5173202604019237,6.005190887566817e-07
CCGCG.AT,CCGCGAAT,58,5,RAND,A,nan,nan
CCGCG.AT,CCGCGCAT,58,5,AFF,C,0.6675831570188471,2.2642741253350727e-14
CCGCG.AT,CCGCGCAT,58,5,RAND,C,nan,nan
CCGCG.AT,CCGCGGAT,58,5,AFF,G,0.7954909372701342,3.126031129698051e-24
CCGCG.AT,CCGCGGAT,58,5,RAND,G,-0.13113059254318965,0.3617825304746213
CCGCG.AT,CCGCGTAT,58,5,AFF,T,0.11861771169748264,0.3781765292414907
CCGCG.AT,CCGCGTAT,58,5,RAND,T,nan,nan
CCGCGA.T,CCGCGAAT,58,6,AFF,A,0.5173202604019237,6.005190887566817e-07
CCGCGA.T,CCGCGAAT,58,6,RAND,A,nan,nan
CCGCGA.T,CCGCGACT,58,6,AFF,C,0.6675831570188471,2.2642741253350727e-14
CCGCGA.T,CCGCGACT,58,6,RAND,C,nan,nan
CCGCGA.T,CCGCGAGT,58,6,AFF,G,0.7954909372701342,3.126031129698051e-24
CCGCGA.T,CCGCGAGT,58,6,RAND,G,-0.13113059254318965,0.3617825304746213
CCGCGA.T,CCGCGATT,58,6,AFF,T,0.11861771169748264,0.3781765292414907
CCGCGA.T,CCGCGATT,58,6,RAND,T,nan,nan
CCGCGAA.,CCGCGAAA,58,7,AFF,A,0.5173202604019237,6.005190887566817e-07
CCGCGAA.,CCGCGAAA,58,7,RAND,A,nan,nan
CCGCGAA.,CCGCGAAC,58,7,AFF,C,0.6675831570188471,2.2642741253350727e-14
CCGCGAA.,CCGCGAAC,58,7,RAND,C,nan,nan
CCGCGAA.,CCGCGAAG,58,7,AFF,G,0.7954909372701342,3.126031129698051e-24
CCGCGAA.,CCGCGAAG,58,7,RAND,G,-0.13113059254318965,0.3617825304746213
CCGCGAA.,CCGCGAAT,58,7,AFF,T,0.11861771169748264,0.3781765292414907
CCGCGAA.,CCGCGAAT,58,7,RAND,T,nan,nan
.GCGAATC,AGCGAATC,59,0,AFF,A,-0.12989163255586286,0.5850931225828497
.GCGAATC,AGCGAATC,59,0,RAND,A,-0.39410329025976265,0.5902280312231047
.GCGAATC,CGCGAATC,59,0,AFF,C,0.724269465167525,3.5063464560755045e-07
.GCGAATC,CGCGAATC,59,0,RAND,C,nan,nan
.GCGAATC,GGCGAATC,59,0,AFF,G,0.6360475092092037,1.3678833748292298e-05
.GCGAATC,GGCGAATC,59,0,RAND,G,0.35831195241330915,0.590188751638675
.GCGAATC,TGCGAATC,59,0,AFF,T,0.528656797821163,0.0034700420487850654
.GCGAATC,TGCGAATC,59,0,RAND,T,nan,nan
C.CGAATC,CACGAATC,59,1,AFF,A,-0.12989163255586286,0.5850931225828497
C.CGAATC,CACGAATC,59,1,RAND,A,-0.39410329025976265,0.5902280312231047
C.CGAATC,CCCGAATC,59,1,AFF,C,0.724269465167525,3.5063464560755045e-07
C.CGAATC,CCCGAATC,59,1,RAND,C,nan,nan
C.CGAATC,CGCGAATC,59,1,AFF,G,0.6360475092092037,1.3678833748292298e-05
C.CGAATC,CGCGAATC,59,1,RAND,G,0.35831195241330915,0.590188751638675
C.CGAATC,CTCGAATC,59,1,AFF,T,0.528656797821163,0.0034700420487850654
C.CGAATC,CTCGAATC,59,1,RAND,T,nan,nan
CG.GAATC,CGAGAATC,59,2,AFF,A,-0.12989163255586286,0.5850931225828497
CG.GAATC,CGAGAATC,59,2,RAND,A,-0.39410329025976265,0.5902280312231047
CG.GAATC,CGCGAATC,59,2,AFF,C,0.724269465167525,3.5063464560755045e-07
CG.GAATC,CGCGAATC,59,2,RAND,C,nan,nan
CG.GAATC,CGGGAATC,59,2,AFF,G,0.6360475092092037,1.3678833748292298e-05
CG.GAATC,CGGGAATC,59,2,RAND,G,0.35831195241330915,0.590188751638675
CG.GAATC,CGTGAATC,59,2,AFF,T,0.528656797821163,0.0034700420487850654
CG.GAATC,CGTGAATC,59,2,RAND,T,nan,nan
CGC.AATC,CGCAAATC,59,3,AFF,A,-0.12989163255586286,0.5850931225828497
CGC.AATC,CGCAAATC,59,3,RAND,A,-0.39410329025976265,0.5902280312231047
CGC.AATC,CGCCAATC,59,3,AFF,C,0.724269465167525,3.5063464560755045e-07
CGC.AATC,CGCCAATC,59,3,RAND,C,nan,nan
CGC.AATC,CGCGAATC,59,3,AFF,G,0.6360475092092037,1.3678833748292298e-05
CGC.AATC,CGCGAATC,59,3,RAND,G,0.35831195241330915,0.590188751638675
CGC.AATC,CGCTAATC,59,3,AFF,T,0.528656797821163,0.0034700420487850654
CGC.AATC,CGCTAATC,59,3,RAND,T,nan,nan
CGCG.ATC,CGCGAATC,59,4,AFF,A,-0.12989163255586286,0.5850931225828497
CGCG.ATC,CGCGAATC,59,4,RAND,A,-0.39410329025976265,0.5902280312231047
CGCG.ATC,CGCGCATC,59,4,AFF,C,0.724269465167525,3.5063464560755045e-07
CGCG.ATC,CGCGCATC,59,4,RAND,C,nan,nan
CGCG.ATC,CGCGGATC,59,4,AFF,G,0.6360475092092037,1.3678833748292298e-05
CGCG.ATC,CGCGGATC,59,4,RAND,G,0.35831195241330915,0.590188751638675
CGCG.ATC,CGCGTATC,59,4,AFF,T,0.528656797821163,0.0034700420487850654
CGCG.ATC,CGCGTATC,59,4,RAND,T,nan,nan
CGCGA.TC,CGCGAATC,59,5,AFF,A,-0.12989163255586286,0.5850931225828497
CGCGA.TC,CGCGAATC,59,5,RAND,A,-0.39410329025976265,0.5902280312231047
CGCGA.TC,CGCGACTC,59,5,AFF,C,0.724269465167525,3.5063464560755045e-07
CGCGA.TC,CGCGACTC,59,5,RAND,C,nan,nan
CGCGA.TC,CGCGAGTC,59,5,AFF,G,0.6360475092092037,1.3678833748292298e-05
CGCGA.TC,CGCGAGTC,59,5,RAND,G,0.35831195241330915,0.590188751638675
CGCGA.TC,CGCGATTC,59,5,AFF,T,0.528656797821163,0.0034700420487850654
CGCGA.TC,CGCGATTC,59,5,RAND,T,nan,nan
CGCGAA.C,CGCGAAAC,59,6,AFF,A,-0.12989163255586286,0.5850931225828497
CGCGAA.C,CGCGAAAC,59,6,RAND,A,-0.39410329025976265,0.5902280312231047
CGCGAA.C,CGCGAACC,59,6,AFF,C,0.724269465167525,3.5063464560755045e-07
CGCGAA.C,CGCGAACC,59,6,RAND,C,nan,nan
CGCGAA.C,CGCGAAGC,59,6,AFF,G,0.6360475092092037,1.3678833748292298e-05
CGCGAA.C,CGCGAAGC,59,6,RAND,G,0.35831195241330915,0.590188751638675
CGCGAA.C,CGCGAATC,59,6,AFF,T,0.528656797821163,0.0034700420487850654
CGCGAA.C,CGCGAATC,59,6,RAND,T,nan,nan
CGCGAAT.,CGCGAATA,59,7,AFF,A,-0.12989163255586286,0.5850931225828497
CGCGAAT.,CGCGAATA,59,7,RAND,A,-0.39410329025976265,0.5902280312231047
CGCGAAT.,CGCGAATC,59,7,AFF,C,0.724269465167525,3.5063464560755045e-07
CGCGAAT.,CGCGAATC,59,7,RAND,C,nan,nan
CGCGAAT.,CGCGAATG,59,7,AFF,G,0.6360475092092037,1.3678833748292298e-05
CGCGAAT.,CGCGAATG,59,7,RAND,G,0.35831195241330915,0.590188751638675
CGCGAAT.,CGCGAATT,59,7,AFF,T,0.528656797821163,0.0034700420487850654
CGCGAAT.,CGCGAATT,59,7,RAND,T,nan,nan
.CGAATCC,ACGAATCC,60,0,AFF,A,0.253244019712926,0.0636215221173191
.CGAATCC,ACGAATCC,60,0,RAND,A,2.037802437500046,0.012920789741094407
.CGAATCC,CCGAATCC,60,0,AFF,C,0.4699494245992442,2.2630305163392198e-05
.CGAATCC,CCGAATCC,60,0,RAND,C,-0.2702567358103447,0.6441693841503395
.CGAATCC,GCGAATCC,60,0,AFF,G,0.5402780080852106,0.0006047330153239452
.CGAATCC,GCGAATCC,60,0,RAND,G,-1.2230697562829569,0.013351536879372796
.CGAATCC,TCGAATCC,60,0,AFF,T,0.7738886394756459,5.3623448276346e-09
.CGAATCC,TCGAATCC,60,0,RAND,T,nan,nan
G.GAATCC,GAGAATCC,60,1,AFF,A,0.253244019712926,0.0636215221173191
G.GAATCC,GAGAATCC,60,1,RAND,A,2.037802437500046,0.012920789741094407
G.GAATCC,GCGAATCC,60,1,AFF,C,0.4699494245992442,2.2630305163392198e-05
G.GAATCC,GCGAATCC,60,1,RAND,C,-0.2702567358103447,0.6441693841503395
G.GAATCC,GGGAATCC,60,1,AFF,G,0.5402780080852106,0.0006047330153239452
G.GAATCC,GGGAATCC,60,1,RAND,G,-1.2230697562829569,0.013351536879372796
G.GAATCC,GTGAATCC,60,1,AFF,T,0.7738886394756459,5.3623448276346e-09
G.GAATCC,GTGAATCC,60,1,RAND,T,nan,nan
GC.AATCC,GCAAATCC,60,2,AFF,A,0.253244019712926,0.0636215221173191
GC.AATCC,GCAAATCC,60,2,RAND,A,2.037802437500046,0.012920789741094407
GC.AATCC,GCCAATCC,60,2,AFF,C,0.4699494245992442,2.2630305163392198e-05
GC.AATCC,GCCAATCC,60,2,RAND,C,-0.2702567358103447,0.6441693841503395
GC.AATCC,GCGAATCC,60,2,AFF,G,0.5402780080852106,0.0006047330153239452
GC.AATCC,GCGAATCC,60,2,RAND,G,-1.2230697562829569,0.013351536879372796
GC.AATCC,GCTAATCC,60,2,AFF,T,0.7738886394756459,5.3623448276346e-09
GC.AATCC,GCTAATCC,60,2,RAND,T,nan,nan
GCG.ATCC,GCGAATCC,60,3,AFF,A,0.253244019712926,0.0636215221173191
GCG.ATCC,GCGAATCC,60,3,RAND,A,2.037802437500046,0.012920789741094407
GCG.ATCC,GCGCATCC,60,3,AFF,C,0.4699494245992442,2.2630305163392198e-05
GCG.ATCC,GCGCATCC,60,3,RAND,C,-0.2702567358103447,0.6441693841503395
GCG.ATCC,GCGGATCC,60,3,AFF,G,0.5402780080852106,0.0006047330153239452
GCG.ATCC,GCGGATCC,60,3,RAND,G,-1.2230697562829569,0.013351536879372796
GCG.ATCC,GCGTATCC,60,3,AFF,T,0.7738886394756459,5.3623448276346e-09
GCG.ATCC,GCGTATCC,60,3,RAND,T,nan,nan
GCGA.TCC,GCGAATCC,60,4,AFF,A,0.253244019712926,0.0636215221173191
GCGA.TCC,GCGAATCC,60,4,RAND,A,2.037802437500046,0.012920789741094407
GCGA.TCC,GCGACTCC,60,4,AFF,C,0.4699494245992442,2.2630305163392198e-05
GCGA.TCC,GCGACTCC,60,4,RAND,C,-0.2702567358103447,0.6441693841503395
GCGA.TCC,GCGAGTCC,60,4,AFF,G,0.5402780080852106,0.0006047330153239452
GCGA.TCC,GCGAGTCC,60,4,RAND,G,-1.2230697562829569,0.013351536879372796
GCGA.TCC,GCGATTCC,60,4,AFF,T,0.7738886394756459,5.3623448276346e-09
GCGA.TCC,GCGATTCC,60,4,RAND,T,nan,nan
GCGAA.CC,GCGAAACC,60,5,AFF,A,0.253244019712926,0.0636215221173191
GCGAA.CC,GCGAAACC,60,5,RAND,A,2.037802437500046,0.012920789741094407
GCGAA.CC,GCGAACCC,60,5,AFF,C,0.4699494245992442,2.2630305163392198e-05
GCGAA.CC,GCGAACCC,60,5,RAND,C,-0.2702567358103447,0.6441693841503395
GCGAA.CC,GCGAAGCC,60,5,AFF,G,0.5402780080852106,0.0006047330153239452
GCGAA.CC,GCGAAGCC,60,5,RAND,G,-1.2230697562829569,0.013351536879372796
GCGAA.CC,GCGAATCC,60,5,AFF,T,0.7738886394756459,5.3623448276346e-09
GCGAA.CC,GCGAATCC,60,5,RAND,T,nan,nan
GCGAAT.C,GCGAATAC,60,6,AFF,A,0.253244019712926,0.0636215221173191
GCGAAT.C,GCGAATAC,60,6,RAND,A,2.037802437500046,0.012920789741094407
GCGAAT.C,GCGAATCC,60,6,AFF,C,0.4699494245992442,2.2630305163392198e-05
GCGAAT.C,GCGAATCC,60,6,RAND,C,-0.2702567358103447,0.6441693841503395
GCGAAT.C,GCGAATGC,60,6,AFF,G,0.5402780080852106,0.0006047330153239452
GCGAAT.C,GCGAATGC,60,6,RAND,G,-1.2230697562829569,0.013351536879372796
GCGAAT.C,GCGAATTC,60,6,AFF,T,0.7738886394756459,5.3623448276346e-09
GCGAAT.C,GCGAATTC,60,6,RAND,T,nan,nan
GCGAATC.,GCGAATCA,60,7,AFF,A,0.253244019712926,0.0636215221173191
GCGAATC.,GCGAATCA,60,7,RAND,A,2.037802437500046,0.012920789741094407
GCGAATC.,GCGAATCC,60,7,AFF,C,0.4699494245992442,2.2630305163392198e-05
GCGAATC.,GCGAATCC,60,7,RAND,C,-0.2702567358103447,0.6441693841503395
GCGAATC.,GCGAATCG,60,7,AFF,G,0.5402780080852106,0.0006047330153239452
GCGAATC.,GCGAATCG,60,7,RAND,G,-1.2230697562829569,0.013351536879372796
GCGAATC.,GCGAATCT,60,7,AFF,T,0.7738886394756459,5.3623448276346e-09
GCGAATC.,GCGAATCT,60,7,RAND,T,nan,nan
.GAATCCA,AGAATCCA,61,0,AFF,A,-0.09428336135088443,0.4056252339364008
.GAATCCA,AGAATCCA,61,0,RAND,A,0.7786291578200604,0.40667691507570847
.GAATCCA,CGAATCCA,61,0,AFF,C,0.5623432049762599,7.685217989371564e-11
.GAATCCA,CGAATCCA,61,0,RAND,C,-1.1086295361816139,0.39237704026480413
.GAATCCA,GGAATCCA,61,0,AFF,G,0.8584030744845615,1.1066457190049974e-15
.GAATCCA,GGAATCCA,61,0,RAND,G,nan,nan
.GAATCCA,TGAATCCA,61,0,AFF,T,0.5833680819935181,5.398926626409732e-10
.GAATCCA,TGAATCCA,61,0,RAND,T,-0.580721732089857,0.5588443257205944
C.AATCCA,CAAATCCA,61,1,AFF,A,-0.09428336135088443,0.4056252339364008
C.AATCCA,CAAATCCA,61,1,RAND,A,0.7786291578200604,0.40667691507570847
C.AATCCA,CCAATCCA,61,1,AFF,C,0.5623432049762599,7.685217989371564e-11
C.AATCCA,CCAATCCA,61,1,RAND,C,-1.1086295361816139,0.39237704026480413
C.AATCCA,CGAATCCA,61,1,AFF,G,0.8584030744845615,1.1066457190049974e-15
C.AATCCA,CGAATCCA,61,1,RAND,G,nan,nan
C.AATCCA,CTAATCCA,61,1,AFF,T,0.5833680819935181,5.398926626409732e-10
C.AATCCA,CTAATCCA,61,1,RAND,T,-0.580721732089857,0.5588443257205944
CG.ATCCA,CGAATCCA,61,2,AFF,A,-0.09428336135088443,0.4056252339364008
CG.ATCCA,CGAATCCA,61,2,RAND,A,0.7786291578200604,0.40667691507570847
CG.ATCCA,CGCATCCA,61,2,AFF,C,0.5623432049762599,7.685217989371564e-11
CG.ATCCA,CGCATCCA,61,2,RAND,C,-1.1086295361816139,0.39237704026480413
CG.ATCCA,CGGATCCA,61,2,AFF,G,0.8584030744845615,1.1066457190049974e-15
CG.ATCCA,CGGATCCA,61,2,RAND,G,nan,nan
CG.ATCCA,CGTATCCA,61,2,AFF,T,0.5833680819935181,5.398926626409732e-10
CG.ATCCA,CGTATCCA,61,2,RAND,T,-0.580721732089857,0.5588443257205944
CGA.TCCA,CGAATCCA,61,3,AFF,A,-0.09428336135088443,0.4056252339364008
CGA.TCCA,CGAATCCA,61,3,RAND,A,0.7786291578200604,0.40667691507570847
CGA.TCCA,CGACTCCA,61,3,AFF,C,0.5623432049762599,7.685217989371564e-11
CGA.TCCA,CGACTCCA,61,3,RAND,C,-1.1086295361816139,0.39237704026480413
CGA.TCCA,CGAGTCCA,61,3,AFF,G,0.8584030744845615,1.1066457190049974e-15
CGA.TCCA,CGAGTCCA,61,3,RAND,G,nan,nan
CGA.TCCA,CGATTCCA,61,3,AFF,T,0.5833680819935181,5.398926626409732e-10
CGA.TCCA,CGATTCCA,61,3,RAND,T,-0.580721732089857,0.5588443257205944
CGAA.CCA,CGAAACCA,61,4,AFF,A,-0.09428336135088443,0.4056252339364008
CGAA.CCA,CGAAACCA,61,4,RAND,A,0.7786291578200604,0.40667691507570847
CGAA.CCA,CGAACCCA,61,4,AFF,C,0.5623432049762599,7.685217989371564e-11
CGAA.CCA,CGAACCCA,61,4,RAND,C,-1.1086295361816139,0.39237704026480413
CGAA.CCA,CGAAGCCA,61,4,AFF,G,0.8584030744845615,1.1066457190049974e-15
CGAA.CCA,CGAAGCCA,61,4,RAND,G,nan,nan
CGAA.CCA,CGAATCCA,61,4,AFF,T,0.5833680819935181,5.398926626409732e-10
CGAA.CCA,CGAATCCA,61,4,RAND,T,-0.580721732089857,0.5588443257205944
CGAAT.CA,CGAATACA,61,5,AFF,A,-0.09428336135088443,0.4056252339364008
CGAAT.CA,CGAATACA,61,5,RAND,A,0.7786291578200604,0.40667691507570847
CGAAT.CA,CGAATCCA,61,5,AFF,C,0.5623432049762599,7.685217989371564e-11
CGAAT.CA,CGAATCCA,61,5,RAND,C,-1.1086295361816139,0.39237704026480413
CGAAT.CA,CGAATGCA,61,5,AFF,G,0.8584030744845615,1.1066457190049974e-15
CGAAT.CA,CGAATGCA,61,5,RAND,G,nan,nan
CGAAT.CA,CGAATTCA,61,5,AFF,T,0.5833680819935181,5.398926626409732e-10
CGAAT.CA,CGAATTCA,61,5,RAND,T,-0.580721732089857,0.5588443257205944
CGAATC.A,CGAATCAA,61,6,AFF,A,-0.09428336135088443,0.4056252339364008
CGAATC.A,CGAATCAA,61,6,RAND,A,0.7786291578200604,0.40667691507570847
CGAATC.A,CGAATCCA,61,6,AFF,C,0.5623432049762599,7.685217989371564e-11
CGAATC.A,CGAATCCA,61,6,RAND,C,-1.1086295361816139,0.39237704026480413
CGAATC.A,CGAATCGA,61,6,AFF,G,0.8584030744845615,1.1066457190049974e-15
CGAATC.A,CGAATCGA,61,6,RAND,G,nan,nan
CGAATC.A,CGAATCTA,61,6,AFF,T,0.5833680819935181,5.398926626409732e-10
CGAATC.A,CGAATCTA,61,6,RAND,T,-0.580721732089857,0.5588443257205944
CGAATCC.,CGAATCCA,61,7,AFF,A,-0.09428336135088443,0.4056252339364008
CGAATCC.,CGAATCCA,61,7,RAND,A,0.7786291578200604,0.40667691507570847
CGAATCC.,CGAATCCC,61,7,AFF,C,0.5623432049762599,7.685217989371564e-11
CGAATCC.,CGAATCCC,61,7,RAND,C,-1.1086295361816139,0.39237704026480413
CGAATCC.,CGAATCCG,61,7,AFF,G,0.8584030744845615,1.1066457190049974e-15
CGAATCC.,CGAATCCG,61,7,RAND,G,nan,nan
CGAATCC.,CGAATCCT,61,7,AFF,T,0.5833680819935181,5.398926626409732e-10
CGAATCC.,CGAATCCT,61,7,RAND,T,-0.580721732089857,0.5588443257205944
.AATCCAC,AAATCCAC,62,0,AFF,A,0.004240700605162441,0.9504071066067719
.AATCCAC,AAATCCAC,62,0,RAND,A,0.0184443424531176,0.9750356788774732
.AATCCAC,CAATCCAC,62,0,AFF,C,0.5165780482275698,2.424471048310367e-16
.AATCCAC,CAATCCAC,62,0,RAND,C,0.8667723084381842,0.4514423136506144
.AATCCAC,GAATCCAC,62,0,AFF,G,0.40967487783178197,1.8251153186764516e-14
.AATCCAC,GAATCCAC,62,0,RAND,G,0.47087691331513604,0.37773713243281337
.AATCCAC,TAATCCAC,62,0,AFF,T,0.19851595823108986,0.005333714573353639
.AATCCAC,TAATCCAC,62,0,RAND,T,-0.6251856998768197,0.5658754857634738
G.ATCCAC,GAATCCAC,62,1,AFF,A,0.004240700605162441,0.9504071066067719
G.ATCCAC,GAATCCAC,62,1,RAND,A,0.0184443424531176,0.9750356788774732
G.ATCCAC,GCATCCAC,62,1,AFF,C,0.5165780482275698,2.424471048310367e-16
G.ATCCAC,GCATCCAC,62,1,RAND,C,0.8667723084381842,0.4514423136506144
G.ATCCAC,GGATCCAC,62,1,AFF,G,0.40967487783178197,1.8251153186764516e-14
G.ATCCAC,GGATCCAC,62,1,RAND,G,0.47087691331513604,0.37773713243281337
G.ATCCAC,GTATCCAC,62,1,AFF,T,0.19851595823108986,0.005333714573353639
G.ATCCAC,GTATCCAC,62,1,RAND,T,-0.6251856998768197,0.5658754857634738
GA.TCCAC,GAATCCAC,62,2,AFF,A,0.004240700605162441,0.9504071066067719
GA.TCCAC,GAATCCAC,62,2,RAND,A,0.0184443424531176,0.9750356788774732
GA.TCCAC,GACTCCAC,62,2,AFF,C,0.5165780482275698,2.424471048310367e-16
GA.TCCAC,GACTCCAC,62,2,RAND,C,0.8667723084381842,0.4514423136506144
GA.TCCAC,GAGTCCAC,62,2,AFF,G,0.40967487783178197,1.8251153186764516e-14
GA.TCCAC,GAGTCCAC,62,2,RAND,G,0.47087691331513604,0.37773713243281337
GA.TCCAC,GATTCCAC,62,2,AFF,T,0.19851595823108986,0.005333714573353639
GA.TCCAC,GATTCCAC,62,2,RAND,T,-0.6251856998768197,0.5658754857634738
GAA.CCAC,GAAACCAC,62,3,AFF,A,0.004240700605162441,0.9504071066067719
GAA.CCAC,GAAACCAC,62,3,RAND,A,0.0184443424531176,0.9750356788774732
GAA.CCAC,GAACCCAC,62,3,AFF,C,0.5165780482275698,2.424471048310367e-16
GAA.CCAC,GAACCCAC,62,3,RAND,C,0.8667723084381842,0.4514423136506144
GAA.CCAC,GAAGCCAC,62,3,AFF,G,0.40967487783178197,1.8251153186764516e-14
GAA.CCAC,GAAGCCAC,62,3,RAND,G,0.47087691331513604,0.37773713243281337
GAA.CCAC,GAATCCAC,62,3,AFF,T,0.19851595823108986,0.005333714573353639
GAA.CCAC,GAATCCAC,62,3,RAND,T,-0.6251856998768197,0.5658754857634738
GAAT.CAC,GAATACAC,62,4,AFF,A,0.004240700605162441,0.9504071066067719
GAAT.CAC,GAATACAC,62,4,RAND,A,0.0184443424531176,0.9750356788774732
GAAT.CAC,GAATCCAC,62,4,AFF,C,0.5165780482275698,2.424471048310367e-16
GAAT.CAC,GAATCCAC,62,4,RAND,C,0.8667723084381842,0.4514423136506144
GAAT.CAC,GAATGCAC,62,4,AFF,G,0.40967487783178197,1.8251153186764516e-14
GAAT.CAC,GAATGCAC,62,4,RAND,G,0.47087691331513604,0.37773713243281337
GAAT.CAC,GAATTCAC,62,4,AFF,T,0.19851595823108986,0.005333714573353639
GAAT.CAC,GAATTCAC,62,4,RAND,T,-0.6251856998768197,0.5658754857634738
GAATC.AC,GAATCAAC,62,5,AFF,A,0.004240700605162441,0.9504071066067719
GAATC.AC,GAATCAAC,62,5,RAND,A,0.0184443424531176,0.9750356788774732
GAATC.AC,GAATCCAC,62,5,AFF,C,0.5165780482275698,2.424471048310367e-16
GAATC.AC,GAATCCAC,62,5,RAND,C,0.8667723084381842,0.4514423136506144
GAATC.AC,GAATCGAC,62,5,AFF,G,0.40967487783178197,1.8251153186764516e-14
GAATC.AC,GAATCGAC,62,5,RAND,G,0.47087691331513604,0.37773713243281337
GAATC.AC,GAATCTAC,62,5,AFF,T,0.19851595823108986,0.005333714573353639
GAATC.AC,GAATCTAC,62,5,RAND,T,-0.6251856998768197,0.5658754857634738
GAATCC.C,GAATCCAC,62,6,AFF,A,0.004240700605162441,0.9504071066067719
GAATCC.C,GAATCCAC,62,6,RAND,A,0.0184443424531176,0.9750356788774732
GAATCC.C,GAATCCCC,62,6,AFF,C,0.5165780482275698,2.424471048310367e-16
GAATCC.C,GAATCCCC,62,6,RAND,C,0.8667723084381842,0.4514423136506144
GAATCC.C,GAATCCGC,62,6,AFF,G,0.40967487783178197,1.8251153186764516e-14
GAATCC.C,GAATCCGC,62,6,RAND,G,0.47087691331513604,0.37773713243281337
GAATCC.C,GAATCCTC,62,6,AFF,T,0.19851595823108986,0.005333714573353639
GAATCC.C,GAATCCTC,62,6,RAND,T,-0.6251856998768197,0.5658754857634738
GAATCCA.,GAATCCAA,62,7,AFF,A,0.004240700605162441,0.9504071066067719
GAATCCA.,GAATCCAA,62,7,RAND,A,0.0184443424531176,0.9750356788774732
GAATCCA.,GAATCCAC,62,7,AFF,C,0.5165780482275698,2.424471048310367e-16
GAATCCA.,GAATCCAC,62,7,RAND,C,0.8667723084381842,0.4514423136506144
GAATCCA.,GAATCCAG,62,7,AFF,G,0.40967487783178197,1.8251153186764516e-14
GAATCCA.,GAATCCAG,62,7,RAND,G,0.47087691331513604,0.37773713243281337
GAATCCA.,GAATCCAT,62,7,AFF,T,0.19851595823108986,0.005333714573353639
GAATCCA.,GAATCCAT,62,7,RAND,T,-0.6251856998768197,0.5658754857634738
.ATCCACT,AATCCACT,63,0,AFF,A,-0.05059500829411255,0.401317240243253
.ATCCACT,AATCCACT,63,0,RAND,A,-0.1792103539890656,0.8441921529278226
.ATCCACT,CATCCACT,63,0,AFF,C,0.4301827144094422,3.656458613156211e-12
.ATCCACT,CATCCACT,63,0,RAND,C,0.7540590703496015,0.15519996478063766
.ATCCACT,GATCCACT,63,0,AFF,G,0.5674047275140991,2.269826147228482e-10
.ATCCACT,GATCCACT,63,0,RAND,G,0.31466592851811237,0.6787846159279703
.ATCCACT,TATCCACT,63,0,AFF,T,0.07247798395558143,0.2622235484024198
.ATCCACT,TATCCACT,63,0,RAND,T,nan,nan
A.TCCACT,AATCCACT,63,1,AFF,A,-0.05059500829411255,0.401317240243253
A.TCCACT,AATCCACT,63,1,RAND,A,-0.1792103539890656,0.8441921529278226
A.TCCACT,ACTCCACT,63,1,AFF,C,0.4301827144094422,3.656458613156211e-12
A.TCCACT,ACTCCACT,63,1,RAND,C,0.7540590703496015,0.15519996478063766
A.TCCACT,AGTCCACT,63,1,AFF,G,0.5674047275140991,2.269826147228482e-10
A.TCCACT,AGTCCACT,63,1,RAND,G,0.31466592851811237,0.6787846159279703
A.TCCACT,ATTCCACT,63,1,AFF,T,0.07247798395558143,0.2622235484024198
A.TCCACT,ATTCCACT,63,1,RAND,T,nan,nan
AA.CCACT,AAACCACT,63,2,AFF,A,-0.05059500829411255,0.401317240243253
AA.CCACT,AAACCACT,63,2,RAND,A,-0.1792103539890656,0.8441921529278226
AA.CCACT,AACCCACT,63,2,AFF,C,0.4301827144094422,3.656458613156211e-12
AA.CCACT,AACCCACT,63,2,RAND,C,0.7540590703496015,0.15519996478063766
AA.CCACT,AAGCCACT,63,2,AFF,G,0.5674047275140991,2.269826147228482e-10
AA.CCACT,AAGCCACT,63,2,RAND,G,0.31466592851811237,0.6787846159279703
AA.CCACT,AATCCACT,63,2,AFF,T,0.07247798395558143,0.2622235484024198
AA.CCACT,AATCCACT,63,2,RAND,T,nan,nan
AAT.CACT,AATACACT,63,3,AFF,A,-0.05059500829411255,0.401317240243253
AAT.CACT,AATACACT,63,3,RAND,A,-0.1792103539890656,0.8441921529278226
AAT.CACT,AATCCACT,63,3,AFF,C,0.4301827144094422,3.656458613156211e-12
AAT.CACT,AATCCACT,63,3,RAND,C,0.7540590703496015,0.15519996478063766
AAT.CACT,AATGCACT,63,3,AFF,G,0.5674047275140991,2.269826147228482e-10
AAT.CACT,AATGCACT,63,3,RAND,G,0.31466592851811237,0.6787846159279703
AAT.CACT,AATTCACT,63,3,AFF,T,0.07247798395558143,0.2622235484024198
AAT.CACT,AATTCACT,63,3,RAND,T,nan,nan
AATC.ACT,AATCAACT,63,4,AFF,A,-0.05059500829411255,0.401317240243253
AATC.ACT,AATCAACT,63,4,RAND,A,-0.1792103539890656,0.8441921529278226
AATC.ACT,AATCCACT,63,4,AFF,C,0.4301827144094422,3.656458613156211e-12
AATC.ACT,AATCCACT,63,4,RAND,C,0.7540590703496015,0.15519996478063766
AATC.ACT,AATCGACT,63,4,AFF,G,0.5674047275140991,2.269826147228482e-10
AATC.ACT,AATCGACT,63,4,RAND,G,0.31466592851811237,0.6787846159279703
AATC.ACT,AATCTACT,63,4,AFF,T,0.07247798395558143,0.2622235484024198
AATC.ACT,AATCTACT,63,4,RAND,T,nan,nan
AATCC.CT,AATCCACT,63,5,AFF,A,-0.05059500829411255,0.401317240243253
AATCC.CT,AATCCACT,63,5,RAND,A,-0.1792103539890656,0.8441921529278226
AATCC.CT,AATCCCCT,63,5,AFF,C,0.4301827144094422,3.656458613156211e-12
AATCC.CT,AATCCCCT,63,5,RAND,C,0.7540590703496015,0.15519996478063766
AATCC.CT,AATCCGCT,63,5,AFF,G,0.5674047275140991,2.269826147228482e-10
AATCC.CT,AATCCGCT,63,5,RAND,G,0.31466592851811237,0.6787846159279703
AATCC.CT,AATCCTCT,63,5,AFF,T,0.07247798395558143,0.2622235484024198
AATCC.CT,AATCCTCT,63,5,RAND,T,nan,nan
AATCCA.T,AATCCAAT,63,6,AFF,A,-0.05059500829411255,0.401317240243253
AATCCA.T,AATCCAAT,63,6,RAND,A,-0.1792103539890656,0.8441921529278226
AATCCA.T,AATCCACT,63,6,AFF,C,0.4301827144094422,3.656458613156211e-12
AATCCA.T,AATCCACT,63,6,RAND,C,0.7540590703496015,0.15519996478063766
AATCCA.T,AATCCAGT,63,6,AFF,G,0.5674047275140991,2.269826147228482e-10
AATCCA.T,AATCCAGT,63,6,RAND,G,0.31466592851811237,0.6787846159279703
AATCCA.T,AATCCATT,63,6,AFF,T,0.07247798395558143,0.2622235484024198
AATCCA.T,AATCCATT,63,6,RAND,T,nan,nan
AATCCAC.,AATCCACA,63,7,AFF,A,-0.05059500829411255,0.401317240243253
AATCCAC.,AATCCACA,63,7,RAND,A,-0.1792103539890656,0.8441921529278226
AATCCAC.,AATCCACC,63,7,AFF,C,0.4301827144094422,3.656458613156211e-12
AATCCAC.,AATCCACC,63,7,RAND,C,0.7540590703496015,0.15519996478063766
AATCCAC.,AATCCACG,63,7,AFF,G,0.5674047275140991,2.269826147228482e-10
AATCCAC.,AATCCACG,63,7,RAND,G,0.31466592851811237,0.6787846159279703
AATCCAC.,AATCCACT,63,7,AFF,T,0.07247798395558143,0.2622235484024198
AATCCAC.,AATCCACT,63,7,RAND,T,nan,nan
.TCCACTG,ATCCACTG,64,0,AFF,A,-0.16378463712479271,0.027402249019377645
.TCCACTG,ATCCACTG,64,0,RAND,A,-0.36919417507805363,0.7570270288490665
.TCCACTG,CTCCACTG,64,0,AFF,C,0.47252761764733264,1.3120578607286462e-14
.TCCACTG,CTCCACTG,64,0,RAND,C,-0.23087842883095722,0.743835291744877
.TCCACTG,GTCCACTG,64,0,AFF,G,0.282046973793512,8.772468774379555e-07
.TCCACTG,GTCCACTG,64,0,RAND,G,0.13482651942986415,0.7990395838743725
.TCCACTG,TTCCACTG,64,0,AFF,T,0.46305835761283176,2.0503621839712774e-13
.TCCACTG,TTCCACTG,64,0,RAND,T,0.8976589013847696,0.09248110442339276
A.CCACTG,AACCACTG,64,1,AFF,A,-0.16378463712479271,0.027402249019377645
A.CCACTG,AACCACTG,64,1,RAND,A,-0.36919417507805363,0.7570270288490665
A.CCACTG,ACCCACTG,64,1,AFF,C,0.47252761764733264,1.3120578607286462e-14
A.CCACTG,ACCCACTG,64,1,RAND,C,-0.23087842883095722,0.743835291744877
A.CCACTG,AGCCACTG,64,1,AFF,G,0.282046973793512,8.772468774379555e-07
A.CCACTG,AGCCACTG,64,1,RAND,G,0.13482651942986415,0.7990395838743725
A.CCACTG,ATCCACTG,64,1,AFF,T,0.46305835761283176,2.0503621839712774e-13
A.CCACTG,ATCCACTG,64,1,RAND,T,0.8976589013847696,0.09248110442339276
AT.CACTG,ATACACTG,64,2,AFF,A,-0.16378463712479271,0.027402249019377645
AT.CACTG,ATACACTG,64,2,RAND,A,-0.36919417507805363,0.7570270288490665
AT.CACTG,ATCCACTG,64,2,AFF,C,0.47252761764733264,1.3120578607286462e-14
AT.CACTG,ATCCACTG,64,2,RAND,C,-0.23087842883095722,0.743835291744877
AT.CACTG,ATGCACTG,64,2,AFF,G,0.282046973793512,8.772468774379555e-07
AT.CACTG,ATGCACTG,64,2,RAND,G,0.13482651942986415,0.7990395838743725
AT.CACTG,ATTCACTG,64,2,AFF,T,0.46305835761283176,2.0503621839712774e-13
AT.CACTG,ATTCACTG,64,2,RAND,T,0.8976589013847696,0.09248110442339276
ATC.ACTG,ATCAACTG,64,3,AFF,A,-0.16378463712479271,0.027402249019377645
ATC.ACTG,ATCAACTG,64,3,RAND,A,-0.36919417507805363,0.7570270288490665
ATC.ACTG,ATCCACTG,64,3,AFF,C,0.47252761764733264,1.3120578607286462e-14
ATC.ACTG,ATCCACTG,64,3,RAND,C,-0.23087842883095722,0.743835291744877
ATC.ACTG,ATCGACTG,64,3,AFF,G,0.282046973793512,8.772468774379555e-07
ATC.ACTG,ATCGACTG,64,3,RAND,G,0.13482651942986415,0.7990395838743725
ATC.ACTG,ATCTACTG,64,3,AFF,T,0.46305835761283176,2.0503621839712774e-13
ATC.ACTG,ATCTACTG,64,3,RAND,T,0.8976589013847696,0.09248110442339276
ATCC.CTG,ATCCACTG,64,4,AFF,A,-0.16378463712479271,0.027402249019377645
ATCC.CTG,ATCCACTG,64,4,RAND,A,-0.36919417507805363,0.7570270288490665
ATCC.CTG,ATCCCCTG,64,4,AFF,C,0.47252761764733264,1.3120578607286462e-14
ATCC.CTG,ATCCCCTG,64,4,RAND,C,-0.23087842883095722,0.743835291744877
ATCC.CTG,ATCCGCTG,64,4,AFF,G,0.282046973793512,8.772468774379555e-07
ATCC.CTG,ATCCGCTG,64,4,RAND,G,0.13482651942986415,0.7990395838743725
ATCC.CTG,ATCCTCTG,64,4,AFF,T,0.46305835761283176,2.0503621839712774e-13
ATCC.CTG,ATCCTCTG,64,4,RAND,T,0.8976589013847696,0.09248110442339276
ATCCA.TG,ATCCAATG,64,5,AFF,A,-0.16378463712479271,0.027402249019377645
ATCCA.TG,ATCCAATG,64,5,RAND,A,-0.36919417507805363,0.7570270288490665
ATCCA.TG,ATCCACTG,64,5,AFF,C,0.47252761764733264,1.3120578607286462e-14
ATCCA.TG,ATCCACTG,64,5,RAND,C,-0.23087842883095722,0.743835291744877
ATCCA.TG,ATCCAGTG,64,5,AFF,G,0.282046973793512,8.772468774379555e-07
ATCCA.TG,ATCCAGTG,64,5,RAND,G,0.13482651942986415,0.7990395838743725
ATCCA.TG,ATCCATTG,64,5,AFF,T,0.46305835761283176,2.0503621839712774e-13
ATCCA.TG,ATCCATTG,64,5,RAND,T,0.8976589013847696,0.09248110442339276
ATCCAC.G,ATCCACAG,64,6,AFF,A,-0.16378463712479271,0.027402249019377645
ATCCAC.G,ATCCACAG,64,6,RAND,A,-0.36919417507805363,0.7570270288490665
ATCCAC.G,ATCCACCG,64,6,AFF,C,0.47252761764733264,1.3120578607286462e-14
ATCCAC.G,ATCCACCG,64,6,RAND,C,-0.23087842883095722,0.743835291744877
ATCCAC.G,ATCCACGG,64,6,AFF,G,0.282046973793512,8.772468774379555e-07
ATCCAC.G,ATCCACGG,64,6,RAND,G,0.13482651942986415,0.7990395838743725
ATCCAC.G,ATCCACTG,64,6,AFF,T,0.46305835761283176,2.0503621839712774e-13
ATCCAC.G,ATCCACTG,64,6,RAND,T,0.8976589013847696,0.09248110442339276
ATCCACT.,ATCCACTA,64,7,AFF,A,-0.16378463712479271,0.027402249019377645
ATCCACT.,ATCCACTA,64,7,RAND,A,-0.36919417507805363,0.7570270288490665
ATCCACT.,ATCCACTC,64,7,AFF,C,0.47252761764733264,1.3120578607286462e-14
ATCCACT.,ATCCACTC,64,7,RAND,C,-0.23087842883095722,0.743835291744877
ATCCACT.,ATCCACTG,64,7,AFF,G,0.282046973793512,8.772468774379555e-07
ATCCACT.,ATCCACTG,64,7,RAND,G,0.13482651942986415,0.7990395838743725
ATCCACT.,ATCCACTT,64,7,AFF,T,0.46305835761283176,2.0503621839712774e-13
ATCCACT.,ATCCACTT,64,7,RAND,T,0.8976589013847696,0.09248110442339276
.CCACTGG,ACCACTGG,65,0,AFF,A,0.38039065866143373,2.506625074160457e-15
.CCACTGG,ACCACTGG,65,0,RAND,A,0.5120618709803209,0.47426748787670603
.CCACTGG,CCCACTGG,65,0,AFF,C,0.16081501603621776,0.00010185429913128451
.CCACTGG,CCCACTGG,65,0,RAND,C,-0.4218164678583316,0.6190665512001229
.CCACTGG,GCCACTGG,65,0,AFF,G,0.38009653690871503,2.41474430781372e-20
.CCACTGG,GCCACTGG,65,0,RAND,G,0.958981012989107,0.46842401501880226
.CCACTGG,TCCACTGG,65,0,AFF,T,0.24438573403622743,2.5466936828567936e-07
.CCACTGG,TCCACTGG,65,0,RAND,T,-0.8891852451193057,0.33236161283674825
T.CACTGG,TACACTGG,65,1,AFF,A,0.38039065866143373,2.506625074160457e-15
T.CACTGG,TACACTGG,65,1,RAND,A,0.5120618709803209,0.47426748787670603
T.CACTGG,TCCACTGG,65,1,AFF,C,0.16081501603621776,0.00010185429913128451
T.CACTGG,TCCACTGG,65,1,RAND,C,-0.4218164678583316,0.6190665512001229
T.CACTGG,TGCACTGG,65,1,AFF,G,0.38009653690871503,2.41474430781372e-20
T.CACTGG,TGCACTGG,65,1,RAND,G,0.958981012989107,0.46842401501880226
T.CACTGG,TTCACTGG,65,1,AFF,T,0.24438573403622743,2.5466936828567936e-07
T.CACTGG,TTCACTGG,65,1,RAND,T,-0.8891852451193057,0.33236161283674825
TC.ACTGG,TCAACTGG,65,2,AFF,A,0.38039065866143373,2.506625074160457e-15
TC.ACTGG,TCAACTGG,65,2,RAND,A,0.5120618709803209,0.47426748787670603
TC.ACTGG,TCCACTGG,65,2,AFF,C,0.16081501603621776,0.00010185429913128451
TC.ACTGG,TCCACTGG,65,2,RAND,C,-0.4218164678583316,0.6190665512001229
TC.ACTGG,TCGACTGG,65,2,AFF,G,0.38009653690871503,2.41474430781372e-20
TC.ACTGG,TCGACTGG,65,2,RAND,G,0.958981012989107,0.46842401501880226
TC.ACTGG,TCTACTGG,65,2,AFF,T,0.24438573403622743,2.5466936828567936e-07
TC.ACTGG,TCTACTGG,65,2,RAND,T,-0.8891852451193057,0.33236161283674825
TCC.CTGG,TCCACTGG,65,3,AFF,A,0.38039065866143373,2.506625074160457e-15
TCC.CTGG,TCCACTGG,65,3,RAND,A,0.5120618709803209,0.47426748787670603
TCC.CTGG,TCCCCTGG,65,3,AFF,C,0.16081501603621776,0.00010185429913128451
TCC.CTGG,TCCCCTGG,65,3,RAND,C,-0.4218164678583316,0.6190665512001229
TCC.CTGG,TCCGCTGG,65,3,AFF,G,0.38009653690871503,2.41474430781372e-20
TCC.CTGG,TCCGCTGG,65,3,RAND,G,0.958981012989107,0.46842401501880226
TCC.CTGG,TCCTCTGG,65,3,AFF,T,0.24438573403622743,2.5466936828567936e-07
TCC.CTGG,TCCTCTGG,65,3,RAND,T,-0.8891852451193057,0.33236161283674825
TCCA.TGG,TCCAATGG,65,4,AFF,A,0.38039065866143373,2.506625074160457e-15
TCCA.TGG,TCCAATGG,65,4,RAND,A,0.5120618709803209,0.47426748787670603
TCCA.TGG,TCCACTGG,65,4,AFF,C,0.16081501603621776,0.00010185429913128451
TCCA.TGG,TCCACTGG,65,4,RAND,C,-0.4218164678583316,0.6190665512001229
TCCA.TGG,TCCAGTGG,65,4,AFF,G,0.38009653690871503,2.41474430781372e-20
TCCA.TGG,TCCAGTGG,65,4,RAND,G,0.958981012989107,0.46842401501880226
TCCA.TGG,TCCATTGG,65,4,AFF,T,0.24438573403622743,2.5466936828567936e-07
TCCA.TGG,TCCATTGG,65,4,RAND,T,-0.8891852451193057,0.33236161283674825
TCCAC.GG,TCCACAGG,65,5,AFF,A,0.38039065866143373,2.506625074160457e-15
TCCAC.GG,TCCACAGG,65,5,RAND,A,0.5120618709803209,0.47426748787670603
TCCAC.GG,TCCACCGG,65,5,AFF,C,0.16081501603621776,0.00010185429913128451
TCCAC.GG,TCCACCGG,65,5,RAND,C,-0.4218164678583316,0.6190665512001229
TCCAC.GG,TCCACGGG,65,5,AFF,G,0.38009653690871503,2.41474430781372e-20
TCCAC.GG,TCCACGGG,65,5,RAND,G,0.958981012989107,0.46842401501880226
TCCAC.GG,TCCACTGG,65,5,AFF,T,0.24438573403622743,2.5466936828567936e-07
TCCAC.GG,TCCACTGG,65,5,RAND,T,-0.8891852451193057,0.33236161283674825
TCCACT.G,TCCACTAG,65,6,AFF,A,0.38039065866143373,2.506625074160457e-15
TCCACT.G,TCCACTAG,65,6,RAND,A,0.5120618709803209,0.47426748787670603
TCCACT.G,TCCACTCG,65,6,AFF,C,0.16081501603621776,0.00010185429913128451
TCCACT.G,TCCACTCG,65,6,RAND,C,-0.4218164678583316,0.6190665512001229
TCCACT.G,TCCACTGG,65,6,AFF,G,0.38009653690871503,2.41474430781372e-20
TCCACT.G,TCCACTGG,65,6,RAND,G,0.958981012989107,0.46842401501880226
TCCACT.G,TCCACTTG,65,6,AFF,T,0.24438573403622743,2.5466936828567936e-07
TCCACT.G,TCCACTTG,65,6,RAND,T,-0.8891852451193057,0.33236161283674825
TCCACTG.,TCCACTGA,65,7,AFF,A,0.38039065866143373,2.506625074160457e-15
TCCACTG.,TCCACTGA,65,7,RAND,A,0.5120618709803209,0.47426748787670603
TCCACTG.,TCCACTGC,65,7,AFF,C,0.16081501603621776,0.00010185429913128451
TCCACTG.,TCCACTGC,65,7,RAND,C,-0.4218164678583316,0.6190665512001229
TCCACTG.,TCCACTGG,65,7,AFF,G,0.38009653690871503,2.41474430781372e-20
TCCACTG.,TCCACTGG,65,7,RAND,G,0.958981012989107,0.46842401501880226
TCCACTG.,TCCACTGT,65,7,AFF,T,0.24438573403622743,2.5466936828567936e-07
TCCACTG.,TCCACTGT,65,7,RAND,T,-0.8891852451193057,0.33236161283674825
.CACTGGG,ACACTGGG,66,0,AFF,A,0.27620648391612534,1.9878131617200894e-13
.CACTGGG,ACACTGGG,66,0,RAND,A,0.054040764453039125,0.9044550411929234
.CACTGGG,CCACTGGG,66,0,AFF,C,0.564583800075029,1.0144778452468285e-55
.CACTGGG,CCACTGGG,66,0,RAND,C,0.7988864988917854,0.04859646948596097
.CACTGGG,GCACTGGG,66,0,AFF,G,0.15458508212870392,4.145767701297858e-07
.CACTGGG,GCACTGGG,66,0,RAND,G,0.2738513259042396,0.5300512681616422
.CACTGGG,TCACTGGG,66,0,AFF,T,0.16734640488477445,0.0002311240415849113
.CACTGGG,TCACTGGG,66,0,RAND,T,-0.052521888244898784,0.9587412286210977
C.ACTGGG,CAACTGGG,66,1,AFF,A,0.27620648391612534,1.9878131617200894e-13
C.ACTGGG,CAACTGGG,66,1,RAND,A,0.054040764453039125,0.9044550411929234
C.ACTGGG,CCACTGGG,66,1,AFF,C,0.564583800075029,1.0144778452468285e-55
C.ACTGGG,CCACTGGG,66,1,RAND,C,0.7988864988917854,0.04859646948596097
C.ACTGGG,CGACTGGG,66,1,AFF,G,0.15458508212870392,4.145767701297858e-07
C.ACTGGG,CGACTGGG,66,1,RAND,G,0.2738513259042396,0.5300512681616422
C.ACTGGG,CTACTGGG,66,1,AFF,T,0.16734640488477445,0.0002311240415849113
C.ACTGGG,CTACTGGG,66,1,RAND,T,-0.052521888244898784,0.9587412286210977
CC.CTGGG,CCACTGGG,66,2,AFF,A,0.27620648391612534,1.9878131617200894e-13
CC.CTGGG,CCACTGGG,66,2,RAND,A,0.054040764453039125,0.9044550411929234
CC.CTGGG,CCCCTGGG,66,2,AFF,C,0.564583800075029,1.0144778452468285e-55
CC.CTGGG,CCCCTGGG,66,2,RAND,C,0.7988864988917854,0.04859646948596097
CC.CTGGG,CCGCTGGG,66,2,AFF,G,0.15458508212870392,4.145767701297858e-07
CC.CTGGG,CCGCTGGG,66,2,RAND,G,0.2738513259042396,0.5300512681616422
CC.CTGGG,CCTCTGGG,66,2,AFF,T,0.16734640488477445,0.0002311240415849113
CC.CTGGG,CCTCTGGG,66,2,RAND,T,-0.052521888244898784,0.9587412286210977
CCA.TGGG,CCAATGGG,66,3,AFF,A,0.27620648391612534,1.9878131617200894e-13
CCA.TGGG,CCAATGGG,66,3,RAND,A,0.054040764453039125,0.9044550411929234
CCA.TGGG,CCACTGGG,66,3,AFF,C,0.564583800075029,1.0144778452468285e-55
CCA.TGGG,CCACTGGG,66,3,RAND,C,0.7988864988917854,0.04859646948596097
CCA.TGGG,CCAGTGGG,66,3,AFF,G,0.15458508212870392,4.145767701297858e-07
CCA.TGGG,CCAGTGGG,66,3,RAND,G,0.2738513259042396,0.5300512681616422
CCA.TGGG,CCATTGGG,66,3,AFF,T,0.16734640488477445,0.0002311240415849113
CCA.TGGG,CCATTGGG,66,3,RAND,T,-0.052521888244898784,0.9587412286210977
CCAC.GGG,CCACAGGG,66,4,AFF,A,0.27620648391612534,1.9878131617200894e-13
CCAC.GGG,CCACAGGG,66,4,RAND,A,0.054040764453039125,0.9044550411929234
CCAC.GGG,CCACCGGG,66,4,AFF,C,0.564583800075029,1.0144778452468285e-55
CCAC.GGG,CCACCGGG,66,4,RAND,C,0.7988864988917854,0.04859646948596097
CCAC.GGG,CCACGGGG,66,4,AFF,G,0.15458508212870392,4.145767701297858e-07
CCAC.GGG,CCACGGGG,66,4,RAND,G,0.2738513259042396,0.5300512681616422
CCAC.GGG,CCACTGGG,66,4,AFF,T,0.16734640488477445,0.0002311240415849113
CCAC.GGG,CCACTGGG,66,4,RAND,T,-0.052521888244898784,0.9587412286210977
CCACT.GG,CCACTAGG,66,5,AFF,A,0.27620648391612534,1.9878131617200894e-13
CCACT.GG,CCACTAGG,66,5,RAND,A,0.054040764453039125,0.9044550411929234
CCACT.GG,CCACTCGG,66,5,AFF,C,0.564583800075029,1.0144778452468285e-55
CCACT.GG,CCACTCGG,66,5,RAND,C,0.7988864988917854,0.04859646948596097
CCACT.GG,CCACTGGG,66,5,AFF,G,0.15458508212870392,4.145767701297858e-07
CCACT.GG,CCACTGGG,66,5,RAND,G,0.2738513259042396,0.5300512681616422
CCACT.GG,CCACTTGG,66,5,AFF,T,0.16734640488477445,0.0002311240415849113
CCACT.GG,CCACTTGG,66,5,RAND,T,-0.052521888244898784,0.9587412286210977
CCACTG.G,CCACTGAG,66,6,AFF,A,0.27620648391612534,1.9878131617200894e-13
CCACTG.G,CCACTGAG,66,6,RAND,A,0.054040764453039125,0.9044550411929234
CCACTG.G,CCACTGCG,66,6,AFF,C,0.564583800075029,1.0144778452468285e-55
CCACTG.G,CCACTGCG,66,6,RAND,C,0.7988864988917854,0.04859646948596097
CCACTG.G,CCACTGGG,66,6,AFF,G,0.15458508212870392,4.145767701297858e-07
CCACTG.G,CCACTGGG,66,6,RAND,G,0.2738513259042396,0.5300512681616422
CCACTG.G,CCACTGTG,66,6,AFF,T,0.16734640488477445,0.0002311240415849113
CCACTG.G,CCACTGTG,66,6,RAND,T,-0.052521888244898784,0.9587412286210977
CCACTGG.,CCACTGGA,66,7,AFF,A,0.27620648391612534,1.9878131617200894e-13
CCACTGG.,CCACTGGA,66,7,RAND,A,0.054040764453039125,0.9044550411929234
CCACTGG.,CCACTGGC,66,7,AFF,C,0.564583800075029,1.0144778452468285e-55
CCACTGG.,CCACTGGC,66,7,RAND,C,0.7988864988917854,0.04859646948596097
CCACTGG.,CCACTGGG,66,7,AFF,G,0.15458508212870392,4.145767701297858e-07
CCACTGG.,CCACTGGG,66,7,RAND,G,0.2738513259042396,0.5300512681616422
CCACTGG.,CCACTGGT,66,7,AFF,T,0.16734640488477445,0.0002311240415849113
CCACTGG.,CCACTGGT,66,7,RAND,T,-0.052521888244898784,0.9587412286210977
.ACTGGGA,AACTGGGA,67,0,AFF,A,0.3700124895036954,5.575093894692795e-29
.ACTGGGA,AACTGGGA,67,0,RAND,A,-0.010201003118656404,0.9878538458180696
.ACTGGGA,CACTGGGA,67,0,AFF,C,0.4492036733101188,1.0747400317984135e-42
.ACTGGGA,CACTGGGA,67,0,RAND,C,0.5899723619482964,0.18310544061042422
.ACTGGGA,GACTGGGA,67,0,AFF,G,0.3421345650383806,3.203725705532508e-30
.ACTGGGA,GACTGGGA,67,0,RAND,G,1.3336892571709837,0.00028845006630756257
.ACTGGGA,TACTGGGA,67,0,AFF,T,0.0016472841886860587,0.9644889858382498
.ACTGGGA,TACTGGGA,67,0,RAND,T,-0.3418408239582892,0.5032944823784025
C.CTGGGA,CACTGGGA,67,1,AFF,A,0.3700124895036954,5.575093894692795e-29
C.CTGGGA,CACTGGGA,67,1,RAND,A,-0.010201003118656404,0.9878538458180696
C.CTGGGA,CCCTGGGA,67,1,AFF,C,0.4492036733101188,1.0747400317984135e-42
C.CTGGGA,CCCTGGGA,67,1,RAND,C,0.5899723619482964,0.18310544061042422
C.CTGGGA,CGCTGGGA,67,1,AFF,G,0.3421345650383806,3.203725705532508e-30
C.CTGGGA,CGCTGGGA,67,1,RAND,G,1.3336892571709837,0.00028845006630756257
C.CTGGGA,CTCTGGGA,67,1,AFF,T,0.0016472841886860587,0.9644889858382498
C.CTGGGA,CTCTGGGA,67,1,RAND,T,-0.3418408239582892,0.5032944823784025
CA.TGGGA,CAATGGGA,67,2,AFF,A,0.3700124895036954,5.575093894692795e-29
CA.TGGGA,CAATGGGA,67,2,RAND,A,-0.010201003118656404,0.9878538458180696
CA.TGGGA,CACTGGGA,67,2,AFF,C,0.4492036733101188,1.0747400317984135e-42
CA.TGGGA,CACTGGGA,67,2,RAND,C,0.5899723619482964,0.18310544061042422
CA.TGGGA,CAGTGGGA,67,2,AFF,G,0.3421345650383806,3.203725705532508e-30
CA.TGGGA,CAGTGGGA,67,2,RAND,G,1.3336892571709837,0.00028845006630756257
CA.TGGGA,CATTGGGA,67,2,AFF,T,0.0016472841886860587,0.9644889858382498
CA.TGGGA,CATTGGGA,67,2,RAND,T,-0.3418408239582892,0.5032944823784025
CAC.GGGA,CACAGGGA,67,3,AFF,A,0.3700124895036954,5.575093894692795e-29
CAC.GGGA,CACAGGGA,67,3,RAND,A,-0.010201003118656404,0.9878538458180696
CAC.GGGA,CACCGGGA,67,3,AFF,C,0.4492036733101188,1.0747400317984135e-42
CAC.GGGA,CACCGGGA,67,3,RAND,C,0.5899723619482964,0.18310544061042422
CAC.GGGA,CACGGGGA,67,3,AFF,G,0.3421345650383806,3.203725705532508e-30
CAC.GGGA,CACGGGGA,67,3,RAND,G,1.3336892571709837,0.00028845006630756257
CAC.GGGA,CACTGGGA,67,3,AFF,T,0.0016472841886860587,0.9644889858382498
CAC.GGGA,CACTGGGA,67,3,RAND,T,-0.3418408239582892,0.5032944823784025
CACT.GGA,CACTAGGA,67,4,AFF,A,0.3700124895036954,5.575093894692795e-29
CACT.GGA,CACTAGGA,67,4,RAND,A,-0.010201003118656404,0.9878538458180696
CACT.GGA,CACTCGGA,67,4,AFF,C,0.4492036733101188,1.0747400317984135e-42
CACT.GGA,CACTCGGA,67,4,RAND,C,0.5899723619482964,0.18310544061042422
CACT.GGA,CACTGGGA,67,4,AFF,G,0.3421345650383806,3.203725705532508e-30
CACT.GGA,CACTGGGA,67,4,RAND,G,1.3336892571709837,0.00028845006630756257
CACT.GGA,CACTTGGA,67,4,AFF,T,0.0016472841886860587,0.9644889858382498
CACT.GGA,CACTTGGA,67,4,RAND,T,-0.3418408239582892,0.5032944823784025
CACTG.GA,CACTGAGA,67,5,AFF,A,0.3700124895036954,5.575093894692795e-29
CACTG.GA,CACTGAGA,67,5,RAND,A,-0.010201003118656404,0.9878538458180696
CACTG.GA,CACTGCGA,67,5,AFF,C,0.4492036733101188,1.0747400317984135e-42
CACTG.GA,CACTGCGA,67,5,RAND,C,0.5899723619482964,0.18310544061042422
CACTG.GA,CACTGGGA,67,5,AFF,G,0.3421345650383806,3.203725705532508e-30
CACTG.GA,CACTGGGA,67,5,RAND,G,1.3336892571709837,0.00028845006630756257
CACTG.GA,CACTGTGA,67,5,AFF,T,0.0016472841886860587,0.9644889858382498
CACTG.GA,CACTGTGA,67,5,RAND,T,-0.3418408239582892,0.5032944823784025
CACTGG.A,CACTGGAA,67,6,AFF,A,0.3700124895036954,5.575093894692795e-29
CACTGG.A,CACTGGAA,67,6,RAND,A,-0.010201003118656404,0.9878538458180696
CACTGG.A,CACTGGCA,67,6,AFF,C,0.4492036733101188,1.0747400317984135e-42
CACTGG.A,CACTGGCA,67,6,RAND,C,0.5899723619482964,0.18310544061042422
CACTGG.A,CACTGGGA,67,6,AFF,G,0.3421345650383806,3.203725705532508e-30
CACTGG.A,CACTGGGA,67,6,RAND,G,1.3336892571709837,0.00028845006630756257
CACTGG.A,CACTGGTA,67,6,AFF,T,0.0016472841886860587,0.9644889858382498
CACTGG.A,CACTGGTA,67,6,RAND,T,-0.3418408239582892,0.5032944823784025
CACTGGG.,CACTGGGA,67,7,AFF,A,0.3700124895036954,5.575093894692795e-29
CACTGGG.,CACTGGGA,67,7,RAND,A,-0.010201003118656404,0.9878538458180696
CACTGGG.,CACTGGGC,67,7,AFF,C,0.4492036733101188,1.0747400317984135e-42
CACTGGG.,CACTGGGC,67,7,RAND,C,0.5899723619482964,0.18310544061042422
CACTGGG.,CACTGGGG,67,7,AFF,G,0.3421345650383806,3.203725705532508e-30
CACTGGG.,CACTGGGG,67,7,RAND,G,1.3336892571709837,0.00028845006630756257
CACTGGG.,CACTGGGT,67,7,AFF,T,0.0016472841886860587,0.9644889858382498
CACTGGG.,CACTGGGT,67,7,RAND,T,-0.3418408239582892,0.5032944823784025
.CTGGGAG,ACTGGGAG,68,0,AFF,A,0.30784245795228654,9.139142479217108e-15
.CTGGGAG,ACTGGGAG,68,0,RAND,A,0.8720977192769837,0.07285208742527823
.CTGGGAG,CCTGGGAG,68,0,AFF,C,0.36568208357879584,9.173208530013584e-15
.CTGGGAG,CCTGGGAG,68,0,RAND,C,0.4983703857783197,0.5124911937956944
.CTGGGAG,GCTGGGAG,68,0,AFF,G,0.3701024764159676,1.4629567105558788e-26
.CTGGGAG,GCTGGGAG,68,0,RAND,G,0.7419562633056456,0.056389908878412796
.CTGGGAG,TCTGGGAG,68,0,AFF,T,-0.19204834130694326,0.0003228249808369788
.CTGGGAG,TCTGGGAG,68,0,RAND,T,-0.20777223745132442,0.7638840895343162
A.TGGGAG,AATGGGAG,68,1,AFF,A,0.30784245795228654,9.139142479217108e-15
A.TGGGAG,AATGGGAG,68,1,RAND,A,0.8720977192769837,0.07285208742527823
A.TGGGAG,ACTGGGAG,68,1,AFF,C,0.36568208357879584,9.173208530013584e-15
A.TGGGAG,ACTGGGAG,68,1,RAND,C,0.4983703857783197,0.5124911937956944
A.TGGGAG,AGTGGGAG,68,1,AFF,G,0.3701024764159676,1.4629567105558788e-26
A.TGGGAG,AGTGGGAG,68,1,RAND,G,0.7419562633056456,0.056389908878412796
A.TGGGAG,ATTGGGAG,68,1,AFF,T,-0.19204834130694326,0.0003228249808369788
A.TGGGAG,ATTGGGAG,68,1,RAND,T,-0.20777223745132442,0.7638840895343162
AC.GGGAG,ACAGGGAG,68,2,AFF,A,0.30784245795228654,9.139142479217108e-15
AC.GGGAG,ACAGGGAG,68,2,RAND,A,0.8720977192769837,0.07285208742527823
AC.GGGAG,ACCGGGAG,68,2,AFF,C,0.36568208357879584,9.173208530013584e-15
AC.GGGAG,ACCGGGAG,68,2,RAND,C,0.4983703857783197,0.5124911937956944
AC.GGGAG,ACGGGGAG,68,2,AFF,G,0.3701024764159676,1.4629567105558788e-26
AC.GGGAG,ACGGGGAG,68,2,RAND,G,0.7419562633056456,0.056389908878412796
AC.GGGAG,ACTGGGAG,68,2,AFF,T,-0.19204834130694326,0.0003228249808369788
AC.GGGAG,ACTGGGAG,68,2,RAND,T,-0.20777223745132442,0.7638840895343162
ACT.GGAG,ACTAGGAG,68,3,AFF,A,0.30784245795228654,9.139142479217108e-15
ACT.GGAG,ACTAGGAG,68,3,RAND,A,0.8720977192769837,0.07285208742527823
ACT.GGAG,ACTCGGAG,68,3,AFF,C,0.36568208357879584,9.173208530013584e-15
ACT.GGAG,ACTCGGAG,68,3,RAND,C,0.4983703857783197,0.5124911937956944
ACT.GGAG,ACTGGGAG,68,3,AFF,G,0.3701024764159676,1.4629567105558788e-26
ACT.GGAG,ACTGGGAG,68,3,RAND,G,0.7419562633056456,0.056389908878412796
ACT.GGAG,ACTTGGAG,68,3,AFF,T,-0.19204834130694326,0.0003228249808369788
ACT.GGAG,ACTTGGAG,68,3,RAND,T,-0.20777223745132442,0.7638840895343162
ACTG.GAG,ACTGAGAG,68,4,AFF,A,0.30784245795228654,9.139142479217108e-15
ACTG.GAG,ACTGAGAG,68,4,RAND,A,0.8720977192769837,0.07285208742527823
ACTG.GAG,ACTGCGAG,68,4,AFF,C,0.36568208357879584,9.173208530013584e-15
ACTG.GAG,ACTGCGAG,68,4,RAND,C,0.4983703857783197,0.5124911937956944
ACTG.GAG,ACTGGGAG,68,4,AFF,G,0.3701024764159676,1.4629567105558788e-26
ACTG.GAG,ACTGGGAG,68,4,RAND,G,0.7419562633056456,0.056389908878412796
ACTG.GAG,ACTGTGAG,68,4,AFF,T,-0.19204834130694326,0.0003228249808369788
ACTG.GAG,ACTGTGAG,68,4,RAND,T,-0.20777223745132442,0.7638840895343162
ACTGG.AG,ACTGGAAG,68,5,AFF,A,0.30784245795228654,9.139142479217108e-15
ACTGG.AG,ACTGGAAG,68,5,RAND,A,0.8720977192769837,0.07285208742527823
ACTGG.AG,ACTGGCAG,68,5,AFF,C,0.36568208357879584,9.173208530013584e-15
ACTGG.AG,ACTGGCAG,68,5,RAND,C,0.4983703857783197,0.5124911937956944
ACTGG.AG,ACTGGGAG,68,5,AFF,G,0.3701024764159676,1.4629567105558788e-26
ACTGG.AG,ACTGGGAG,68,5,RAND,G,0.7419562633056456,0.056389908878412796
ACTGG.AG,ACTGGTAG,68,5,AFF,T,-0.19204834130694326,0.0003228249808369788
ACTGG.AG,ACTGGTAG,68,5,RAND,T,-0.20777223745132442,0.7638840895343162
ACTGGG.G,ACTGGGAG,68,6,AFF,A,0.30784245795228654,9.139142479217108e-15
ACTGGG.G,ACTGGGAG,68,6,RAND,A,0.8720977192769837,0.07285208742527823
ACTGGG.G,ACTGGGCG,68,6,AFF,C,0.36568208357879584,9.173208530013584e-15
ACTGGG.G,ACTGGGCG,68,6,RAND,C,0.4983703857783197,0.5124911937956944
ACTGGG.G,ACTGGGGG,68,6,AFF,G,0.3701024764159676,1.4629567105558788e-26
ACTGGG.G,ACTGGGGG,68,6,RAND,G,0.7419562633056456,0.056389908878412796
ACTGGG.G,ACTGGGTG,68,6,AFF,T,-0.19204834130694326,0.0003228249808369788
ACTGGG.G,ACTGGGTG,68,6,RAND,T,-0.20777223745132442,0.7638840895343162
ACTGGGA.,ACTGGGAA,68,7,AFF,A,0.30784245795228654,9.139142479217108e-15
ACTGGGA.,ACTGGGAA,68,7,RAND,A,0.8720977192769837,0.07285208742527823
ACTGGGA.,ACTGGGAC,68,7,AFF,C,0.36568208357879584,9.173208530013584e-15
ACTGGGA.,ACTGGGAC,68,7,RAND,C,0.4983703857783197,0.5124911937956944
ACTGGGA.,ACTGGGAG,68,7,AFF,G,0.3701024764159676,1.4629567105558788e-26
ACTGGGA.,ACTGGGAG,68,7,RAND,G,0.7419562633056456,0.056389908878412796
ACTGGGA.,ACTGGGAT,68,7,AFF,T,-0.19204834130694326,0.0003228249808369788
ACTGGGA.,ACTGGGAT,68,7,RAND,T,-0.20777223745132442,0.7638840895343162
.TGGGAGC,ATGGGAGC,69,0,AFF,A,0.21279332800118284,9.520482732731972e-16
.TGGGAGC,ATGGGAGC,69,0,RAND,A,0.08025268604231678,0.7709490763398172
.TGGGAGC,CTGGGAGC,69,0,AFF,C,0.30943216463557677,6.672111212394224e-35
.TGGGAGC,CTGGGAGC,69,0,RAND,C,0.008318109050737113,0.9743044951154305
.TGGGAGC,GTGGGAGC,69,0,AFF,G,0.35783199492528484,1.8835162492336655e-65
.TGGGAGC,GTGGGAGC,69,0,RAND,G,0.1605705780759068,0.4974189070779257
.TGGGAGC,TTGGGAGC,69,0,AFF,T,0.385028687371616,1.6852766598949377e-38
.TGGGAGC,TTGGGAGC,69,0,RAND,T,0.9069424987120607,0.01124852873559135
C.GGGAGC,CAGGGAGC,69,1,AFF,A,0.21279332800118284,9.520482732731972e-16
C.GGGAGC,CAGGGAGC,69,1,RAND,A,0.08025268604231678,0.7709490763398172
C.GGGAGC,CCGGGAGC,69,1,AFF,C,0.30943216463557677,6.672111212394224e-35
C.GGGAGC,CCGGGAGC,69,1,RAND,C,0.008318109050737113,0.9743044951154305
C.GGGAGC,CGGGGAGC,69,1,AFF,G,0.35783199492528484,1.8835162492336655e-65
C.GGGAGC,CGGGGAGC,69,1,RAND,G,0.1605705780759068,0.4974189070779257
C.GGGAGC,CTGGGAGC,69,1,AFF,T,0.385028687371616,1.6852766598949377e-38
C.GGGAGC,CTGGGAGC,69,1,RAND,T,0.9069424987120607,0.01124852873559135
CT.GGAGC,CTAGGAGC,69,2,AFF,A,0.21279332800118284,9.520482732731972e-16
CT.GGAGC,CTAGGAGC,69,2,RAND,A,0.08025268604231678,0.7709490763398172
CT.GGAGC,CTCGGAGC,69,2,AFF,C,0.30943216463557677,6.672111212394224e-35
CT.GGAGC,CTCGGAGC,69,2,RAND,C,0.008318109050737113,0.9743044951154305
CT.GGAGC,CTGGGAGC,69,2,AFF,G,0.35783199492528484,1.8835162492336655e-65
CT.GGAGC,CTGGGAGC,69,2,RAND,G,0.1605705780759068,0.4974189070779257
CT.GGAGC,CTTGGAGC,69,2,AFF,T,0.385028687371616,1.6852766598949377e-38
CT.GGAGC,CTTGGAGC,69,2,RAND,T,0.9069424987120607,0.01124852873559135
CTG.GAGC,CTGAGAGC,69,3,AFF,A,0.21279332800118284,9.520482732731972e-16
CTG.GAGC,CTGAGAGC,69,3,RAND,A,0.08025268604231678,0.7709490763398172
CTG.GAGC,CTGCGAGC,69,3,AFF,C,0.30943216463557677,6.672111212394224e-35
CTG.GAGC,CTGCGAGC,69,3,RAND,C,0.008318109050737113,0.9743044951154305
CTG.GAGC,CTGGGAGC,69,3,AFF,G,0.35783199492528484,1.8835162492336655e-65
CTG.GAGC,CTGGGAGC,69,3,RAND,G,0.1605705780759068,0.4974189070779257
CTG.GAGC,CTGTGAGC,69,3,AFF,T,0.385028687371616,1.6852766598949377e-38
CTG.GAGC,CTGTGAGC,69,3,RAND,T,0.9069424987120607,0.01124852873559135
CTGG.AGC,CTGGAAGC,69,4,AFF,A,0.21279332800118284,9.520482732731972e-16
CTGG.AGC,CTGGAAGC,69,4,RAND,A,0.08025268604231678,0.7709490763398172
CTGG.AGC,CTGGCAGC,69,4,AFF,C,0.30943216463557677,6.672111212394224e-35
CTGG.AGC,CTGGCAGC,69,4,RAND,C,0.008318109050737113,0.9743044951154305
CTGG.AGC,CTGGGAGC,69,4,AFF,G,0.35783199492528484,1.8835162492336655e-65
CTGG.AGC,CTGGGAGC,69,4,RAND,G,0.1605705780759068,0.4974189070779257
CTGG.AGC,CTGGTAGC,69,4,AFF,T,0.385028687371616,1.6852766598949377e-38
CTGG.AGC,CTGGTAGC,69,4,RAND,T,0.9069424987120607,0.01124852873559135
CTGGG.GC,CTGGGAGC,69,5,AFF,A,0.21279332800118284,9.520482732731972e-16
CTGGG.GC,CTGGGAGC,69,5,RAND,A,0.08025268604231678,0.7709490763398172
CTGGG.GC,CTGGGCGC,69,5,AFF,C,0.30943216463557677,6.672111212394224e-35
CTGGG.GC,CTGGGCGC,69,5,RAND,C,0.008318109050737113,0.9743044951154305
CTGGG.GC,CTGGGGGC,69,5,AFF,G,0.35783199492528484,1.8835162492336655e-65
CTGGG.GC,CTGGGGGC,69,5,RAND,G,0.1605705780759068,0.4974189070779257
CTGGG.GC,CTGGGTGC,69,5,AFF,T,0.385028687371616,1.6852766598949377e-38
CTGGG.GC,CTGGGTGC,69,5,RAND,T,0.9069424987120607,0.01124852873559135
CTGGGA.C,CTGGGAAC,69,6,AFF,A,0.21279332800118284,9.520482732731972e-16
CTGGGA.C,CTGGGAAC,69,6,RAND,A,0.08025268604231678,0.7709490763398172
CTGGGA.C,CTGGGACC,69,6,AFF,C,0.30943216463557677,6.672111212394224e-35
CTGGGA.C,CTGGGACC,69,6,RAND,C,0.008318109050737113,0.9743044951154305
CTGGGA.C,CTGGGAGC,69,6,AFF,G,0.35783199492528484,1.8835162492336655e-65
CTGGGA.C,CTGGGAGC,69,6,RAND,G,0.1605705780759068,0.4974189070779257
CTGGGA.C,CTGGGATC,69,6,AFF,T,0.385028687371616,1.6852766598949377e-38
CTGGGA.C,CTGGGATC,69,6,RAND,T,0.9069424987120607,0.01124852873559135
CTGGGAG.,CTGGGAGA,69,7,AFF,A,0.21279332800118284,9.520482732731972e-16
CTGGGAG.,CTGGGAGA,69,7,RAND,A,0.08025268604231678,0.7709490763398172
CTGGGAG.,CTGGGAGC,69,7,AFF,C,0.30943216463557677,6.672111212394224e-35
CTGGGAG.,CTGGGAGC,69,7,RAND,C,0.008318109050737113,0.9743044951154305
CTGGGAG.,CTGGGAGG,69,7,AFF,G,0.35783199492528484,1.8835162492336655e-65
CTGGGAG.,CTGGGAGG,69,7,RAND,G,0.1605705780759068,0.4974189070779257
CTGGGAG.,CTGGGAGT,69,7,AFF,T,0.385028687371616,1.6852766598949377e-38
CTGGGAG.,CTGGGAGT,69,7,RAND,T,0.9069424987120607,0.01124852873559135
.GGGAGCC,AGGGAGCC,70,0,AFF,A,0.01751273310429441,0.6113727932168486
.GGGAGCC,AGGGAGCC,70,0,RAND,A,-0.14319730457353702,0.7541935634277022
.GGGAGCC,CGGGAGCC,70,0,AFF,C,0.3697506907835141,2.3197951125069655e-35
.GGGAGCC,CGGGAGCC,70,0,RAND,C,0.675641406763251,0.01984596963831591
.GGGAGCC,GGGGAGCC,70,0,AFF,G,0.6638271057985011,1.924137448968142e-65
.GGGAGCC,GGGGAGCC,70,0,RAND,G,0.6335634367739689,0.06631515830912887
.GGGAGCC,TGGGAGCC,70,0,AFF,T,0.23539019702617806,1.2154608538872765e-13
.GGGAGCC,TGGGAGCC,70,0,RAND,T,0.24785294049574977,0.5041417707553517
T.GGAGCC,TAGGAGCC,70,1,AFF,A,0.01751273310429441,0.6113727932168486
T.GGAGCC,TAGGAGCC,70,1,RAND,A,-0.14319730457353702,0.7541935634277022
T.GGAGCC,TCGGAGCC,70,1,AFF,C,0.3697506907835141,2.3197951125069655e-35
T.GGAGCC,TCGGAGCC,70,1,RAND,C,0.675641406763251,0.01984596963831591
T.GGAGCC,TGGGAGCC,70,1,AFF,G,0.6638271057985011,1.924137448968142e-65
T.GGAGCC,TGGGAGCC,70,1,RAND,G,0.6335634367739689,0.06631515830912887
T.GGAGCC,TTGGAGCC,70,1,AFF,T,0.23539019702617806,1.2154608538872765e-13
T.GGAGCC,TTGGAGCC,70,1,RAND,T,0.24785294049574977,0.5041417707553517
TG.GAGCC,TGAGAGCC,70,2,AFF,A,0.01751273310429441,0.6113727932168486
TG.GAGCC,TGAGAGCC,70,2,RAND,A,-0.14319730457353702,0.7541935634277022
TG.GAGCC,TGCGAGCC,70,2,AFF,C,0.3697506907835141,2.3197951125069655e-35
TG.GAGCC,TGCGAGCC,70,2,RAND,C,0.675641406763251,0.01984596963831591
TG.GAGCC,TGGGAGCC,70,2,AFF,G,0.6638271057985011,1.924137448968142e-65
TG.GAGCC,TGGGAGCC,70,2,RAND,G,0.6335634367739689,0.06631515830912887
TG.GAGCC,TGTGAGCC,70,2,AFF,T,0.23539019702617806,1.2154608538872765e-13
TG.GAGCC,TGTGAGCC,70,2,RAND,T,0.24785294049574977,0.5041417707553517
TGG.AGCC,TGGAAGCC,70,3,AFF,A,0.01751273310429441,0.6113727932168486
TGG.AGCC,TGGAAGCC,70,3,RAND,A,-0.14319730457353702,0.7541935634277022
TGG.AGCC,TGGCAGCC,70,3,AFF,C,0.3697506907835141,2.3197951125069655e-35
TGG.AGCC,TGGCAGCC,70,3,RAND,C,0.675641406763251,0.01984596963831591
TGG.AGCC,TGGGAGCC,70,3,AFF,G,0.6638271057985011,1.924137448968142e-65
TGG.AGCC,TGGGAGCC,70,3,RAND,G,0.6335634367739689,0.06631515830912887
TGG.AGCC,TGGTAGCC,70,3,AFF,T,0.23539019702617806,1.2154608538872765e-13
TGG.AGCC,TGGTAGCC,70,3,RAND,T,0.24785294049574977,0.5041417707553517
TGGG.GCC,TGGGAGCC,70,4,AFF,A,0.01751273310429441,0.6113727932168486
TGGG.GCC,TGGGAGCC,70,4,RAND,A,-0.14319730457353702,0.7541935634277022
TGGG.GCC,TGGGCGCC,70,4,AFF,C,0.3697506907835141,2.3197951125069655e-35
TGGG.GCC,TGGGCGCC,70,4,RAND,C,0.675641406763251,0.01984596963831591
TGGG.GCC,TGGGGGCC,70,4,AFF,G,0.6638271057985011,1.924137448968142e-65
TGGG.GCC,TGGGGGCC,70,4,RAND,G,0.6335634367739689,0.06631515830912887
TGGG.GCC,TGGGTGCC,70,4,AFF,T,0.23539019702617806,1.2154608538872765e-13
TGGG.GCC,TGGGTGCC,70,4,RAND,T,0.24785294049574977,0.5041417707553517
TGGGA.CC,TGGGAACC,70,5,AFF,A,0.01751273310429441,0.6113727932168486
TGGGA.CC,TGGGAACC,70,5,RAND,A,-0.14319730457353702,0.7541935634277022
TGGGA.CC,TGGGACCC,70,5,AFF,C,0.3697506907835141,2.3197951125069655e-35
TGGGA.CC,TGGGACCC,70,5,RAND,C,0.675641406763251,0.01984596963831591
TGGGA.CC,TGGGAGCC,70,5,AFF,G,0.6638271057985011,1.924137448968142e-65
TGGGA.CC,TGGGAGCC,70,5,RAND,G,0.6335634367739689,0.06631515830912887
TGGGA.CC,TGGGATCC,70,5,AFF,T,0.23539019702617806,1.2154608538872765e-13
TGGGA.CC,TGGGATCC,70,5,RAND,T,0.24785294049574977,0.5041417707553517
TGGGAG.C,TGGGAGAC,70,6,AFF,A,0.01751273310429441,0.6113727932168486
TGGGAG.C,TGGGAGAC,70,6,RAND,A,-0.14319730457353702,0.7541935634277022
TGGGAG.C,TGGGAGCC,70,6,AFF,C,0.3697506907835141,2.3197951125069655e-35
TGGGAG.C,TGGGAGCC,70,6,RAND,C,0.675641406763251,0.01984596963831591
TGGGAG.C,TGGGAGGC,70,6,AFF,G,0.6638271057985011,1.924137448968142e-65
TGGGAG.C,TGGGAGGC,70,6,RAND,G,0.6335634367739689,0.06631515830912887
TGGGAG.C,TGGGAGTC,70,6,AFF,T,0.23539019702617806,1.2154608538872765e-13
TGGGAG.C,TGGGAGTC,70,6,RAND,T,0.24785294049574977,0.5041417707553517
TGGGAGC.,TGGGAGCA,70,7,AFF,A,0.01751273310429441,0.6113727932168486
TGGGAGC.,TGGGAGCA,70,7,RAND,A,-0.14319730457353702,0.7541935634277022
TGGGAGC.,TGGGAGCC,70,7,AFF,C,0.3697506907835141,2.3197951125069655e-35
TGGGAGC.,TGGGAGCC,70,7,RAND,C,0.675641406763251,0.01984596963831591
TGGGAGC.,TGGGAGCG,70,7,AFF,G,0.6638271057985011,1.924137448968142e-65
TGGGAGC.,TGGGAGCG,70,7,RAND,G,0.6335634367739689,0.06631515830912887
TGGGAGC.,TGGGAGCT,70,7,AFF,T,0.23539019702617806,1.2154608538872765e-13
TGGGAGC.,TGGGAGCT,70,7,RAND,T,0.24785294049574977,0.5041417707553517
.GGAGCCC,AGGAGCCC,71,0,AFF,A,0.13648096310358077,1.2840631709574273e-06
.GGAGCCC,AGGAGCCC,71,0,RAND,A,-0.18048454037206138,0.5551759414292208
.GGAGCCC,CGGAGCCC,71,0,AFF,C,0.34286651022939474,4.065704401112952e-43
.GGAGCCC,CGGAGCCC,71,0,RAND,C,1.1103699728997267,7.775241979934756e-05
.GGAGCCC,GGGAGCCC,71,0,AFF,G,0.7464925148345534,5.651460542874558e-163
.GGAGCCC,GGGAGCCC,71,0,RAND,G,0.25817922973105967,0.3021881920563936
.GGAGCCC,TGGAGCCC,71,0,AFF,T,0.4108594684948518,1.0335219588495045e-43
.GGAGCCC,TGGAGCCC,71,0,RAND,T,0.36639324116494826,0.33616121404578947
G.GAGCCC,GAGAGCCC,71,1,AFF,A,0.13648096310358077,1.2840631709574273e-06
G.GAGCCC,GAGAGCCC,71,1,RAND,A,-0.18048454037206138,0.5551759414292208
G.GAGCCC,GCGAGCCC,71,1,AFF,C,0.34286651022939474,4.065704401112952e-43
G.GAGCCC,GCGAGCCC,71,1,RAND,C,1.1103699728997267,7.775241979934756e-05
G.GAGCCC,GGGAGCCC,71,1,AFF,G,0.7464925148345534,5.651460542874558e-163
G.GAGCCC,GGGAGCCC,71,1,RAND,G,0.25817922973105967,0.3021881920563936
G.GAGCCC,GTGAGCCC,71,1,AFF,T,0.4108594684948518,1.0335219588495045e-43
G.GAGCCC,GTGAGCCC,71,1,RAND,T,0.36639324116494826,0.33616121404578947
GG.AGCCC,GGAAGCCC,71,2,AFF,A,0.13648096310358077,1.2840631709574273e-06
GG.AGCCC,GGAAGCCC,71,2,RAND,A,-0.18048454037206138,0.5551759414292208
GG.AGCCC,GGCAGCCC,71,2,AFF,C,0.34286651022939474,4.065704401112952e-43
GG.AGCCC,GGCAGCCC,71,2,RAND,C,1.1103699728997267,7.775241979934756e-05
GG.AGCCC,GGGAGCCC,71,2,AFF,G,0.7464925148345534,5.651460542874558e-163
GG.AGCCC,GGGAGCCC,71,2,RAND,G,0.25817922973105967,0.3021881920563936
GG.AGCCC,GGTAGCCC,71,2,AFF,T,0.4108594684948518,1.0335219588495045e-43
GG.AGCCC,GGTAGCCC,71,2,RAND,T,0.36639324116494826,0.33616121404578947
GGG.GCCC,GGGAGCCC,71,3,AFF,A,0.13648096310358077,1.2840631709574273e-06
GGG.GCCC,GGGAGCCC,71,3,RAND,A,-0.18048454037206138,0.5551759414292208
GGG.GCCC,GGGCGCCC,71,3,AFF,C,0.34286651022939474,4.065704401112952e-43
GGG.GCCC,GGGCGCCC,71,3,RAND,C,1.1103699728997267,7.775241979934756e-05
GGG.GCCC,GGGGGCCC,71,3,AFF,G,0.7464925148345534,5.651460542874558e-163
GGG.GCCC,GGGGGCCC,71,3,RAND,G,0.25817922973105967,0.3021881920563936
GGG.GCCC,GGGTGCCC,71,3,AFF,T,0.4108594684948518,1.0335219588495045e-43
GGG.GCCC,GGGTGCCC,71,3,RAND,T,0.36639324116494826,0.33616121404578947
GGGA.CCC,GGGAACCC,71,4,AFF,A,0.13648096310358077,1.2840631709574273e-06
GGGA.CCC,GGGAACCC,71,4,RAND,A,-0.18048454037206138,0.5551759414292208
GGGA.CCC,GGGACCCC,71,4,AFF,C,0.34286651022939474,4.065704401112952e-43
GGGA.CCC,GGGACCCC,71,4,RAND,C,1.1103699728997267,7.775241979934756e-05
GGGA.CCC,GGGAGCCC,71,4,AFF,G,0.7464925148345534,5.651460542874558e-163
GGGA.CCC,GGGAGCCC,71,4,RAND,G,0.25817922973105967,0.3021881920563936
GGGA.CCC,GGGATCCC,71,4,AFF,T,0.4108594684948518,1.0335219588495045e-43
GGGA.CCC,GGGATCCC,71,4,RAND,T,0.36639324116494826,0.33616121404578947
GGGAG.CC,GGGAGACC,71,5,AFF,A,0.13648096310358077,1.2840631709574273e-06
GGGAG.CC,GGGAGACC,71,5,RAND,A,-0.18048454037206138,0.5551759414292208
GGGAG.CC,GGGAGCCC,71,5,AFF,C,0.34286651022939474,4.065704401112952e-43
GGGAG.CC,GGGAGCCC,71,5,RAND,C,1.1103699728997267,7.775241979934756e-05
GGGAG.CC,GGGAGGCC,71,5,AFF,G,0.7464925148345534,5.651460542874558e-163
GGGAG.CC,GGGAGGCC,71,5,RAND,G,0.25817922973105967,0.3021881920563936
GGGAG.CC,GGGAGTCC,71,5,AFF,T,0.4108594684948518,1.0335219588495045e-43
GGGAG.CC,GGGAGTCC,71,5,RAND,T,0.36639324116494826,0.33616121404578947
GGGAGC.C,GGGAGCAC,71,6,AFF,A,0.13648096310358077,1.2840631709574273e-06
GGGAGC.C,GGGAGCAC,71,6,RAND,A,-0.18048454037206138,0.5551759414292208
GGGAGC.C,GGGAGCCC,71,6,AFF,C,0.34286651022939474,4.065704401112952e-43
GGGAGC.C,GGGAGCCC,71,6,RAND,C,1.1103699728997267,7.775241979934756e-05
GGGAGC.C,GGGAGCGC,71,6,AFF,G,0.7464925148345534,5.651460542874558e-163
GGGAGC.C,GGGAGCGC,71,6,RAND,G,0.25817922973105967,0.3021881920563936
GGGAGC.C,GGGAGCTC,71,6,AFF,T,0.4108594684948518,1.0335219588495045e-43
GGGAGC.C,GGGAGCTC,71,6,RAND,T,0.36639324116494826,0.33616121404578947
GGGAGCC.,GGGAGCCA,71,7,AFF,A,0.13648096310358077,1.2840631709574273e-06
GGGAGCC.,GGGAGCCA,71,7,RAND,A,-0.18048454037206138,0.5551759414292208
GGGAGCC.,GGGAGCCC,71,7,AFF,C,0.34286651022939474,4.065704401112952e-43
GGGAGCC.,GGGAGCCC,71,7,RAND,C,1.1103699728997267,7.775241979934756e-05
GGGAGCC.,GGGAGCCG,71,7,AFF,G,0.7464925148345534,5.651460542874558e-163
GGGAGCC.,GGGAGCCG,71,7,RAND,G,0.25817922973105967,0.3021881920563936
GGGAGCC.,GGGAGCCT,71,7,AFF,T,0.4108594684948518,1.0335219588495045e-43
GGGAGCC.,GGGAGCCT,71,7,RAND,T,0.36639324116494826,0.33616121404578947
.GAGCCCG,AGAGCCCG,72,0,AFF,A,0.36441842528705987,2.6216406052940997e-39
.GAGCCCG,AGAGCCCG,72,0,RAND,A,-0.0457963282072881,0.8880584374962088
.GAGCCCG,CGAGCCCG,72,0,AFF,C,0.4025723553421987,6.1461803253787134e-52
.GAGCCCG,CGAGCCCG,72,0,RAND,C,0.49926992245968893,0.1431704748865364
.GAGCCCG,GGAGCCCG,72,0,AFF,G,0.6719209041999629,6.070833452095975e-119
.GAGCCCG,GGAGCCCG,72,0,RAND,G,0.5363683297231965,0.18765422480942895
.GAGCCCG,TGAGCCCG,72,0,AFF,T,0.29184163558421283,3.830308125299238e-25
.GAGCCCG,TGAGCCCG,72,0,RAND,T,0.28796817879302067,0.43301057092099704
G.AGCCCG,GAAGCCCG,72,1,AFF,A,0.36441842528705987,2.6216406052940997e-39
G.AGCCCG,GAAGCCCG,72,1,RAND,A,-0.0457963282072881,0.8880584374962088
G.AGCCCG,GCAGCCCG,72,1,AFF,C,0.4025723553421987,6.1461803253787134e-52
G.AGCCCG,GCAGCCCG,72,1,RAND,C,0.49926992245968893,0.1431704748865364
G.AGCCCG,GGAGCCCG,72,1,AFF,G,0.6719209041999629,6.070833452095975e-119
G.AGCCCG,GGAGCCCG,72,1,RAND,G,0.5363683297231965,0.18765422480942895
G.AGCCCG,GTAGCCCG,72,1,AFF,T,0.29184163558421283,3.830308125299238e-25
G.AGCCCG,GTAGCCCG,72,1,RAND,T,0.28796817879302067,0.43301057092099704
GG.GCCCG,GGAGCCCG,72,2,AFF,A,0.36441842528705987,2.6216406052940997e-39
GG.GCCCG,GGAGCCCG,72,2,RAND,A,-0.0457963282072881,0.8880584374962088
GG.GCCCG,GGCGCCCG,72,2,AFF,C,0.4025723553421987,6.1461803253787134e-52
GG.GCCCG,GGCGCCCG,72,2,RAND,C,0.49926992245968893,0.1431704748865364
GG.GCCCG,GGGGCCCG,72,2,AFF,G,0.6719209041999629,6.070833452095975e-119
GG.GCCCG,GGGGCCCG,72,2,RAND,G,0.5363683297231965,0.18765422480942895
GG.GCCCG,GGTGCCCG,72,2,AFF,T,0.29184163558421283,3.830308125299238e-25
GG.GCCCG,GGTGCCCG,72,2,RAND,T,0.28796817879302067,0.43301057092099704
GGA.CCCG,GGAACCCG,72,3,AFF,A,0.36441842528705987,2.6216406052940997e-39
GGA.CCCG,GGAACCCG,72,3,RAND,A,-0.0457963282072881,0.8880584374962088
GGA.CCCG,GGACCCCG,72,3,AFF,C,0.4025723553421987,6.1461803253787134e-52
GGA.CCCG,GGACCCCG,72,3,RAND,C,0.49926992245968893,0.1431704748865364
GGA.CCCG,GGAGCCCG,72,3,AFF,G,0.6719209041999629,6.070833452095975e-119
GGA.CCCG,GGAGCCCG,72,3,RAND,G,0.5363683297231965,0.18765422480942895
GGA.CCCG,GGATCCCG,72,3,AFF,T,0.29184163558421283,3.830308125299238e-25
GGA.CCCG,GGATCCCG,72,3,RAND,T,0.28796817879302067,0.43301057092099704
GGAG.CCG,GGAGACCG,72,4,AFF,A,0.36441842528705987,2.6216406052940997e-39
GGAG.CCG,GGAGACCG,72,4,RAND,A,-0.0457963282072881,0.8880584374962088
GGAG.CCG,GGAGCCCG,72,4,AFF,C,0.4025723553421987,6.1461803253787134e-52
GGAG.CCG,GGAGCCCG,72,4,RAND,C,0.49926992245968893,0.1431704748865364
GGAG.CCG,GGAGGCCG,72,4,AFF,G,0.6719209041999629,6.070833452095975e-119
GGAG.CCG,GGAGGCCG,72,4,RAND,G,0.5363683297231965,0.18765422480942895
GGAG.CCG,GGAGTCCG,72,4,AFF,T,0.29184163558421283,3.830308125299238e-25
GGAG.CCG,GGAGTCCG,72,4,RAND,T,0.28796817879302067,0.43301057092099704
GGAGC.CG,GGAGCACG,72,5,AFF,A,0.36441842528705987,2.6216406052940997e-39
GGAGC.CG,GGAGCACG,72,5,RAND,A,-0.0457963282072881,0.8880584374962088
GGAGC.CG,GGAGCCCG,72,5,AFF,C,0.4025723553421987,6.1461803253787134e-52
GGAGC.CG,GGAGCCCG,72,5,RAND,C,0.49926992245968893,0.1431704748865364
GGAGC.CG,GGAGCGCG,72,5,AFF,G,0.6719209041999629,6.070833452095975e-119
GGAGC.CG,GGAGCGCG,72,5,RAND,G,0.5363683297231965,0.18765422480942895
GGAGC.CG,GGAGCTCG,72,5,AFF,T,0.29184163558421283,3.830308125299238e-25
GGAGC.CG,GGAGCTCG,72,5,RAND,T,0.28796817879302067,0.43301057092099704
GGAGCC.G,GGAGCCAG,72,6,AFF,A,0.36441842528705987,2.6216406052940997e-39
GGAGCC.G,GGAGCCAG,72,6,RAND,A,-0.0457963282072881,0.8880584374962088
GGAGCC.G,GGAGCCCG,72,6,AFF,C,0.4025723553421987,6.1461803253787134e-52
GGAGCC.G,GGAGCCCG,72,6,RAND,C,0.49926992245968893,0.1431704748865364
GGAGCC.G,GGAGCCGG,72,6,AFF,G,0.6719209041999629,6.070833452095975e-119
GGAGCC.G,GGAGCCGG,72,6,RAND,G,0.5363683297231965,0.18765422480942895
GGAGCC.G,GGAGCCTG,72,6,AFF,T,0.29184163558421283,3.830308125299238e-25
GGAGCC.G,GGAGCCTG,72,6,RAND,T,0.28796817879302067,0.43301057092099704
GGAGCCC.,GGAGCCCA,72,7,AFF,A,0.36441842528705987,2.6216406052940997e-39
GGAGCCC.,GGAGCCCA,72,7,RAND,A,-0.0457963282072881,0.8880584374962088
GGAGCCC.,GGAGCCCC,72,7,AFF,C,0.4025723553421987,6.1461803253787134e-52
GGAGCCC.,GGAGCCCC,72,7,RAND,C,0.49926992245968893,0.1431704748865364
GGAGCCC.,GGAGCCCG,72,7,AFF,G,0.6719209041999629,6.070833452095975e-119
GGAGCCC.,GGAGCCCG,72,7,RAND,G,0.5363683297231965,0.18765422480942895
GGAGCCC.,GGAGCCCT,72,7,AFF,T,0.29184163558421283,3.830308125299238e-25
GGAGCCC.,GGAGCCCT,72,7,RAND,T,0.28796817879302067,0.43301057092099704
.AGCCCGG,AAGCCCGG,73,0,AFF,A,0.5798078441356735,9.431204571748465e-36
.AGCCCGG,AAGCCCGG,73,0,RAND,A,1.3466364452906274,0.0007620313322706397
.AGCCCGG,CAGCCCGG,73,0,AFF,C,0.6519925685941931,2.930243729844104e-70
.AGCCCGG,CAGCCCGG,73,0,RAND,C,0.5953593183050433,0.10347385980094304
.AGCCCGG,GAGCCCGG,73,0,AFF,G,0.5240097017756621,1.7375996074748343e-53
.AGCCCGG,GAGCCCGG,73,0,RAND,G,0.12588923128650292,0.7287731558706954
.AGCCCGG,TAGCCCGG,73,0,AFF,T,0.3480236376341756,3.6357130550812243e-09
.AGCCCGG,TAGCCCGG,73,0,RAND,T,-0.02617862509644625,0.961942504601553
G.GCCCGG,GAGCCCGG,73,1,AFF,A,0.5798078441356735,9.431204571748465e-36
G.GCCCGG,GAGCCCGG,73,1,RAND,A,1.3466364452906274,0.0007620313322706397
G.GCCCGG,GCGCCCGG,73,1,AFF,C,0.6519925685941931,2.930243729844104e-70
G.GCCCGG,GCGCCCGG,73,1,RAND,C,0.5953593183050433,0.10347385980094304
G.GCCCGG,GGGCCCGG,73,1,AFF,G,0.5240097017756621,1.7375996074748343e-53
G.GCCCGG,GGGCCCGG,73,1,RAND,G,0.12588923128650292,0.7287731558706954
G.GCCCGG,GTGCCCGG,73,1,AFF,T,0.3480236376341756,3.6357130550812243e-09
G.GCCCGG,GTGCCCGG,73,1,RAND,T,-0.02617862509644625,0.961942504601553
GA.CCCGG,GAACCCGG,73,2,AFF,A,0.5798078441356735,9.431204571748465e-36
GA.CCCGG,GAACCCGG,73,2,RAND,A,1.3466364452906274,0.0007620313322706397
GA.CCCGG,GACCCCGG,73,2,AFF,C,0.6519925685941931,2.930243729844104e-70
GA.CCCGG,GACCCCGG,73,2,RAND,C,0.5953593183050433,0.10347385980094304
GA.CCCGG,GAGCCCGG,73,2,AFF,G,0.5240097017756621,1.7375996074748343e-53
GA.CCCGG,GAGCCCGG,73,2,RAND,G,0.12588923128650292,0.7287731558706954
GA.CCCGG,GATCCCGG,73,2,AFF,T,0.3480236376341756,3.6357130550812243e-09
GA.CCCGG,GATCCCGG,73,2,RAND,T,-0.02617862509644625,0.961942504601553
GAG.CCGG,GAGACCGG,73,3,AFF,A,0.5798078441356735,9.431204571748465e-36
GAG.CCGG,GAGACCGG,73,3,RAND,A,1.3466364452906274,0.0007620313322706397
GAG.CCGG,GAGCCCGG,73,3,AFF,C,0.6519925685941931,2.930243729844104e-70
GAG.CCGG,GAGCCCGG,73,3,RAND,C,0.5953593183050433,0.10347385980094304
GAG.CCGG,GAGGCCGG,73,3,AFF,G,0.5240097017756621,1.7375996074748343e-53
GAG.CCGG,GAGGCCGG,73,3,RAND,G,0.12588923128650292,0.7287731558706954
GAG.CCGG,GAGTCCGG,73,3,AFF,T,0.3480236376341756,3.6357130550812243e-09
GAG.CCGG,GAGTCCGG,73,3,RAND,T,-0.02617862509644625,0.961942504601553
GAGC.CGG,GAGCACGG,73,4,AFF,A,0.5798078441356735,9.431204571748465e-36
GAGC.CGG,GAGCACGG,73,4,RAND,A,1.3466364452906274,0.0007620313322706397
GAGC.CGG,GAGCCCGG,73,4,AFF,C,0.6519925685941931,2.930243729844104e-70
GAGC.CGG,GAGCCCGG,73,4,RAND,C,0.5953593183050433,0.10347385980094304
GAGC.CGG,GAGCGCGG,73,4,AFF,G,0.5240097017756621,1.7375996074748343e-53
GAGC.CGG,GAGCGCGG,73,4,RAND,G,0.12588923128650292,0.7287731558706954
GAGC.CGG,GAGCTCGG,73,4,AFF,T,0.3480236376341756,3.6357130550812243e-09
GAGC.CGG,GAGCTCGG,73,4,RAND,T,-0.02617862509644625,0.961942504601553
GAGCC.GG,GAGCCAGG,73,5,AFF,A,0.5798078441356735,9.431204571748465e-36
GAGCC.GG,GAGCCAGG,73,5,RAND,A,1.3466364452906274,0.0007620313322706397
GAGCC.GG,GAGCCCGG,73,5,AFF,C,0.6519925685941931,2.930243729844104e-70
GAGCC.GG,GAGCCCGG,73,5,RAND,C,0.5953593183050433,0.10347385980094304
GAGCC.GG,GAGCCGGG,73,5,AFF,G,0.5240097017756621,1.7375996074748343e-53
GAGCC.GG,GAGCCGGG,73,5,RAND,G,0.12588923128650292,0.7287731558706954
GAGCC.GG,GAGCCTGG,73,5,AFF,T,0.3480236376341756,3.6357130550812243e-09
GAGCC.GG,GAGCCTGG,73,5,RAND,T,-0.02617862509644625,0.961942504601553
GAGCCC.G,GAGCCCAG,73,6,AFF,A,0.5798078441356735,9.431204571748465e-36
GAGCCC.G,GAGCCCAG,73,6,RAND,A,1.3466364452906274,0.0007620313322706397
GAGCCC.G,GAGCCCCG,73,6,AFF,C,0.6519925685941931,2.930243729844104e-70
GAGCCC.G,GAGCCCCG,73,6,RAND,C,0.5953593183050433,0.10347385980094304
GAGCCC.G,GAGCCCGG,73,6,AFF,G,0.5240097017756621,1.7375996074748343e-53
GAGCCC.G,GAGCCCGG,73,6,RAND,G,0.12588923128650292,0.7287731558706954
GAGCCC.G,GAGCCCTG,73,6,AFF,T,0.3480236376341756,3.6357130550812243e-09
GAGCCC.G,GAGCCCTG,73,6,RAND,T,-0.02617862509644625,0.961942504601553
GAGCCCG.,GAGCCCGA,73,7,AFF,A,0.5798078441356735,9.431204571748465e-36
GAGCCCG.,GAGCCCGA,73,7,RAND,A,1.3466364452906274,0.0007620313322706397
GAGCCCG.,GAGCCCGC,73,7,AFF,C,0.6519925685941931,2.930243729844104e-70
GAGCCCG.,GAGCCCGC,73,7,RAND,C,0.5953593183050433,0.10347385980094304
GAGCCCG.,GAGCCCGG,73,7,AFF,G,0.5240097017756621,1.7375996074748343e-53
GAGCCCG.,GAGCCCGG,73,7,RAND,G,0.12588923128650292,0.7287731558706954
GAGCCCG.,GAGCCCGT,73,7,AFF,T,0.3480236376341756,3.6357130550812243e-09
GAGCCCG.,GAGCCCGT,73,7,RAND,T,-0.02617862509644625,0.961942504601553
.GCCCGGC,AGCCCGGC,74,0,AFF,A,0.8536173711408919,7.254748282598262e-94
.GCCCGGC,AGCCCGGC,74,0,RAND,A,1.3805987294561182,0.0019108215382347233
.GCCCGGC,CGCCCGGC,74,0,AFF,C,0.5564514232352269,5.48282535102065e-62
.GCCCGGC,CGCCCGGC,74,0,RAND,C,0.4745916779289509,0.3412745069756331
.GCCCGGC,GGCCCGGC,74,0,AFF,G,0.3070834129456724,4.128688177242337e-20
.GCCCGGC,GGCCCGGC,74,0,RAND,G,0.9265515413929517,0.06817209444974698
.GCCCGGC,TGCCCGGC,74,0,AFF,T,0.3678940353175843,9.254077968272396e-10
.GCCCGGC,TGCCCGGC,74,0,RAND,T,-0.4223068930155873,0.6427475015909903
A.CCCGGC,AACCCGGC,74,1,AFF,A,0.8536173711408919,7.254748282598262e-94
A.CCCGGC,AACCCGGC,74,1,RAND,A,1.3805987294561182,0.0019108215382347233
A.CCCGGC,ACCCCGGC,74,1,AFF,C,0.5564514232352269,5.48282535102065e-62
A.CCCGGC,ACCCCGGC,74,1,RAND,C,0.4745916779289509,0.3412745069756331
A.CCCGGC,AGCCCGGC,74,1,AFF,G,0.3070834129456724,4.128688177242337e-20
A.CCCGGC,AGCCCGGC,74,1,RAND,G,0.9265515413929517,0.06817209444974698
A.CCCGGC,ATCCCGGC,74,1,AFF,T,0.3678940353175843,9.254077968272396e-10
A.CCCGGC,ATCCCGGC,74,1,RAND,T,-0.4223068930155873,0.6427475015909903
AG.CCGGC,AGACCGGC,74,2,AFF,A,0.8536173711408919,7.254748282598262e-94
AG.CCGGC,AGACCGGC,74,2,RAND,A,1.3805987294561182,0.0019108215382347233
AG.CCGGC,AGCCCGGC,74,2,AFF,C,0.5564514232352269,5.48282535102065e-62
AG.CCGGC,AGCCCGGC,74,2,RAND,C,0.4745916779289509,0.3412745069756331
AG.CCGGC,AGGCCGGC,74,2,AFF,G,0.3070834129456724,4.128688177242337e-20
AG.CCGGC,AGGCCGGC,74,2,RAND,G,0.9265515413929517,0.06817209444974698
AG.CCGGC,AGTCCGGC,74,2,AFF,T,0.3678940353175843,9.254077968272396e-10
AG.CCGGC,AGTCCGGC,74,2,RAND,T,-0.4223068930155873,0.6427475015909903
AGC.CGGC,AGCACGGC,74,3,AFF,A,0.8536173711408919,7.254748282598262e-94
AGC.CGGC,AGCACGGC,74,3,RAND,A,1.3805987294561182,0.0019108215382347233
AGC.CGGC,AGCCCGGC,74,3,AFF,C,0.5564514232352269,5.48282535102065e-62
AGC.CGGC,AGCCCGGC,74,3,RAND,C,0.4745916779289509,0.3412745069756331
AGC.CGGC,AGCGCGGC,74,3,AFF,G,0.3070834129456724,4.128688177242337e-20
AGC.CGGC,AGCGCGGC,74,3,RAND,G,0.9265515413929517,0.06817209444974698
AGC.CGGC,AGCTCGGC,74,3,AFF,T,0.3678940353175843,9.254077968272396e-10
AGC.CGGC,AGCTCGGC,74,3,RAND,T,-0.4223068930155873,0.6427475015909903
AGCC.GGC,AGCCAGGC,74,4,AFF,A,0.8536173711408919,7.254748282598262e-94
AGCC.GGC,AGCCAGGC,74,4,RAND,A,1.3805987294561182,0.0019108215382347233
AGCC.GGC,AGCCCGGC,74,4,AFF,C,0.5564514232352269,5.48282535102065e-62
AGCC.GGC,AGCCCGGC,74,4,RAND,C,0.4745916779289509,0.3412745069756331
AGCC.GGC,AGCCGGGC,74,4,AFF,G,0.3070834129456724,4.128688177242337e-20
AGCC.GGC,AGCCGGGC,74,4,RAND,G,0.9265515413929517,0.06817209444974698
AGCC.GGC,AGCCTGGC,74,4,AFF,T,0.3678940353175843,9.254077968272396e-10
AGCC.GGC,AGCCTGGC,74,4,RAND,T,-0.4223068930155873,0.6427475015909903
AGCCC.GC,AGCCCAGC,74,5,AFF,A,0.8536173711408919,7.254748282598262e-94
AGCCC.GC,AGCCCAGC,74,5,RAND,A,1.3805987294561182,0.0019108215382347233
AGCCC.GC,AGCCCCGC,74,5,AFF,C,0.5564514232352269,5.48282535102065e-62
AGCCC.GC,AGCCCCGC,74,5,RAND,C,0.4745916779289509,0.3412745069756331
AGCCC.GC,AGCCCGGC,74,5,AFF,G,0.3070834129456724,4.128688177242337e-20
AGCCC.GC,AGCCCGGC,74,5,RAND,G,0.9265515413929517,0.06817209444974698
AGCCC.GC,AGCCCTGC,74,5,AFF,T,0.3678940353175843,9.254077968272396e-10
AGCCC.GC,AGCCCTGC,74,5,RAND,T,-0.4223068930155873,0.6427475015909903
AGCCCG.C,AGCCCGAC,74,6,AFF,A,0.8536173711408919,7.254748282598262e-94
AGCCCG.C,AGCCCGAC,74,6,RAND,A,1.3805987294561182,0.0019108215382347233
AGCCCG.C,AGCCCGCC,74,6,AFF,C,0.5564514232352269,5.48282535102065e-62
AGCCCG.C,AGCCCGCC,74,6,RAND,C,0.4745916779289509,0.3412745069756331
AGCCCG.C,AGCCCGGC,74,6,AFF,G,0.3070834129456724,4.128688177242337e-20
AGCCCG.C,AGCCCGGC,74,6,RAND,G,0.9265515413929517,0.06817209444974698
AGCCCG.C,AGCCCGTC,74,6,AFF,T,0.3678940353175843,9.254077968272396e-10
AGCCCG.C,AGCCCGTC,74,6,RAND,T,-0.4223068930155873,0.6427475015909903
AGCCCGG.,AGCCCGGA,74,7,AFF,A,0.8536173711408919,7.254748282598262e-94
AGCCCGG.,AGCCCGGA,74,7,RAND,A,1.3805987294561182,0.0019108215382347233
AGCCCGG.,AGCCCGGC,74,7,AFF,C,0.5564514232352269,5.48282535102065e-62
AGCCCGG.,AGCCCGGC,74,7,RAND,C,0.4745916779289509,0.3412745069756331
AGCCCGG.,AGCCCGGG,74,7,AFF,G,0.3070834129456724,4.128688177242337e-20
AGCCCGG.,AGCCCGGG,74,7,RAND,G,0.9265515413929517,0.06817209444974698
AGCCCGG.,AGCCCGGT,74,7,AFF,T,0.3678940353175843,9.254077968272396e-10
AGCCCGG.,AGCCCGGT,74,7,RAND,T,-0.4223068930155873,0.6427475015909903
.CCCGGCC,ACCCGGCC,75,0,AFF,A,0.41123369463465553,3.72617985549623e-26
.CCCGGCC,ACCCGGCC,75,0,RAND,A,0.8191806196314135,0.03753693994701048
.CCCGGCC,CCCCGGCC,75,0,AFF,C,0.4631653236583505,1.1094297146865495e-84
.CCCGGCC,CCCCGGCC,75,0,RAND,C,0.526516230382688,0.04130813117470978
.CCCGGCC,GCCCGGCC,75,0,AFF,G,0.6662230131920327,1.42949547771479e-113
.CCCGGCC,GCCCGGCC,75,0,RAND,G,0.3000954711149151,0.231424013448854
.CCCGGCC,TCCCGGCC,75,0,AFF,T,0.5504303315986188,4.30550354686628e-65
.CCCGGCC,TCCCGGCC,75,0,RAND,T,0.42545278266699427,0.11587017655243108
G.CCGGCC,GACCGGCC,75,1,AFF,A,0.41123369463465553,3.72617985549623e-26
G.CCGGCC,GACCGGCC,75,1,RAND,A,0.8191806196314135,0.03753693994701048
G.CCGGCC,GCCCGGCC,75,1,AFF,C,0.4631653236583505,1.1094297146865495e-84
G.CCGGCC,GCCCGGCC,75,1,RAND,C,0.526516230382688,0.04130813117470978
G.CCGGCC,GGCCGGCC,75,1,AFF,G,0.6662230131920327,1.42949547771479e-113
G.CCGGCC,GGCCGGCC,75,1,RAND,G,0.3000954711149151,0.231424013448854
G.CCGGCC,GTCCGGCC,75,1,AFF,T,0.5504303315986188,4.30550354686628e-65
G.CCGGCC,GTCCGGCC,75,1,RAND,T,0.42545278266699427,0.11587017655243108
GC.CGGCC,GCACGGCC,75,2,AFF,A,0.41123369463465553,3.72617985549623e-26
GC.CGGCC,GCACGGCC,75,2,RAND,A,0.8191806196314135,0.03753693994701048
GC.CGGCC,GCCCGGCC,75,2,AFF,C,0.4631653236583505,1.1094297146865495e-84
GC.CGGCC,GCCCGGCC,75,2,RAND,C,0.526516230382688,0.04130813117470978
GC.CGGCC,GCGCGGCC,75,2,AFF,G,0.6662230131920327,1.42949547771479e-113
GC.CGGCC,GCGCGGCC,75,2,RAND,G,0.3000954711149151,0.231424013448854
GC.CGGCC,GCTCGGCC,75,2,AFF,T,0.5504303315986188,4.30550354686628e-65
GC.CGGCC,GCTCGGCC,75,2,RAND,T,0.42545278266699427,0.11587017655243108
GCC.GGCC,GCCAGGCC,75,3,AFF,A,0.41123369463465553,3.72617985549623e-26
GCC.GGCC,GCCAGGCC,75,3,RAND,A,0.8191806196314135,0.03753693994701048
GCC.GGCC,GCCCGGCC,75,3,AFF,C,0.4631653236583505,1.1094297146865495e-84
GCC.GGCC,GCCCGGCC,75,3,RAND,C,0.526516230382688,0.04130813117470978
GCC.GGCC,GCCGGGCC,75,3,AFF,G,0.6662230131920327,1.42949547771479e-113
GCC.GGCC,GCCGGGCC,75,3,RAND,G,0.3000954711149151,0.231424013448854
GCC.GGCC,GCCTGGCC,75,3,AFF,T,0.5504303315986188,4.30550354686628e-65
GCC.GGCC,GCCTGGCC,75,3,RAND,T,0.42545278266699427,0.11587017655243108
GCCC.GCC,GCCCAGCC,75,4,AFF,A,0.41123369463465553,3.72617985549623e-26
GCCC.GCC,GCCCAGCC,75,4,RAND,A,0.8191806196314135,0.03753693994701048
GCCC.GCC,GCCCCGCC,75,4,AFF,C,0.4631653236583505,1.1094297146865495e-84
GCCC.GCC,GCCCCGCC,75,4,RAND,C,0.526516230382688,0.04130813117470978
GCCC.GCC,GCCCGGCC,75,4,AFF,G,0.6662230131920327,1.42949547771479e-113
GCCC.GCC,GCCCGGCC,75,4,RAND,G,0.3000954711149151,0.231424013448854
GCCC.GCC,GCCCTGCC,75,4,AFF,T,0.5504303315986188,4.30550354686628e-65
GCCC.GCC,GCCCTGCC,75,4,RAND,T,0.42545278266699427,0.11587017655243108
GCCCG.CC,GCCCGACC,75,5,AFF,A,0.41123369463465553,3.72617985549623e-26
GCCCG.CC,GCCCGACC,75,5,RAND,A,0.8191806196314135,0.03753693994701048
GCCCG.CC,GCCCGCCC,75,5,AFF,C,0.4631653236583505,1.1094297146865495e-84
GCCCG.CC,GCCCGCCC,75,5,RAND,C,0.526516230382688,0.04130813117470978
GCCCG.CC,GCCCGGCC,75,5,AFF,G,0.6662230131920327,1.42949547771479e-113
GCCCG.CC,GCCCGGCC,75,5,RAND,G,0.3000954711149151,0.231424013448854
GCCCG.CC,GCCCGTCC,75,5,AFF,T,0.5504303315986188,4.30550354686628e-65
GCCCG.CC,GCCCGTCC,75,5,RAND,T,0.42545278266699427,0.11587017655243108
GCCCGG.C,GCCCGGAC,75,6,AFF,A,0.41123369463465553,3.72617985549623e-26
GCCCGG.C,GCCCGGAC,75,6,RAND,A,0.8191806196314135,0.03753693994701048
GCCCGG.C,GCCCGGCC,75,6,AFF,C,0.4631653236583505,1.1094297146865495e-84
GCCCGG.C,GCCCGGCC,75,6,RAND,C,0.526516230382688,0.04130813117470978
GCCCGG.C,GCCCGGGC,75,6,AFF,G,0.6662230131920327,1.42949547771479e-113
GCCCGG.C,GCCCGGGC,75,6,RAND,G,0.3000954711149151,0.231424013448854
GCCCGG.C,GCCCGGTC,75,6,AFF,T,0.5504303315986188,4.30550354686628e-65
GCCCGG.C,GCCCGGTC,75,6,RAND,T,0.42545278266699427,0.11587017655243108
GCCCGGC.,GCCCGGCA,75,7,AFF,A,0.41123369463465553,3.72617985549623e-26
GCCCGGC.,GCCCGGCA,75,7,RAND,A,0.8191806196314135,0.03753693994701048
GCCCGGC.,GCCCGGCC,75,7,AFF,C,0.4631653236583505,1.1094297146865495e-84
GCCCGGC.,GCCCGGCC,75,7,RAND,C,0.526516230382688,0.04130813117470978
GCCCGGC.,GCCCGGCG,75,7,AFF,G,0.6662230131920327,1.42949547771479e-113
GCCCGGC.,GCCCGGCG,75,7,RAND,G,0.3000954711149151,0.231424013448854
GCCCGGC.,GCCCGGCT,75,7,AFF,T,0.5504303315986188,4.30550354686628e-65
GCCCGGC.,GCCCGGCT,75,7,RAND,T,0.42545278266699427,0.11587017655243108
.CCGGCCT,ACCGGCCT,76,0,AFF,A,0.489571173783373,2.484656340026838e-59
.CCGGCCT,ACCGGCCT,76,0,RAND,A,0.36448710600806516,0.30002486684412577
.CCGGCCT,CCCGGCCT,76,0,AFF,C,0.49792378483230804,9.118037026231584e-115
.CCGGCCT,CCCGGCCT,76,0,RAND,C,0.62147935267962,0.0031356293033731678
.CCGGCCT,GCCGGCCT,76,0,AFF,G,0.6263735514110826,1.497421134223459e-127
.CCGGCCT,GCCGGCCT,76,0,RAND,G,0.585626307179175,0.0288786906032404
.CCGGCCT,TCCGGCCT,76,0,AFF,T,0.47036895383538313,5.0323349513363965e-65
.CCGGCCT,TCCGGCCT,76,0,RAND,T,0.3248344134499019,0.26269931143440006
C.CGGCCT,CACGGCCT,76,1,AFF,A,0.489571173783373,2.484656340026838e-59
C.CGGCCT,CACGGCCT,76,1,RAND,A,0.36448710600806516,0.30002486684412577
C.CGGCCT,CCCGGCCT,76,1,AFF,C,0.49792378483230804,9.118037026231584e-115
C.CGGCCT,CCCGGCCT,76,1,RAND,C,0.62147935267962,0.0031356293033731678
C.CGGCCT,CGCGGCCT,76,1,AFF,G,0.6263735514110826,1.497421134223459e-127
C.CGGCCT,CGCGGCCT,76,1,RAND,G,0.585626307179175,0.0288786906032404
C.CGGCCT,CTCGGCCT,76,1,AFF,T,0.47036895383538313,5.0323349513363965e-65
C.CGGCCT,CTCGGCCT,76,1,RAND,T,0.3248344134499019,0.26269931143440006
CC.GGCCT,CCAGGCCT,76,2,AFF,A,0.489571173783373,2.484656340026838e-59
CC.GGCCT,CCAGGCCT,76,2,RAND,A,0.36448710600806516,0.30002486684412577
CC.GGCCT,CCCGGCCT,76,2,AFF,C,0.49792378483230804,9.118037026231584e-115
CC.GGCCT,CCCGGCCT,76,2,RAND,C,0.62147935267962,0.0031356293033731678
CC.GGCCT,CCGGGCCT,76,2,AFF,G,0.6263735514110826,1.497421134223459e-127
CC.GGCCT,CCGGGCCT,76,2,RAND,G,0.585626307179175,0.0288786906032404
CC.GGCCT,CCTGGCCT,76,2,AFF,T,0.47036895383538313,5.0323349513363965e-65
CC.GGCCT,CCTGGCCT,76,2,RAND,T,0.3248344134499019,0.26269931143440006
CCC.GCCT,CCCAGCCT,76,3,AFF,A,0.489571173783373,2.484656340026838e-59
CCC.GCCT,CCCAGCCT,76,3,RAND,A,0.36448710600806516,0.30002486684412577
CCC.GCCT,CCCCGCCT,76,3,AFF,C,0.49792378483230804,9.118037026231584e-115
CCC.GCCT,CCCCGCCT,76,3,RAND,C,0.62147935267962,0.0031356293033731678
CCC.GCCT,CCCGGCCT,76,3,AFF,G,0.6263735514110826,1.497421134223459e-127
CCC.GCCT,CCCGGCCT,76,3,RAND,G,0.585626307179175,0.0288786906032404
CCC.GCCT,CCCTGCCT,76,3,AFF,T,0.47036895383538313,5.0323349513363965e-65
CCC.GCCT,CCCTGCCT,76,3,RAND,T,0.3248344134499019,0.26269931143440006
CCCG.CCT,CCCGACCT,76,4,AFF,A,0.489571173783373,2.484656340026838e-59
CCCG.CCT,CCCGACCT,76,4,RAND,A,0.36448710600806516,0.30002486684412577
CCCG.CCT,CCCGCCCT,76,4,AFF,C,0.49792378483230804,9.118037026231584e-115
CCCG.CCT,CCCGCCCT,76,4,RAND,C,0.62147935267962,0.0031356293033731678
CCCG.CCT,CCCGGCCT,76,4,AFF,G,0.6263735514110826,1.497421134223459e-127
CCCG.CCT,CCCGGCCT,76,4,RAND,G,0.585626307179175,0.0288786906032404
CCCG.CCT,CCCGTCCT,76,4,AFF,T,0.47036895383538313,5.0323349513363965e-65
CCCG.CCT,CCCGTCCT,76,4,RAND,T,0.3248344134499019,0.26269931143440006
CCCGG.CT,CCCGGACT,76,5,AFF,A,0.489571173783373,2.484656340026838e-59
CCCGG.CT,CCCGGACT,76,5,RAND,A,0.36448710600806516,0.30002486684412577
CCCGG.CT,CCCGGCCT,76,5,AFF,C,0.49792378483230804,9.118037026231584e-115
CCCGG.CT,CCCGGCCT,76,5,RAND,C,0.62147935267962,0.0031356293033731678
CCCGG.CT,CCCGGGCT,76,5,AFF,G,0.6263735514110826,1.497421134223459e-127
CCCGG.CT,CCCGGGCT,76,5,RAND,G,0.585626307179175,0.0288786906032404
CCCGG.CT,CCCGGTCT,76,5,AFF,T,0.47036895383538313,5.0323349513363965e-65
CCCGG.CT,CCCGGTCT,76,5,RAND,T,0.3248344134499019,0.26269931143440006
CCCGGC.T,CCCGGCAT,76,6,AFF,A,0.489571173783373,2.484656340026838e-59
CCCGGC.T,CCCGGCAT,76,6,RAND,A,0.36448710600806516,0.30002486684412577
CCCGGC.T,CCCGGCCT,76,6,AFF,C,0.49792378483230804,9.118037026231584e-115
CCCGGC.T,CCCGGCCT,76,6,RAND,C,0.62147935267962,0.0031356293033731678
CCCGGC.T,CCCGGCGT,76,6,AFF,G,0.6263735514110826,1.497421134223459e-127
CCCGGC.T,CCCGGCGT,76,6,RAND,G,0.585626307179175,0.0288786906032404
CCCGGC.T,CCCGGCTT,76,6,AFF,T,0.47036895383538313,5.0323349513363965e-65
CCCGGC.T,CCCGGCTT,76,6,RAND,T,0.3248344134499019,0.26269931143440006
CCCGGCC.,CCCGGCCA,76,7,AFF,A,0.489571173783373,2.484656340026838e-59
CCCGGCC.,CCCGGCCA,76,7,RAND,A,0.36448710600806516,0.30002486684412577
CCCGGCC.,CCCGGCCC,76,7,AFF,C,0.49792378483230804,9.118037026231584e-115
CCCGGCC.,CCCGGCCC,76,7,RAND,C,0.62147935267962,0.0031356293033731678
CCCGGCC.,CCCGGCCG,76,7,AFF,G,0.6263735514110826,1.497421134223459e-127
CCCGGCC.,CCCGGCCG,76,7,RAND,G,0.585626307179175,0.0288786906032404
CCCGGCC.,CCCGGCCT,76,7,AFF,T,0.47036895383538313,5.0323349513363965e-65
CCCGGCC.,CCCGGCCT,76,7,RAND,T,0.3248344134499019,0.26269931143440006
.CGGCCTG,ACGGCCTG,77,0,AFF,A,0.5904465204064788,1.3349786346957845e-19
.CGGCCTG,ACGGCCTG,77,0,RAND,A,nan,nan
.CGGCCTG,CCGGCCTG,77,0,AFF,C,0.4867272640205775,1.1428754788838184e-46
.CGGCCTG,CCGGCCTG,77,0,RAND,C,0.4623256455244392,0.10490735510297344
.CGGCCTG,GCGGCCTG,77,0,AFF,G,0.5150511751130413,7.746889349378608e-45
.CGGCCTG,GCGGCCTG,77,0,RAND,G,1.5032531347184053,5.995404756932507e-06
.CGGCCTG,TCGGCCTG,77,0,AFF,T,0.5706114770673959,5.513791673085656e-31
.CGGCCTG,TCGGCCTG,77,0,RAND,T,0.10026946033071915,0.8267641882325834
C.GGCCTG,CAGGCCTG,77,1,AFF,A,0.5904465204064788,1.3349786346957845e-19
C.GGCCTG,CAGGCCTG,77,1,RAND,A,nan,nan
C.GGCCTG,CCGGCCTG,77,1,AFF,C,0.4867272640205775,1.1428754788838184e-46
C.GGCCTG,CCGGCCTG,77,1,RAND,C,0.4623256455244392,0.10490735510297344
C.GGCCTG,CGGGCCTG,77,1,AFF,G,0.5150511751130413,7.746889349378608e-45
C.GGCCTG,CGGGCCTG,77,1,RAND,G,1.5032531347184053,5.995404756932507e-06
C.GGCCTG,CTGGCCTG,77,1,AFF,T,0.5706114770673959,5.513791673085656e-31
C.GGCCTG,CTGGCCTG,77,1,RAND,T,0.10026946033071915,0.8267641882325834
CC.GCCTG,CCAGCCTG,77,2,AFF,A,0.5904465204064788,1.3349786346957845e-19
CC.GCCTG,CCAGCCTG,77,2,RAND,A,nan,nan
CC.GCCTG,CCCGCCTG,77,2,AFF,C,0.4867272640205775,1.1428754788838184e-46
CC.GCCTG,CCCGCCTG,77,2,RAND,C,0.4623256455244392,0.10490735510297344
CC.GCCTG,CCGGCCTG,77,2,AFF,G,0.5150511751130413,7.746889349378608e-45
CC.GCCTG,CCGGCCTG,77,2,RAND,G,1.5032531347184053,5.995404756932507e-06
CC.GCCTG,CCTGCCTG,77,2,AFF,T,0.5706114770673959,5.513791673085656e-31
CC.GCCTG,CCTGCCTG,77,2,RAND,T,0.10026946033071915,0.8267641882325834
CCG.CCTG,CCGACCTG,77,3,AFF,A,0.5904465204064788,1.3349786346957845e-19
CCG.CCTG,CCGACCTG,77,3,RAND,A,nan,nan
CCG.CCTG,CCGCCCTG,77,3,AFF,C,0.4867272640205775,1.1428754788838184e-46
CCG.CCTG,CCGCCCTG,77,3,RAND,C,0.4623256455244392,0.10490735510297344
CCG.CCTG,CCGGCCTG,77,3,AFF,G,0.5150511751130413,7.746889349378608e-45
CCG.CCTG,CCGGCCTG,77,3,RAND,G,1.5032531347184053,5.995404756932507e-06
CCG.CCTG,CCGTCCTG,77,3,AFF,T,0.5706114770673959,5.513791673085656e-31
CCG.CCTG,CCGTCCTG,77,3,RAND,T,0.10026946033071915,0.8267641882325834
CCGG.CTG,CCGGACTG,77,4,AFF,A,0.5904465204064788,1.3349786346957845e-19
CCGG.CTG,CCGGACTG,77,4,RAND,A,nan,nan
CCGG.CTG,CCGGCCTG,77,4,AFF,C,0.4867272640205775,1.1428754788838184e-46
CCGG.CTG,CCGGCCTG,77,4,RAND,C,0.4623256455244392,0.10490735510297344
CCGG.CTG,CCGGGCTG,77,4,AFF,G,0.5150511751130413,7.746889349378608e-45
CCGG.CTG,CCGGGCTG,77,4,RAND,G,1.5032531347184053,5.995404756932507e-06
CCGG.CTG,CCGGTCTG,77,4,AFF,T,0.5706114770673959,5.513791673085656e-31
CCGG.CTG,CCGGTCTG,77,4,RAND,T,0.10026946033071915,0.8267641882325834
CCGGC.TG,CCGGCATG,77,5,AFF,A,0.5904465204064788,1.3349786346957845e-19
CCGGC.TG,CCGGCATG,77,5,RAND,A,nan,nan
CCGGC.TG,CCGGCCTG,77,5,AFF,C,0.4867272640205775,1.1428754788838184e-46
CCGGC.TG,CCGGCCTG,77,5,RAND,C,0.4623256455244392,0.10490735510297344
CCGGC.TG,CCGGCGTG,77,5,AFF,G,0.5150511751130413,7.746889349378608e-45
CCGGC.TG,CCGGCGTG,77,5,RAND,G,1.5032531347184053,5.995404756932507e-06
CCGGC.TG,CCGGCTTG,77,5,AFF,T,0.5706114770673959,5.513791673085656e-31
CCGGC.TG,CCGGCTTG,77,5,RAND,T,0.10026946033071915,0.8267641882325834
CCGGCC.G,CCGGCCAG,77,6,AFF,A,0.5904465204064788,1.3349786346957845e-19
CCGGCC.G,CCGGCCAG,77,6,RAND,A,nan,nan
CCGGCC.G,CCGGCCCG,77,6,AFF,C,0.4867272640205775,1.1428754788838184e-46
CCGGCC.G,CCGGCCCG,77,6,RAND,C,0.4623256455244392,0.10490735510297344
CCGGCC.G,CCGGCCGG,77,6,AFF,G,0.5150511751130413,7.746889349378608e-45
CCGGCC.G,CCGGCCGG,77,6,RAND,G,1.5032531347184053,5.995404756932507e-06
CCGGCC.G,CCGGCCTG,77,6,AFF,T,0.5706114770673959,5.513791673085656e-31
CCGGCC.G,CCGGCCTG,77,6,RAND,T,0.10026946033071915,0.8267641882325834
CCGGCCT.,CCGGCCTA,77,7,AFF,A,0.5904465204064788,1.3349786346957845e-19
CCGGCCT.,CCGGCCTA,77,7,RAND,A,nan,nan
CCGGCCT.,CCGGCCTC,77,7,AFF,C,0.4867272640205775,1.1428754788838184e-46
CCGGCCT.,CCGGCCTC,77,7,RAND,C,0.4623256455244392,0.10490735510297344
CCGGCCT.,CCGGCCTG,77,7,AFF,G,0.5150511751130413,7.746889349378608e-45
CCGGCCT.,CCGGCCTG,77,7,RAND,G,1.5032531347184053,5.995404756932507e-06
CCGGCCT.,CCGGCCTT,77,7,AFF,T,0.5706114770673959,5.513791673085656e-31
CCGGCCT.,CCGGCCTT,77,7,RAND,T,0.10026946033071915,0.8267641882325834
.GGCCTGG,AGGCCTGG,78,0,AFF,A,0.49575884803268194,6.956855919489921e-25
.GGCCTGG,AGGCCTGG,78,0,RAND,A,1.5757125857535765,0.0004802765839542347
.GGCCTGG,CGGCCTGG,78,0,AFF,C,0.5239275677999133,3.2266839816187473e-40
.GGCCTGG,CGGCCTGG,78,0,RAND,C,0.996560778459711,0.008894456266470672
.GGCCTGG,GGGCCTGG,78,0,AFF,G,0.4549711992270167,2.502806662136509e-38
.GGCCTGG,GGGCCTGG,78,0,RAND,G,0.040370464521649496,0.9184926806377152
.GGCCTGG,TGGCCTGG,78,0,AFF,T,0.42000771952498717,6.298991431031808e-16
.GGCCTGG,TGGCCTGG,78,0,RAND,T,-0.22211861936463334,0.7461473320895772
C.GCCTGG,CAGCCTGG,78,1,AFF,A,0.49575884803268194,6.956855919489921e-25
C.GCCTGG,CAGCCTGG,78,1,RAND,A,1.5757125857535765,0.0004802765839542347
C.GCCTGG,CCGCCTGG,78,1,AFF,C,0.5239275677999133,3.2266839816187473e-40
C.GCCTGG,CCGCCTGG,78,1,RAND,C,0.996560778459711,0.008894456266470672
C.GCCTGG,CGGCCTGG,78,1,AFF,G,0.4549711992270167,2.502806662136509e-38
C.GCCTGG,CGGCCTGG,78,1,RAND,G,0.040370464521649496,0.9184926806377152
C.GCCTGG,CTGCCTGG,78,1,AFF,T,0.42000771952498717,6.298991431031808e-16
C.GCCTGG,CTGCCTGG,78,1,RAND,T,-0.22211861936463334,0.7461473320895772
CG.CCTGG,CGACCTGG,78,2,AFF,A,0.49575884803268194,6.956855919489921e-25
CG.CCTGG,CGACCTGG,78,2,RAND,A,1.5757125857535765,0.0004802765839542347
CG.CCTGG,CGCCCTGG,78,2,AFF,C,0.5239275677999133,3.2266839816187473e-40
CG.CCTGG,CGCCCTGG,78,2,RAND,C,0.996560778459711,0.008894456266470672
CG.CCTGG,CGGCCTGG,78,2,AFF,G,0.4549711992270167,2.502806662136509e-38
CG.CCTGG,CGGCCTGG,78,2,RAND,G,0.040370464521649496,0.9184926806377152
CG.CCTGG,CGTCCTGG,78,2,AFF,T,0.42000771952498717,6.298991431031808e-16
CG.CCTGG,CGTCCTGG,78,2,RAND,T,-0.22211861936463334,0.7461473320895772
CGG.CTGG,CGGACTGG,78,3,AFF,A,0.49575884803268194,6.956855919489921e-25
CGG.CTGG,CGGACTGG,78,3,RAND,A,1.5757125857535765,0.0004802765839542347
CGG.CTGG,CGGCCTGG,78,3,AFF,C,0.5239275677999133,3.2266839816187473e-40
CGG.CTGG,CGGCCTGG,78,3,RAND,C,0.996560778459711,0.008894456266470672
CGG.CTGG,CGGGCTGG,78,3,AFF,G,0.4549711992270167,2.502806662136509e-38
CGG.CTGG,CGGGCTGG,78,3,RAND,G,0.040370464521649496,0.9184926806377152
CGG.CTGG,CGGTCTGG,78,3,AFF,T,0.42000771952498717,6.298991431031808e-16
CGG.CTGG,CGGTCTGG,78,3,RAND,T,-0.22211861936463334,0.7461473320895772
CGGC.TGG,CGGCATGG,78,4,AFF,A,0.49575884803268194,6.956855919489921e-25
CGGC.TGG,CGGCATGG,78,4,RAND,A,1.5757125857535765,0.0004802765839542347
CGGC.TGG,CGGCCTGG,78,4,AFF,C,0.5239275677999133,3.2266839816187473e-40
CGGC.TGG,CGGCCTGG,78,4,RAND,C,0.996560778459711,0.008894456266470672
CGGC.TGG,CGGCGTGG,78,4,AFF,G,0.4549711992270167,2.502806662136509e-38
CGGC.TGG,CGGCGTGG,78,4,RAND,G,0.040370464521649496,0.9184926806377152
CGGC.TGG,CGGCTTGG,78,4,AFF,T,0.42000771952498717,6.298991431031808e-16
CGGC.TGG,CGGCTTGG,78,4,RAND,T,-0.22211861936463334,0.7461473320895772
CGGCC.GG,CGGCCAGG,78,5,AFF,A,0.49575884803268194,6.956855919489921e-25
CGGCC.GG,CGGCCAGG,78,5,RAND,A,1.5757125857535765,0.0004802765839542347
CGGCC.GG,CGGCCCGG,78,5,AFF,C,0.5239275677999133,3.2266839816187473e-40
CGGCC.GG,CGGCCCGG,78,5,RAND,C,0.996560778459711,0.008894456266470672
CGGCC.GG,CGGCCGGG,78,5,AFF,G,0.4549711992270167,2.502806662136509e-38
CGGCC.GG,CGGCCGGG,78,5,RAND,G,0.040370464521649496,0.9184926806377152
CGGCC.GG,CGGCCTGG,78,5,AFF,T,0.42000771952498717,6.298991431031808e-16
CGGCC.GG,CGGCCTGG,78,5,RAND,T,-0.22211861936463334,0.7461473320895772
CGGCCT.G,CGGCCTAG,78,6,AFF,A,0.49575884803268194,6.956855919489921e-25
CGGCCT.G,CGGCCTAG,78,6,RAND,A,1.5757125857535765,0.0004802765839542347
CGGCCT.G,CGGCCTCG,78,6,AFF,C,0.5239275677999133,3.2266839816187473e-40
CGGCCT.G,CGGCCTCG,78,6,RAND,C,0.996560778459711,0.008894456266470672
CGGCCT.G,CGGCCTGG,78,6,AFF,G,0.4549711992270167,2.502806662136509e-38
CGGCCT.G,CGGCCTGG,78,6,RAND,G,0.040370464521649496,0.9184926806377152
CGGCCT.G,CGGCCTTG,78,6,AFF,T,0.42000771952498717,6.298991431031808e-16
CGGCCT.G,CGGCCTTG,78,6,RAND,T,-0.22211861936463334,0.7461473320895772
CGGCCTG.,CGGCCTGA,78,7,AFF,A,0.49575884803268194,6.956855919489921e-25
CGGCCTG.,CGGCCTGA,78,7,RAND,A,1.5757125857535765,0.0004802765839542347
CGGCCTG.,CGGCCTGC,78,7,AFF,C,0.5239275677999133,3.2266839816187473e-40
CGGCCTG.,CGGCCTGC,78,7,RAND,C,0.996560778459711,0.008894456266470672
CGGCCTG.,CGGCCTGG,78,7,AFF,G,0.4549711992270167,2.502806662136509e-38
CGGCCTG.,CGGCCTGG,78,7,RAND,G,0.040370464521649496,0.9184926806377152
CGGCCTG.,CGGCCTGT,78,7,AFF,T,0.42000771952498717,6.298991431031808e-16
CGGCCTG.,CGGCCTGT,78,7,RAND,T,-0.22211861936463334,0.7461473320895772
.GCCTGGC,AGCCTGGC,79,0,AFF,A,0.38173887652902483,6.384094806779478e-46
.GCCTGGC,AGCCTGGC,79,0,RAND,A,0.11436094419676121,0.674197562058937
.GCCTGGC,CGCCTGGC,79,0,AFF,C,0.49608657903494,2.189428328715152e-102
.GCCTGGC,CGCCTGGC,79,0,RAND,C,0.6325728308611376,0.013696302080122076
.GCCTGGC,GGCCTGGC,79,0,AFF,G,0.4082480671566155,1.2610751447848868e-82
.GCCTGGC,GGCCTGGC,79,0,RAND,G,0.8195176585374864,0.00029862822843559504
.GCCTGGC,TGCCTGGC,79,0,AFF,T,0.2666896123090308,1.5501773446707108e-16
.GCCTGGC,TGCCTGGC,79,0,RAND,T,-0.29613438812887255,0.5840663235540221
G.CCTGGC,GACCTGGC,79,1,AFF,A,0.38173887652902483,6.384094806779478e-46
G.CCTGGC,GACCTGGC,79,1,RAND,A,0.11436094419676121,0.674197562058937
G.CCTGGC,GCCCTGGC,79,1,AFF,C,0.49608657903494,2.189428328715152e-102
G.CCTGGC,GCCCTGGC,79,1,RAND,C,0.6325728308611376,0.013696302080122076
G.CCTGGC,GGCCTGGC,79,1,AFF,G,0.4082480671566155,1.2610751447848868e-82
G.CCTGGC,GGCCTGGC,79,1,RAND,G,0.8195176585374864,0.00029862822843559504
G.CCTGGC,GTCCTGGC,79,1,AFF,T,0.2666896123090308,1.5501773446707108e-16
G.CCTGGC,GTCCTGGC,79,1,RAND,T,-0.29613438812887255,0.5840663235540221
GG.CTGGC,GGACTGGC,79,2,AFF,A,0.38173887652902483,6.384094806779478e-46
GG.CTGGC,GGACTGGC,79,2,RAND,A,0.11436094419676121,0.674197562058937
GG.CTGGC,GGCCTGGC,79,2,AFF,C,0.49608657903494,2.189428328715152e-102
GG.CTGGC,GGCCTGGC,79,2,RAND,C,0.6325728308611376,0.013696302080122076
GG.CTGGC,GGGCTGGC,79,2,AFF,G,0.4082480671566155,1.2610751447848868e-82
GG.CTGGC,GGGCTGGC,79,2,RAND,G,0.8195176585374864,0.00029862822843559504
GG.CTGGC,GGTCTGGC,79,2,AFF,T,0.2666896123090308,1.5501773446707108e-16
GG.CTGGC,GGTCTGGC,79,2,RAND,T,-0.29613438812887255,0.5840663235540221
GGC.TGGC,GGCATGGC,79,3,AFF,A,0.38173887652902483,6.384094806779478e-46
GGC.TGGC,GGCATGGC,79,3,RAND,A,0.11436094419676121,0.674197562058937
GGC.TGGC,GGCCTGGC,79,3,AFF,C,0.49608657903494,2.189428328715152e-102
GGC.TGGC,GGCCTGGC,79,3,RAND,C,0.6325728308611376,0.013696302080122076
GGC.TGGC,GGCGTGGC,79,3,AFF,G,0.4082480671566155,1.2610751447848868e-82
GGC.TGGC,GGCGTGGC,79,3,RAND,G,0.8195176585374864,0.00029862822843559504
GGC.TGGC,GGCTTGGC,79,3,AFF,T,0.2666896123090308,1.5501773446707108e-16
GGC.TGGC,GGCTTGGC,79,3,RAND,T,-0.29613438812887255,0.5840663235540221
GGCC.GGC,GGCCAGGC,79,4,AFF,A,0.38173887652902483,6.384094806779478e-46
GGCC.GGC,GGCCAGGC,79,4,RAND,A,0.11436094419676121,0.674197562058937
GGCC.GGC,GGCCCGGC,79,4,AFF,C,0.49608657903494,2.189428328715152e-102
GGCC.GGC,GGCCCGGC,79,4,RAND,C,0.6325728308611376,0.013696302080122076
GGCC.GGC,GGCCGGGC,79,4,AFF,G,0.4082480671566155,1.2610751447848868e-82
GGCC.GGC,GGCCGGGC,79,4,RAND,G,0.8195176585374864,0.00029862822843559504
GGCC.GGC,GGCCTGGC,79,4,AFF,T,0.2666896123090308,1.5501773446707108e-16
GGCC.GGC,GGCCTGGC,79,4,RAND,T,-0.29613438812887255,0.5840663235540221
GGCCT.GC,GGCCTAGC,79,5,AFF,A,0.38173887652902483,6.384094806779478e-46
GGCCT.GC,GGCCTAGC,79,5,RAND,A,0.11436094419676121,0.674197562058937
GGCCT.GC,GGCCTCGC,79,5,AFF,C,0.49608657903494,2.189428328715152e-102
GGCCT.GC,GGCCTCGC,79,5,RAND,C,0.6325728308611376,0.013696302080122076
GGCCT.GC,GGCCTGGC,79,5,AFF,G,0.4082480671566155,1.2610751447848868e-82
GGCCT.GC,GGCCTGGC,79,5,RAND,G,0.8195176585374864,0.00029862822843559504
GGCCT.GC,GGCCTTGC,79,5,AFF,T,0.2666896123090308,1.5501773446707108e-16
GGCCT.GC,GGCCTTGC,79,5,RAND,T,-0.29613438812887255,0.5840663235540221
GGCCTG.C,GGCCTGAC,79,6,AFF,A,0.38173887652902483,6.384094806779478e-46
GGCCTG.C,GGCCTGAC,79,6,RAND,A,0.11436094419676121,0.674197562058937
GGCCTG.C,GGCCTGCC,79,6,AFF,C,0.49608657903494,2.189428328715152e-102
GGCCTG.C,GGCCTGCC,79,6,RAND,C,0.6325728308611376,0.013696302080122076
GGCCTG.C,GGCCTGGC,79,6,AFF,G,0.4082480671566155,1.2610751447848868e-82
GGCCTG.C,GGCCTGGC,79,6,RAND,G,0.8195176585374864,0.00029862822843559504
GGCCTG.C,GGCCTGTC,79,6,AFF,T,0.2666896123090308,1.5501773446707108e-16
GGCCTG.C,GGCCTGTC,79,6,RAND,T,-0.29613438812887255,0.5840663235540221
GGCCTGG.,GGCCTGGA,79,7,AFF,A,0.38173887652902483,6.384094806779478e-46
GGCCTGG.,GGCCTGGA,79,7,RAND,A,0.11436094419676121,0.674197562058937
GGCCTGG.,GGCCTGGC,79,7,AFF,C,0.49608657903494,2.189428328715152e-102
GGCCTGG.,GGCCTGGC,79,7,RAND,C,0.6325728308611376,0.013696302080122076
GGCCTGG.,GGCCTGGG,79,7,AFF,G,0.4082480671566155,1.2610751447848868e-82
GGCCTGG.,GGCCTGGG,79,7,RAND,G,0.8195176585374864,0.00029862822843559504
GGCCTGG.,GGCCTGGT,79,7,AFF,T,0.2666896123090308,1.5501773446707108e-16
GGCCTGG.,GGCCTGGT,79,7,RAND,T,-0.29613438812887255,0.5840663235540221
.CCTGGCC,ACCTGGCC,80,0,AFF,A,0.2714589509124954,1.0164398336324195e-15
.CCTGGCC,ACCTGGCC,80,0,RAND,A,0.6518015263767003,0.02609433261682901
.CCTGGCC,CCCTGGCC,80,0,AFF,C,0.3409414489826583,1.4275716788314839e-46
.CCTGGCC,CCCTGGCC,80,0,RAND,C,0.2444723453381507,0.22218188054080779
.CCTGGCC,GCCTGGCC,80,0,AFF,G,0.7262228320732009,1.639367116309176e-113
.CCTGGCC,GCCTGGCC,80,0,RAND,G,0.5308610364111646,0.04909563631838196
.CCTGGCC,TCCTGGCC,80,0,AFF,T,0.2684364436391789,2.265635251255388e-24
.CCTGGCC,TCCTGGCC,80,0,RAND,T,0.5430871738249737,0.032986959318853905
G.CTGGCC,GACTGGCC,80,1,AFF,A,0.2714589509124954,1.0164398336324195e-15
G.CTGGCC,GACTGGCC,80,1,RAND,A,0.6518015263767003,0.02609433261682901
G.CTGGCC,GCCTGGCC,80,1,AFF,C,0.3409414489826583,1.4275716788314839e-46
G.CTGGCC,GCCTGGCC,80,1,RAND,C,0.2444723453381507,0.22218188054080779
G.CTGGCC,GGCTGGCC,80,1,AFF,G,0.7262228320732009,1.639367116309176e-113
G.CTGGCC,GGCTGGCC,80,1,RAND,G,0.5308610364111646,0.04909563631838196
G.CTGGCC,GTCTGGCC,80,1,AFF,T,0.2684364436391789,2.265635251255388e-24
G.CTGGCC,GTCTGGCC,80,1,RAND,T,0.5430871738249737,0.032986959318853905
GC.TGGCC,GCATGGCC,80,2,AFF,A,0.2714589509124954,1.0164398336324195e-15
GC.TGGCC,GCATGGCC,80,2,RAND,A,0.6518015263767003,0.02609433261682901
GC.TGGCC,GCCTGGCC,80,2,AFF,C,0.3409414489826583,1.4275716788314839e-46
GC.TGGCC,GCCTGGCC,80,2,RAND,C,0.2444723453381507,0.22218188054080779
GC.TGGCC,GCGTGGCC,80,2,AFF,G,0.7262228320732009,1.639367116309176e-113
GC.TGGCC,GCGTGGCC,80,2,RAND,G,0.5308610364111646,0.04909563631838196
GC.TGGCC,GCTTGGCC,80,2,AFF,T,0.2684364436391789,2.265635251255388e-24
GC.TGGCC,GCTTGGCC,80,2,RAND,T,0.5430871738249737,0.032986959318853905
GCC.GGCC,GCCAGGCC,80,3,AFF,A,0.2714589509124954,1.0164398336324195e-15
GCC.GGCC,GCCAGGCC,80,3,RAND,A,0.6518015263767003,0.02609433261682901
GCC.GGCC,GCCCGGCC,80,3,AFF,C,0.3409414489826583,1.4275716788314839e-46
GCC.GGCC,GCCCGGCC,80,3,RAND,C,0.2444723453381507,0.22218188054080779
GCC.GGCC,GCCGGGCC,80,3,AFF,G,0.7262228320732009,1.639367116309176e-113
GCC.GGCC,GCCGGGCC,80,3,RAND,G,0.5308610364111646,0.04909563631838196
GCC.GGCC,GCCTGGCC,80,3,AFF,T,0.2684364436391789,2.265635251255388e-24
GCC.GGCC,GCCTGGCC,80,3,RAND,T,0.5430871738249737,0.032986959318853905
GCCT.GCC,GCCTAGCC,80,4,AFF,A,0.2714589509124954,1.0164398336324195e-15
GCCT.GCC,GCCTAGCC,80,4,RAND,A,0.6518015263767003,0.02609433261682901
GCCT.GCC,GCCTCGCC,80,4,AFF,C,0.3409414489826583,1.4275716788314839e-46
GCCT.GCC,GCCTCGCC,80,4,RAND,C,0.2444723453381507,0.22218188054080779
GCCT.GCC,GCCTGGCC,80,4,AFF,G,0.7262228320732009,1.639367116309176e-113
GCCT.GCC,GCCTGGCC,80,4,RAND,G,0.5308610364111646,0.04909563631838196
GCCT.GCC,GCCTTGCC,80,4,AFF,T,0.2684364436391789,2.265635251255388e-24
GCCT.GCC,GCCTTGCC,80,4,RAND,T,0.5430871738249737,0.032986959318853905
GCCTG.CC,GCCTGACC,80,5,AFF,A,0.2714589509124954,1.0164398336324195e-15
GCCTG.CC,GCCTGACC,80,5,RAND,A,0.6518015263767003,0.02609433261682901
GCCTG.CC,GCCTGCCC,80,5,AFF,C,0.3409414489826583,1.4275716788314839e-46
GCCTG.CC,GCCTGCCC,80,5,RAND,C,0.2444723453381507,0.22218188054080779
GCCTG.CC,GCCTGGCC,80,5,AFF,G,0.7262228320732009,1.639367116309176e-113
GCCTG.CC,GCCTGGCC,80,5,RAND,G,0.5308610364111646,0.04909563631838196
GCCTG.CC,GCCTGTCC,80,5,AFF,T,0.2684364436391789,2.265635251255388e-24
GCCTG.CC,GCCTGTCC,80,5,RAND,T,0.5430871738249737,0.032986959318853905
GCCTGG.C,GCCTGGAC,80,6,AFF,A,0.2714589509124954,1.0164398336324195e-15
GCCTGG.C,GCCTGGAC,80,6,RAND,A,0.6518015263767003,0.02609433261682901
GCCTGG.C,GCCTGGCC,80,6,AFF,C,0.3409414489826583,1.4275716788314839e-46
GCCTGG.C,GCCTGGCC,80,6,RAND,C,0.2444723453381507,0.22218188054080779
GCCTGG.C,GCCTGGGC,80,6,AFF,G,0.7262228320732009,1.639367116309176e-113
GCCTGG.C,GCCTGGGC,80,6,RAND,G,0.5308610364111646,0.04909563631838196
GCCTGG.C,GCCTGGTC,80,6,AFF,T,0.2684364436391789,2.265635251255388e-24
GCCTGG.C,GCCTGGTC,80,6,RAND,T,0.5430871738249737,0.032986959318853905
GCCTGGC.,GCCTGGCA,80,7,AFF,A,0.2714589509124954,1.0164398336324195e-15
GCCTGGC.,GCCTGGCA,80,7,RAND,A,0.6518015263767003,0.02609433261682901
GCCTGGC.,GCCTGGCC,80,7,AFF,C,0.3409414489826583,1.4275716788314839e-46
GCCTGGC.,GCCTGGCC,80,7,RAND,C,0.2444723453381507,0.22218188054080779
GCCTGGC.,GCCTGGCG,80,7,AFF,G,0.7262228320732009,1.639367116309176e-113
GCCTGGC.,GCCTGGCG,80,7,RAND,G,0.5308610364111646,0.04909563631838196
GCCTGGC.,GCCTGGCT,80,7,AFF,T,0.2684364436391789,2.265635251255388e-24
GCCTGGC.,GCCTGGCT,80,7,RAND,T,0.5430871738249737,0.032986959318853905
.CTGGCCC,ACTGGCCC,81,0,AFF,A,0.21223501288972607,4.751710416691859e-16
.CTGGCCC,ACTGGCCC,81,0,RAND,A,-0.23612729134783636,0.3371781690571365
.CTGGCCC,CCTGGCCC,81,0,AFF,C,0.37374474449890616,4.927246530563293e-59
.CTGGCCC,CCTGGCCC,81,0,RAND,C,0.3525767682233135,0.12616675179258532
.CTGGCCC,GCTGGCCC,81,0,AFF,G,0.7535941093423482,4.770726070604449e-131
.CTGGCCC,GCTGGCCC,81,0,RAND,G,1.1112934396408436,0.0009328589093779776
.CTGGCCC,TCTGGCCC,81,0,AFF,T,0.3248995606542563,4.06147732443545e-40
.CTGGCCC,TCTGGCCC,81,0,RAND,T,0.7725577820366976,0.0007060837506949686
C.TGGCCC,CATGGCCC,81,1,AFF,A,0.21223501288972607,4.751710416691859e-16
C.TGGCCC,CATGGCCC,81,1,RAND,A,-0.23612729134783636,0.3371781690571365
C.TGGCCC,CCTGGCCC,81,1,AFF,C,0.37374474449890616,4.927246530563293e-59
C.TGGCCC,CCTGGCCC,81,1,RAND,C,0.3525767682233135,0.12616675179258532
C.TGGCCC,CGTGGCCC,81,1,AFF,G,0.7535941093423482,4.770726070604449e-131
C.TGGCCC,CGTGGCCC,81,1,RAND,G,1.1112934396408436,0.0009328589093779776
C.TGGCCC,CTTGGCCC,81,1,AFF,T,0.3248995606542563,4.06147732443545e-40
C.TGGCCC,CTTGGCCC,81,1,RAND,T,0.7725577820366976,0.0007060837506949686
CC.GGCCC,CCAGGCCC,81,2,AFF,A,0.21223501288972607,4.751710416691859e-16
CC.GGCCC,CCAGGCCC,81,2,RAND,A,-0.23612729134783636,0.3371781690571365
CC.GGCCC,CCCGGCCC,81,2,AFF,C,0.37374474449890616,4.927246530563293e-59
CC.GGCCC,CCCGGCCC,81,2,RAND,C,0.3525767682233135,0.12616675179258532
CC.GGCCC,CCGGGCCC,81,2,AFF,G,0.7535941093423482,4.770726070604449e-131
CC.GGCCC,CCGGGCCC,81,2,RAND,G,1.1112934396408436,0.0009328589093779776
CC.GGCCC,CCTGGCCC,81,2,AFF,T,0.3248995606542563,4.06147732443545e-40
CC.GGCCC,CCTGGCCC,81,2,RAND,T,0.7725577820366976,0.0007060837506949686
CCT.GCCC,CCTAGCCC,81,3,AFF,A,0.21223501288972607,4.751710416691859e-16
CCT.GCCC,CCTAGCCC,81,3,RAND,A,-0.23612729134783636,0.3371781690571365
CCT.GCCC,CCTCGCCC,81,3,AFF,C,0.37374474449890616,4.927246530563293e-59
CCT.GCCC,CCTCGCCC,81,3,RAND,C,0.3525767682233135,0.12616675179258532
CCT.GCCC,CCTGGCCC,81,3,AFF,G,0.7535941093423482,4.770726070604449e-131
CCT.GCCC,CCTGGCCC,81,3,RAND,G,1.1112934396408436,0.0009328589093779776
CCT.GCCC,CCTTGCCC,81,3,AFF,T,0.3248995606542563,4.06147732443545e-40
CCT.GCCC,CCTTGCCC,81,3,RAND,T,0.7725577820366976,0.0007060837506949686
CCTG.CCC,CCTGACCC,81,4,AFF,A,0.21223501288972607,4.751710416691859e-16
CCTG.CCC,CCTGACCC,81,4,RAND,A,-0.23612729134783636,0.3371781690571365
CCTG.CCC,CCTGCCCC,81,4,AFF,C,0.37374474449890616,4.927246530563293e-59
CCTG.CCC,CCTGCCCC,81,4,RAND,C,0.3525767682233135,0.12616675179258532
CCTG.CCC,CCTGGCCC,81,4,AFF,G,0.7535941093423482,4.770726070604449e-131
CCTG.CCC,CCTGGCCC,81,4,RAND,G,1.1112934396408436,0.0009328589093779776
CCTG.CCC,CCTGTCCC,81,4,AFF,T,0.3248995606542563,4.06147732443545e-40
CCTG.CCC,CCTGTCCC,81,4,RAND,T,0.7725577820366976,0.0007060837506949686
CCTGG.CC,CCTGGACC,81,5,AFF,A,0.21223501288972607,4.751710416691859e-16
CCTGG.CC,CCTGGACC,81,5,RAND,A,-0.23612729134783636,0.3371781690571365
CCTGG.CC,CCTGGCCC,81,5,AFF,C,0.37374474449890616,4.927246530563293e-59
CCTGG.CC,CCTGGCCC,81,5,RAND,C,0.3525767682233135,0.12616675179258532
CCTGG.CC,CCTGGGCC,81,5,AFF,G,0.7535941093423482,4.770726070604449e-131
CCTGG.CC,CCTGGGCC,81,5,RAND,G,1.1112934396408436,0.0009328589093779776
CCTGG.CC,CCTGGTCC,81,5,AFF,T,0.3248995606542563,4.06147732443545e-40
CCTGG.CC,CCTGGTCC,81,5,RAND,T,0.7725577820366976,0.0007060837506949686
CCTGGC.C,CCTGGCAC,81,6,AFF,A,0.21223501288972607,4.751710416691859e-16
CCTGGC.C,CCTGGCAC,81,6,RAND,A,-0.23612729134783636,0.3371781690571365
CCTGGC.C,CCTGGCCC,81,6,AFF,C,0.37374474449890616,4.927246530563293e-59
CCTGGC.C,CCTGGCCC,81,6,RAND,C,0.3525767682233135,0.12616675179258532
CCTGGC.C,CCTGGCGC,81,6,AFF,G,0.7535941093423482,4.770726070604449e-131
CCTGGC.C,CCTGGCGC,81,6,RAND,G,1.1112934396408436,0.0009328589093779776
CCTGGC.C,CCTGGCTC,81,6,AFF,T,0.3248995606542563,4.06147732443545e-40
CCTGGC.C,CCTGGCTC,81,6,RAND,T,0.7725577820366976,0.0007060837506949686
CCTGGCC.,CCTGGCCA,81,7,AFF,A,0.21223501288972607,4.751710416691859e-16
CCTGGCC.,CCTGGCCA,81,7,RAND,A,-0.23612729134783636,0.3371781690571365
CCTGGCC.,CCTGGCCC,81,7,AFF,C,0.37374474449890616,4.927246530563293e-59
CCTGGCC.,CCTGGCCC,81,7,RAND,C,0.3525767682233135,0.12616675179258532
CCTGGCC.,CCTGGCCG,81,7,AFF,G,0.7535941093423482,4.770726070604449e-131
CCTGGCC.,CCTGGCCG,81,7,RAND,G,1.1112934396408436,0.0009328589093779776
CCTGGCC.,CCTGGCCT,81,7,AFF,T,0.3248995606542563,4.06147732443545e-40
CCTGGCC.,CCTGGCCT,81,7,RAND,T,0.7725577820366976,0.0007060837506949686
.TGGCCCC,ATGGCCCC,82,0,AFF,A,0.2733208976077312,4.866008706042277e-20
.TGGCCCC,ATGGCCCC,82,0,RAND,A,-0.1392629100921178,0.6532420927999618
.TGGCCCC,CTGGCCCC,82,0,AFF,C,0.45915660852829643,6.207886369847839e-82
.TGGCCCC,CTGGCCCC,82,0,RAND,C,0.3608802016491883,0.11267936284783966
.TGGCCCC,GTGGCCCC,82,0,AFF,G,0.6765452854818911,1.5891386092168339e-86
.TGGCCCC,GTGGCCCC,82,0,RAND,G,0.6441444574757997,0.14175477341029624
.TGGCCCC,TTGGCCCC,82,0,AFF,T,0.22909851018580085,3.928258023676273e-17
.TGGCCCC,TTGGCCCC,82,0,RAND,T,0.2724779482537257,0.36990054499039204
C.GGCCCC,CAGGCCCC,82,1,AFF,A,0.2733208976077312,4.866008706042277e-20
C.GGCCCC,CAGGCCCC,82,1,RAND,A,-0.1392629100921178,0.6532420927999618
C.GGCCCC,CCGGCCCC,82,1,AFF,C,0.45915660852829643,6.207886369847839e-82
C.GGCCCC,CCGGCCCC,82,1,RAND,C,0.3608802016491883,0.11267936284783966
C.GGCCCC,CGGGCCCC,82,1,AFF,G,0.6765452854818911,1.5891386092168339e-86
C.GGCCCC,CGGGCCCC,82,1,RAND,G,0.6441444574757997,0.14175477341029624
C.GGCCCC,CTGGCCCC,82,1,AFF,T,0.22909851018580085,3.928258023676273e-17
C.GGCCCC,CTGGCCCC,82,1,RAND,T,0.2724779482537257,0.36990054499039204
CT.GCCCC,CTAGCCCC,82,2,AFF,A,0.2733208976077312,4.866008706042277e-20
CT.GCCCC,CTAGCCCC,82,2,RAND,A,-0.1392629100921178,0.6532420927999618
CT.GCCCC,CTCGCCCC,82,2,AFF,C,0.45915660852829643,6.207886369847839e-82
CT.GCCCC,CTCGCCCC,82,2,RAND,C,0.3608802016491883,0.11267936284783966
CT.GCCCC,CTGGCCCC,82,2,AFF,G,0.6765452854818911,1.5891386092168339e-86
CT.GCCCC,CTGGCCCC,82,2,RAND,G,0.6441444574757997,0.14175477341029624
CT.GCCCC,CTTGCCCC,82,2,AFF,T,0.22909851018580085,3.928258023676273e-17
CT.GCCCC,CTTGCCCC,82,2,RAND,T,0.2724779482537257,0.36990054499039204
CTG.CCCC,CTGACCCC,82,3,AFF,A,0.2733208976077312,4.866008706042277e-20
CTG.CCCC,CTGACCCC,82,3,RAND,A,-0.1392629100921178,0.6532420927999618
CTG.CCCC,CTGCCCCC,82,3,AFF,C,0.45915660852829643,6.207886369847839e-82
CTG.CCCC,CTGCCCCC,82,3,RAND,C,0.3608802016491883,0.11267936284783966
CTG.CCCC,CTGGCCCC,82,3,AFF,G,0.6765452854818911,1.5891386092168339e-86
CTG.CCCC,CTGGCCCC,82,3,RAND,G,0.6441444574757997,0.14175477341029624
CTG.CCCC,CTGTCCCC,82,3,AFF,T,0.22909851018580085,3.928258023676273e-17
CTG.CCCC,CTGTCCCC,82,3,RAND,T,0.2724779482537257,0.36990054499039204
CTGG.CCC,CTGGACCC,82,4,AFF,A,0.2733208976077312,4.866008706042277e-20
CTGG.CCC,CTGGACCC,82,4,RAND,A,-0.1392629100921178,0.6532420927999618
CTGG.CCC,CTGGCCCC,82,4,AFF,C,0.45915660852829643,6.207886369847839e-82
CTGG.CCC,CTGGCCCC,82,4,RAND,C,0.3608802016491883,0.11267936284783966
CTGG.CCC,CTGGGCCC,82,4,AFF,G,0.6765452854818911,1.5891386092168339e-86
CTGG.CCC,CTGGGCCC,82,4,RAND,G,0.6441444574757997,0.14175477341029624
CTGG.CCC,CTGGTCCC,82,4,AFF,T,0.22909851018580085,3.928258023676273e-17
CTGG.CCC,CTGGTCCC,82,4,RAND,T,0.2724779482537257,0.36990054499039204
CTGGC.CC,CTGGCACC,82,5,AFF,A,0.2733208976077312,4.866008706042277e-20
CTGGC.CC,CTGGCACC,82,5,RAND,A,-0.1392629100921178,0.6532420927999618
CTGGC.CC,CTGGCCCC,82,5,AFF,C,0.45915660852829643,6.207886369847839e-82
CTGGC.CC,CTGGCCCC,82,5,RAND,C,0.3608802016491883,0.11267936284783966
CTGGC.CC,CTGGCGCC,82,5,AFF,G,0.6765452854818911,1.5891386092168339e-86
CTGGC.CC,CTGGCGCC,82,5,RAND,G,0.6441444574757997,0.14175477341029624
CTGGC.CC,CTGGCTCC,82,5,AFF,T,0.22909851018580085,3.928258023676273e-17
CTGGC.CC,CTGGCTCC,82,5,RAND,T,0.2724779482537257,0.36990054499039204
CTGGCC.C,CTGGCCAC,82,6,AFF,A,0.2733208976077312,4.866008706042277e-20
CTGGCC.C,CTGGCCAC,82,6,RAND,A,-0.1392629100921178,0.6532420927999618
CTGGCC.C,CTGGCCCC,82,6,AFF,C,0.45915660852829643,6.207886369847839e-82
CTGGCC.C,CTGGCCCC,82,6,RAND,C,0.3608802016491883,0.11267936284783966
CTGGCC.C,CTGGCCGC,82,6,AFF,G,0.6765452854818911,1.5891386092168339e-86
CTGGCC.C,CTGGCCGC,82,6,RAND,G,0.6441444574757997,0.14175477341029624
CTGGCC.C,CTGGCCTC,82,6,AFF,T,0.22909851018580085,3.928258023676273e-17
CTGGCC.C,CTGGCCTC,82,6,RAND,T,0.2724779482537257,0.36990054499039204
CTGGCCC.,CTGGCCCA,82,7,AFF,A,0.2733208976077312,4.866008706042277e-20
CTGGCCC.,CTGGCCCA,82,7,RAND,A,-0.1392629100921178,0.6532420927999618
CTGGCCC.,CTGGCCCC,82,7,AFF,C,0.45915660852829643,6.207886369847839e-82
CTGGCCC.,CTGGCCCC,82,7,RAND,C,0.3608802016491883,0.11267936284783966
CTGGCCC.,CTGGCCCG,82,7,AFF,G,0.6765452854818911,1.5891386092168339e-86
CTGGCCC.,CTGGCCCG,82,7,RAND,G,0.6441444574757997,0.14175477341029624
CTGGCCC.,CTGGCCCT,82,7,AFF,T,0.22909851018580085,3.928258023676273e-17
CTGGCCC.,CTGGCCCT,82,7,RAND,T,0.2724779482537257,0.36990054499039204
.GGCCCCG,AGGCCCCG,83,0,AFF,A,0.1590074208655923,2.7308958902344046e-08
.GGCCCCG,AGGCCCCG,83,0,RAND,A,0.08555672932228092,0.7900279663141702
.GGCCCCG,CGGCCCCG,83,0,AFF,C,0.25039148466415273,4.595559433329071e-13
.GGCCCCG,CGGCCCCG,83,0,RAND,C,0.4196580767183662,0.3001721646059141
.GGCCCCG,GGGCCCCG,83,0,AFF,G,0.8596320295721037,2.4492117636268955e-188
.GGCCCCG,GGGCCCCG,83,0,RAND,G,0.8992451829933218,0.00624023868160529
.GGCCCCG,TGGCCCCG,83,0,AFF,T,0.28431109093172224,1.458971410416867e-20
.GGCCCCG,TGGCCCCG,83,0,RAND,T,0.19439923616784832,0.5089493059316244
T.GCCCCG,TAGCCCCG,83,1,AFF,A,0.1590074208655923,2.7308958902344046e-08
T.GCCCCG,TAGCCCCG,83,1,RAND,A,0.08555672932228092,0.7900279663141702
T.GCCCCG,TCGCCCCG,83,1,AFF,C,0.25039148466415273,4.595559433329071e-13
T.GCCCCG,TCGCCCCG,83,1,RAND,C,0.4196580767183662,0.3001721646059141
T.GCCCCG,TGGCCCCG,83,1,AFF,G,0.8596320295721037,2.4492117636268955e-188
T.GCCCCG,TGGCCCCG,83,1,RAND,G,0.8992451829933218,0.00624023868160529
T.GCCCCG,TTGCCCCG,83,1,AFF,T,0.28431109093172224,1.458971410416867e-20
T.GCCCCG,TTGCCCCG,83,1,RAND,T,0.19439923616784832,0.5089493059316244
TG.CCCCG,TGACCCCG,83,2,AFF,A,0.1590074208655923,2.7308958902344046e-08
TG.CCCCG,TGACCCCG,83,2,RAND,A,0.08555672932228092,0.7900279663141702
TG.CCCCG,TGCCCCCG,83,2,AFF,C,0.25039148466415273,4.595559433329071e-13
TG.CCCCG,TGCCCCCG,83,2,RAND,C,0.4196580767183662,0.3001721646059141
TG.CCCCG,TGGCCCCG,83,2,AFF,G,0.8596320295721037,2.4492117636268955e-188
TG.CCCCG,TGGCCCCG,83,2,RAND,G,0.8992451829933218,0.00624023868160529
TG.CCCCG,TGTCCCCG,83,2,AFF,T,0.28431109093172224,1.458971410416867e-20
TG.CCCCG,TGTCCCCG,83,2,RAND,T,0.19439923616784832,0.5089493059316244
TGG.CCCG,TGGACCCG,83,3,AFF,A,0.1590074208655923,2.7308958902344046e-08
TGG.CCCG,TGGACCCG,83,3,RAND,A,0.08555672932228092,0.7900279663141702
TGG.CCCG,TGGCCCCG,83,3,AFF,C,0.25039148466415273,4.595559433329071e-13
TGG.CCCG,TGGCCCCG,83,3,RAND,C,0.4196580767183662,0.3001721646059141
TGG.CCCG,TGGGCCCG,83,3,AFF,G,0.8596320295721037,2.4492117636268955e-188
TGG.CCCG,TGGGCCCG,83,3,RAND,G,0.8992451829933218,0.00624023868160529
TGG.CCCG,TGGTCCCG,83,3,AFF,T,0.28431109093172224,1.458971410416867e-20
TGG.CCCG,TGGTCCCG,83,3,RAND,T,0.19439923616784832,0.5089493059316244
TGGC.CCG,TGGCACCG,83,4,AFF,A,0.1590074208655923,2.7308958902344046e-08
TGGC.CCG,TGGCACCG,83,4,RAND,A,0.08555672932228092,0.7900279663141702
TGGC.CCG,TGGCCCCG,83,4,AFF,C,0.25039148466415273,4.595559433329071e-13
TGGC.CCG,TGGCCCCG,83,4,RAND,C,0.4196580767183662,0.3001721646059141
TGGC.CCG,TGGCGCCG,83,4,AFF,G,0.8596320295721037,2.4492117636268955e-188
TGGC.CCG,TGGCGCCG,83,4,RAND,G,0.8992451829933218,0.00624023868160529
TGGC.CCG,TGGCTCCG,83,4,AFF,T,0.28431109093172224,1.458971410416867e-20
TGGC.CCG,TGGCTCCG,83,4,RAND,T,0.19439923616784832,0.5089493059316244
TGGCC.CG,TGGCCACG,83,5,AFF,A,0.1590074208655923,2.7308958902344046e-08
TGGCC.CG,TGGCCACG,83,5,RAND,A,0.08555672932228092,0.7900279663141702
TGGCC.CG,TGGCCCCG,83,5,AFF,C,0.25039148466415273,4.595559433329071e-13
TGGCC.CG,TGGCCCCG,83,5,RAND,C,0.4196580767183662,0.3001721646059141
TGGCC.CG,TGGCCGCG,83,5,AFF,G,0.8596320295721037,2.4492117636268955e-188
TGGCC.CG,TGGCCGCG,83,5,RAND,G,0.8992451829933218,0.00624023868160529
TGGCC.CG,TGGCCTCG,83,5,AFF,T,0.28431109093172224,1.458971410416867e-20
TGGCC.CG,TGGCCTCG,83,5,RAND,T,0.19439923616784832,0.5089493059316244
TGGCCC.G,TGGCCCAG,83,6,AFF,A,0.1590074208655923,2.7308958902344046e-08
TGGCCC.G,TGGCCCAG,83,6,RAND,A,0.08555672932228092,0.7900279663141702
TGGCCC.G,TGGCCCCG,83,6,AFF,C,0.25039148466415273,4.595559433329071e-13
TGGCCC.G,TGGCCCCG,83,6,RAND,C,0.4196580767183662,0.3001721646059141
TGGCCC.G,TGGCCCGG,83,6,AFF,G,0.8596320295721037,2.4492117636268955e-188
TGGCCC.G,TGGCCCGG,83,6,RAND,G,0.8992451829933218,0.00624023868160529
TGGCCC.G,TGGCCCTG,83,6,AFF,T,0.28431109093172224,1.458971410416867e-20
TGGCCC.G,TGGCCCTG,83,6,RAND,T,0.19439923616784832,0.5089493059316244
TGGCCCC.,TGGCCCCA,83,7,AFF,A,0.1590074208655923,2.7308958902344046e-08
TGGCCCC.,TGGCCCCA,83,7,RAND,A,0.08555672932228092,0.7900279663141702
TGGCCCC.,TGGCCCCC,83,7,AFF,C,0.25039148466415273,4.595559433329071e-13
TGGCCCC.,TGGCCCCC,83,7,RAND,C,0.4196580767183662,0.3001721646059141
TGGCCCC.,TGGCCCCG,83,7,AFF,G,0.8596320295721037,2.4492117636268955e-188
TGGCCCC.,TGGCCCCG,83,7,RAND,G,0.8992451829933218,0.00624023868160529
TGGCCCC.,TGGCCCCT,83,7,AFF,T,0.28431109093172224,1.458971410416867e-20
TGGCCCC.,TGGCCCCT,83,7,RAND,T,0.19439923616784832,0.5089493059316244
.GCCCCGA,AGCCCCGA,84,0,AFF,A,0.48004459847308634,1.965077832527036e-29
.GCCCCGA,AGCCCCGA,84,0,RAND,A,1.03990359082676,0.007939613613121947
.GCCCCGA,CGCCCCGA,84,0,AFF,C,0.5683704820106472,7.09074003216297e-142
.GCCCCGA,CGCCCCGA,84,0,RAND,C,1.2153611935022919,5.842535208118196e-07
.GCCCCGA,GGCCCCGA,84,0,AFF,G,0.5019016154593277,1.2063657747681292e-69
.GCCCCGA,GGCCCCGA,84,0,RAND,G,0.7392154043537134,0.01378100023759128
.GCCCCGA,TGCCCCGA,84,0,AFF,T,0.5315420830607532,5.641801442247403e-31
.GCCCCGA,TGCCCCGA,84,0,RAND,T,-0.2708778560223706,0.6809756901461008
G.CCCCGA,GACCCCGA,84,1,AFF,A,0.48004459847308634,1.965077832527036e-29
G.CCCCGA,GACCCCGA,84,1,RAND,A,1.03990359082676,0.007939613613121947
G.CCCCGA,GCCCCCGA,84,1,AFF,C,0.5683704820106472,7.09074003216297e-142
G.CCCCGA,GCCCCCGA,84,1,RAND,C,1.2153611935022919,5.842535208118196e-07
G.CCCCGA,GGCCCCGA,84,1,AFF,G,0.5019016154593277,1.2063657747681292e-69
G.CCCCGA,GGCCCCGA,84,1,RAND,G,0.7392154043537134,0.01378100023759128
G.CCCCGA,GTCCCCGA,84,1,AFF,T,0.5315420830607532,5.641801442247403e-31
G.CCCCGA,GTCCCCGA,84,1,RAND,T,-0.2708778560223706,0.6809756901461008
GG.CCCGA,GGACCCGA,84,2,AFF,A,0.48004459847308634,1.965077832527036e-29
GG.CCCGA,GGACCCGA,84,2,RAND,A,1.03990359082676,0.007939613613121947
GG.CCCGA,GGCCCCGA,84,2,AFF,C,0.5683704820106472,7.09074003216297e-142
GG.CCCGA,GGCCCCGA,84,2,RAND,C,1.2153611935022919,5.842535208118196e-07
GG.CCCGA,GGGCCCGA,84,2,AFF,G,0.5019016154593277,1.2063657747681292e-69
GG.CCCGA,GGGCCCGA,84,2,RAND,G,0.7392154043537134,0.01378100023759128
GG.CCCGA,GGTCCCGA,84,2,AFF,T,0.5315420830607532,5.641801442247403e-31
GG.CCCGA,GGTCCCGA,84,2,RAND,T,-0.2708778560223706,0.6809756901461008
GGC.CCGA,GGCACCGA,84,3,AFF,A,0.48004459847308634,1.965077832527036e-29
GGC.CCGA,GGCACCGA,84,3,RAND,A,1.03990359082676,0.007939613613121947
GGC.CCGA,GGCCCCGA,84,3,AFF,C,0.5683704820106472,7.09074003216297e-142
GGC.CCGA,GGCCCCGA,84,3,RAND,C,1.2153611935022919,5.842535208118196e-07
GGC.CCGA,GGCGCCGA,84,3,AFF,G,0.5019016154593277,1.2063657747681292e-69
GGC.CCGA,GGCGCCGA,84,3,RAND,G,0.7392154043537134,0.01378100023759128
GGC.CCGA,GGCTCCGA,84,3,AFF,T,0.5315420830607532,5.641801442247403e-31
GGC.CCGA,GGCTCCGA,84,3,RAND,T,-0.2708778560223706,0.6809756901461008
GGCC.CGA,GGCCACGA,84,4,AFF,A,0.48004459847308634,1.965077832527036e-29
GGCC.CGA,GGCCACGA,84,4,RAND,A,1.03990359082676,0.007939613613121947
GGCC.CGA,GGCCCCGA,84,4,AFF,C,0.5683704820106472,7.09074003216297e-142
GGCC.CGA,GGCCCCGA,84,4,RAND,C,1.2153611935022919,5.842535208118196e-07
GGCC.CGA,GGCCGCGA,84,4,AFF,G,0.5019016154593277,1.2063657747681292e-69
GGCC.CGA,GGCCGCGA,84,4,RAND,G,0.7392154043537134,0.01378100023759128
GGCC.CGA,GGCCTCGA,84,4,AFF,T,0.5315420830607532,5.641801442247403e-31
GGCC.CGA,GGCCTCGA,84,4,RAND,T,-0.2708778560223706,0.6809756901461008
GGCCC.GA,GGCCCAGA,84,5,AFF,A,0.48004459847308634,1.965077832527036e-29
GGCCC.GA,GGCCCAGA,84,5,RAND,A,1.03990359082676,0.007939613613121947
GGCCC.GA,GGCCCCGA,84,5,AFF,C,0.5683704820106472,7.09074003216297e-142
GGCCC.GA,GGCCCCGA,84,5,RAND,C,1.2153611935022919,5.842535208118196e-07
GGCCC.GA,GGCCCGGA,84,5,AFF,G,0.5019016154593277,1.2063657747681292e-69
GGCCC.GA,GGCCCGGA,84,5,RAND,G,0.7392154043537134,0.01378100023759128
GGCCC.GA,GGCCCTGA,84,5,AFF,T,0.5315420830607532,5.641801442247403e-31
GGCCC.GA,GGCCCTGA,84,5,RAND,T,-0.2708778560223706,0.6809756901461008
GGCCCC.A,GGCCCCAA,84,6,AFF,A,0.48004459847308634,1.965077832527036e-29
GGCCCC.A,GGCCCCAA,84,6,RAND,A,1.03990359082676,0.007939613613121947
GGCCCC.A,GGCCCCCA,84,6,AFF,C,0.5683704820106472,7.09074003216297e-142
GGCCCC.A,GGCCCCCA,84,6,RAND,C,1.2153611935022919,5.842535208118196e-07
GGCCCC.A,GGCCCCGA,84,6,AFF,G,0.5019016154593277,1.2063657747681292e-69
GGCCCC.A,GGCCCCGA,84,6,RAND,G,0.7392154043537134,0.01378100023759128
GGCCCC.A,GGCCCCTA,84,6,AFF,T,0.5315420830607532,5.641801442247403e-31
GGCCCC.A,GGCCCCTA,84,6,RAND,T,-0.2708778560223706,0.6809756901461008
GGCCCCG.,GGCCCCGA,84,7,AFF,A,0.48004459847308634,1.965077832527036e-29
GGCCCCG.,GGCCCCGA,84,7,RAND,A,1.03990359082676,0.007939613613121947
GGCCCCG.,GGCCCCGC,84,7,AFF,C,0.5683704820106472,7.09074003216297e-142
GGCCCCG.,GGCCCCGC,84,7,RAND,C,1.2153611935022919,5.842535208118196e-07
GGCCCCG.,GGCCCCGG,84,7,AFF,G,0.5019016154593277,1.2063657747681292e-69
GGCCCCG.,GGCCCCGG,84,7,RAND,G,0.7392154043537134,0.01378100023759128
GGCCCCG.,GGCCCCGT,84,7,AFF,T,0.5315420830607532,5.641801442247403e-31
GGCCCCG.,GGCCCCGT,84,7,RAND,T,-0.2708778560223706,0.6809756901461008
.CCCCGAC,ACCCCGAC,85,0,AFF,A,0.7953430790817746,8.648289140980774e-45
.CCCCGAC,ACCCCGAC,85,0,RAND,A,1.8709813605655885,0.0007699803439712549
.CCCCGAC,CCCCCGAC,85,0,AFF,C,0.6617667721915192,1.169884638640853e-40
.CCCCGAC,CCCCCGAC,85,0,RAND,C,-0.08943499137831756,0.8547296534476071
.CCCCGAC,GCCCCGAC,85,0,AFF,G,0.5503106011880448,2.7299224507917393e-40
.CCCCGAC,GCCCCGAC,85,0,RAND,G,0.2670052451007482,0.411728000395861
.CCCCGAC,TCCCCGAC,85,0,AFF,T,0.16006439983469173,0.02828240741956092
.CCCCGAC,TCCCCGAC,85,0,RAND,T,-3.085708741741307e-16,0.004505532194195552
G.CCCGAC,GACCCGAC,85,1,AFF,A,0.7953430790817746,8.648289140980774e-45
G.CCCGAC,GACCCGAC,85,1,RAND,A,1.8709813605655885,0.0007699803439712549
G.CCCGAC,GCCCCGAC,85,1,AFF,C,0.6617667721915192,1.169884638640853e-40
G.CCCGAC,GCCCCGAC,85,1,RAND,C,-0.08943499137831756,0.8547296534476071
G.CCCGAC,GGCCCGAC,85,1,AFF,G,0.5503106011880448,2.7299224507917393e-40
G.CCCGAC,GGCCCGAC,85,1,RAND,G,0.2670052451007482,0.411728000395861
G.CCCGAC,GTCCCGAC,85,1,AFF,T,0.16006439983469173,0.02828240741956092
G.CCCGAC,GTCCCGAC,85,1,RAND,T,-3.085708741741307e-16,0.004505532194195552
GC.CCGAC,GCACCGAC,85,2,AFF,A,0.7953430790817746,8.648289140980774e-45
GC.CCGAC,GCACCGAC,85,2,RAND,A,1.8709813605655885,0.0007699803439712549
GC.CCGAC,GCCCCGAC,85,2,AFF,C,0.6617667721915192,1.169884638640853e-40
GC.CCGAC,GCCCCGAC,85,2,RAND,C,-0.08943499137831756,0.8547296534476071
GC.CCGAC,GCGCCGAC,85,2,AFF,G,0.5503106011880448,2.7299224507917393e-40
GC.CCGAC,GCGCCGAC,85,2,RAND,G,0.2670052451007482,0.411728000395861
GC.CCGAC,GCTCCGAC,85,2,AFF,T,0.16006439983469173,0.02828240741956092
GC.CCGAC,GCTCCGAC,85,2,RAND,T,-3.085708741741307e-16,0.004505532194195552
GCC.CGAC,GCCACGAC,85,3,AFF,A,0.7953430790817746,8.648289140980774e-45
GCC.CGAC,GCCACGAC,85,3,RAND,A,1.8709813605655885,0.0007699803439712549
GCC.CGAC,GCCCCGAC,85,3,AFF,C,0.6617667721915192,1.169884638640853e-40
GCC.CGAC,GCCCCGAC,85,3,RAND,C,-0.08943499137831756,0.8547296534476071
GCC.CGAC,GCCGCGAC,85,3,AFF,G,0.5503106011880448,2.7299224507917393e-40
GCC.CGAC,GCCGCGAC,85,3,RAND,G,0.2670052451007482,0.411728000395861
GCC.CGAC,GCCTCGAC,85,3,AFF,T,0.16006439983469173,0.02828240741956092
GCC.CGAC,GCCTCGAC,85,3,RAND,T,-3.085708741741307e-16,0.004505532194195552
GCCC.GAC,GCCCAGAC,85,4,AFF,A,0.7953430790817746,8.648289140980774e-45
GCCC.GAC,GCCCAGAC,85,4,RAND,A,1.8709813605655885,0.0007699803439712549
GCCC.GAC,GCCCCGAC,85,4,AFF,C,0.6617667721915192,1.169884638640853e-40
GCCC.GAC,GCCCCGAC,85,4,RAND,C,-0.08943499137831756,0.8547296534476071
GCCC.GAC,GCCCGGAC,85,4,AFF,G,0.5503106011880448,2.7299224507917393e-40
GCCC.GAC,GCCCGGAC,85,4,RAND,G,0.2670052451007482,0.411728000395861
GCCC.GAC,GCCCTGAC,85,4,AFF,T,0.16006439983469173,0.02828240741956092
GCCC.GAC,GCCCTGAC,85,4,RAND,T,-3.085708741741307e-16,0.004505532194195552
GCCCC.AC,GCCCCAAC,85,5,AFF,A,0.7953430790817746,8.648289140980774e-45
GCCCC.AC,GCCCCAAC,85,5,RAND,A,1.8709813605655885,0.0007699803439712549
GCCCC.AC,GCCCCCAC,85,5,AFF,C,0.6617667721915192,1.169884638640853e-40
GCCCC.AC,GCCCCCAC,85,5,RAND,C,-0.08943499137831756,0.8547296534476071
GCCCC.AC,GCCCCGAC,85,5,AFF,G,0.5503106011880448,2.7299224507917393e-40
GCCCC.AC,GCCCCGAC,85,5,RAND,G,0.2670052451007482,0.411728000395861
GCCCC.AC,GCCCCTAC,85,5,AFF,T,0.16006439983469173,0.02828240741956092
GCCCC.AC,GCCCCTAC,85,5,RAND,T,-3.085708741741307e-16,0.004505532194195552
GCCCCG.C,GCCCCGAC,85,6,AFF,A,0.7953430790817746,8.648289140980774e-45
GCCCCG.C,GCCCCGAC,85,6,RAND,A,1.8709813605655885,0.0007699803439712549
GCCCCG.C,GCCCCGCC,85,6,AFF,C,0.6617667721915192,1.169884638640853e-40
GCCCCG.C,GCCCCGCC,85,6,RAND,C,-0.08943499137831756,0.8547296534476071
GCCCCG.C,GCCCCGGC,85,6,AFF,G,0.5503106011880448,2.7299224507917393e-40
GCCCCG.C,GCCCCGGC,85,6,RAND,G,0.2670052451007482,0.411728000395861
GCCCCG.C,GCCCCGTC,85,6,AFF,T,0.16006439983469173,0.02828240741956092
GCCCCG.C,GCCCCGTC,85,6,RAND,T,-3.085708741741307e-16,0.004505532194195552
GCCCCGA.,GCCCCGAA,85,7,AFF,A,0.7953430790817746,8.648289140980774e-45
GCCCCGA.,GCCCCGAA,85,7,RAND,A,1.8709813605655885,0.0007699803439712549
GCCCCGA.,GCCCCGAC,85,7,AFF,C,0.6617667721915192,1.169884638640853e-40
GCCCCGA.,GCCCCGAC,85,7,RAND,C,-0.08943499137831756,0.8547296534476071
GCCCCGA.,GCCCCGAG,85,7,AFF,G,0.5503106011880448,2.7299224507917393e-40
GCCCCGA.,GCCCCGAG,85,7,RAND,G,0.2670052451007482,0.411728000395861
GCCCCGA.,GCCCCGAT,85,7,AFF,T,0.16006439983469173,0.02828240741956092
GCCCCGA.,GCCCCGAT,85,7,RAND,T,-3.085708741741307e-16,0.004505532194195552
.CCCGACA,ACCCGACA,86,0,AFF,A,0.35835373139616244,3.0834665734567666e-10
.CCCGACA,ACCCGACA,86,0,RAND,A,-0.5588685776426906,0.45922537491445947
.CCCGACA,CCCCGACA,86,0,AFF,C,0.5393433501793207,2.2683815137314144e-37
.CCCGACA,CCCCGACA,86,0,RAND,C,0.8468159387514821,0.16169630328358475
.CCCGACA,GCCCGACA,86,0,AFF,G,0.7375745047995472,1.0555540435381377e-36
.CCCGACA,GCCCGACA,86,0,RAND,G,0.6973008509169232,0.16922479300783677
.CCCGACA,TCCCGACA,86,0,AFF,T,0.49347263419435433,4.9988020198689636e-23
.CCCGACA,TCCCGACA,86,0,RAND,T,0.6867156909230037,0.10219885099341834
C.CCGACA,CACCGACA,86,1,AFF,A,0.35835373139616244,3.0834665734567666e-10
C.CCGACA,CACCGACA,86,1,RAND,A,-0.5588685776426906,0.45922537491445947
C.CCGACA,CCCCGACA,86,1,AFF,C,0.5393433501793207,2.2683815137314144e-37
C.CCGACA,CCCCGACA,86,1,RAND,C,0.8468159387514821,0.16169630328358475
C.CCGACA,CGCCGACA,86,1,AFF,G,0.7375745047995472,1.0555540435381377e-36
C.CCGACA,CGCCGACA,86,1,RAND,G,0.6973008509169232,0.16922479300783677
C.CCGACA,CTCCGACA,86,1,AFF,T,0.49347263419435433,4.9988020198689636e-23
C.CCGACA,CTCCGACA,86,1,RAND,T,0.6867156909230037,0.10219885099341834
CC.CGACA,CCACGACA,86,2,AFF,A,0.35835373139616244,3.0834665734567666e-10
CC.CGACA,CCACGACA,86,2,RAND,A,-0.5588685776426906,0.45922537491445947
CC.CGACA,CCCCGACA,86,2,AFF,C,0.5393433501793207,2.2683815137314144e-37
CC.CGACA,CCCCGACA,86,2,RAND,C,0.8468159387514821,0.16169630328358475
CC.CGACA,CCGCGACA,86,2,AFF,G,0.7375745047995472,1.0555540435381377e-36
CC.CGACA,CCGCGACA,86,2,RAND,G,0.6973008509169232,0.16922479300783677
CC.CGACA,CCTCGACA,86,2,AFF,T,0.49347263419435433,4.9988020198689636e-23
CC.CGACA,CCTCGACA,86,2,RAND,T,0.6867156909230037,0.10219885099341834
CCC.GACA,CCCAGACA,86,3,AFF,A,0.35835373139616244,3.0834665734567666e-10
CCC.GACA,CCCAGACA,86,3,RAND,A,-0.5588685776426906,0.45922537491445947
CCC.GACA,CCCCGACA,86,3,AFF,C,0.5393433501793207,2.2683815137314144e-37
CCC.GACA,CCCCGACA,86,3,RAND,C,0.8468159387514821,0.16169630328358475
CCC.GACA,CCCGGACA,86,3,AFF,G,0.7375745047995472,1.0555540435381377e-36
CCC.GACA,CCCGGACA,86,3,RAND,G,0.6973008509169232,0.16922479300783677
CCC.GACA,CCCTGACA,86,3,AFF,T,0.49347263419435433,4.9988020198689636e-23
CCC.GACA,CCCTGACA,86,3,RAND,T,0.6867156909230037,0.10219885099341834
CCCC.ACA,CCCCAACA,86,4,AFF,A,0.35835373139616244,3.0834665734567666e-10
CCCC.ACA,CCCCAACA,86,4,RAND,A,-0.5588685776426906,0.45922537491445947
CCCC.ACA,CCCCCACA,86,4,AFF,C,0.5393433501793207,2.2683815137314144e-37
CCCC.ACA,CCCCCACA,86,4,RAND,C,0.8468159387514821,0.16169630328358475
CCCC.ACA,CCCCGACA,86,4,AFF,G,0.7375745047995472,1.0555540435381377e-36
CCCC.ACA,CCCCGACA,86,4,RAND,G,0.6973008509169232,0.16922479300783677
CCCC.ACA,CCCCTACA,86,4,AFF,T,0.49347263419435433,4.9988020198689636e-23
CCCC.ACA,CCCCTACA,86,4,RAND,T,0.6867156909230037,0.10219885099341834
CCCCG.CA,CCCCGACA,86,5,AFF,A,0.35835373139616244,3.0834665734567666e-10
CCCCG.CA,CCCCGACA,86,5,RAND,A,-0.5588685776426906,0.45922537491445947
CCCCG.CA,CCCCGCCA,86,5,AFF,C,0.5393433501793207,2.2683815137314144e-37
CCCCG.CA,CCCCGCCA,86,5,RAND,C,0.8468159387514821,0.16169630328358475
CCCCG.CA,CCCCGGCA,86,5,AFF,G,0.7375745047995472,1.0555540435381377e-36
CCCCG.CA,CCCCGGCA,86,5,RAND,G,0.6973008509169232,0.16922479300783677
CCCCG.CA,CCCCGTCA,86,5,AFF,T,0.49347263419435433,4.9988020198689636e-23
CCCCG.CA,CCCCGTCA,86,5,RAND,T,0.6867156909230037,0.10219885099341834
CCCCGA.A,CCCCGAAA,86,6,AFF,A,0.35835373139616244,3.0834665734567666e-10
CCCCGA.A,CCCCGAAA,86,6,RAND,A,-0.5588685776426906,0.45922537491445947
CCCCGA.A,CCCCGACA,86,6,AFF,C,0.5393433501793207,2.2683815137314144e-37
CCCCGA.A,CCCCGACA,86,6,RAND,C,0.8468159387514821,0.16169630328358475
CCCCGA.A,CCCCGAGA,86,6,AFF,G,0.7375745047995472,1.0555540435381377e-36
CCCCGA.A,CCCCGAGA,86,6,RAND,G,0.6973008509169232,0.16922479300783677
CCCCGA.A,CCCCGATA,86,6,AFF,T,0.49347263419435433,4.9988020198689636e-23
CCCCGA.A,CCCCGATA,86,6,RAND,T,0.6867156909230037,0.10219885099341834
CCCCGAC.,CCCCGACA,86,7,AFF,A,0.35835373139616244,3.0834665734567666e-10
CCCCGAC.,CCCCGACA,86,7,RAND,A,-0.5588685776426906,0.45922537491445947
CCCCGAC.,CCCCGACC,86,7,AFF,C,0.5393433501793207,2.2683815137314144e-37
CCCCGAC.,CCCCGACC,86,7,RAND,C,0.8468159387514821,0.16169630328358475
CCCCGAC.,CCCCGACG,86,7,AFF,G,0.7375745047995472,1.0555540435381377e-36
CCCCGAC.,CCCCGACG,86,7,RAND,G,0.6973008509169232,0.16922479300783677
CCCCGAC.,CCCCGACT,86,7,AFF,T,0.49347263419435433,4.9988020198689636e-23
CCCCGAC.,CCCCGACT,86,7,RAND,T,0.6867156909230037,0.10219885099341834
.CCGACAG,ACCGACAG,87,0,AFF,A,0.3135694135322047,0.0010833729334027132
.CCGACAG,ACCGACAG,87,0,RAND,A,nan,nan
.CCGACAG,CCCGACAG,87,0,AFF,C,0.5182058256882232,1.9924767786227434e-14
.CCGACAG,CCCGACAG,87,0,RAND,C,-0.5383168100564628,0.41757976521955287
.CCGACAG,GCCGACAG,87,0,AFF,G,0.5250589133293266,5.645965501941162e-17
.CCGACAG,GCCGACAG,87,0,RAND,G,0.430392811175103,0.43991790044128387
.CCGACAG,TCCGACAG,87,0,AFF,T,0.43509980818479715,4.113440775740438e-06
.CCGACAG,TCCGACAG,87,0,RAND,T,1.2789304276179883,0.16747371406176703
C.CGACAG,CACGACAG,87,1,AFF,A,0.3135694135322047,0.0010833729334027132
C.CGACAG,CACGACAG,87,1,RAND,A,nan,nan
C.CGACAG,CCCGACAG,87,1,AFF,C,0.5182058256882232,1.9924767786227434e-14
C.CGACAG,CCCGACAG,87,1,RAND,C,-0.5383168100564628,0.41757976521955287
C.CGACAG,CGCGACAG,87,1,AFF,G,0.5250589133293266,5.645965501941162e-17
C.CGACAG,CGCGACAG,87,1,RAND,G,0.430392811175103,0.43991790044128387
C.CGACAG,CTCGACAG,87,1,AFF,T,0.43509980818479715,4.113440775740438e-06
C.CGACAG,CTCGACAG,87,1,RAND,T,1.2789304276179883,0.16747371406176703
CC.GACAG,CCAGACAG,87,2,AFF,A,0.3135694135322047,0.0010833729334027132
CC.GACAG,CCAGACAG,87,2,RAND,A,nan,nan
CC.GACAG,CCCGACAG,87,2,AFF,C,0.5182058256882232,1.9924767786227434e-14
CC.GACAG,CCCGACAG,87,2,RAND,C,-0.5383168100564628,0.41757976521955287
CC.GACAG,CCGGACAG,87,2,AFF,G,0.5250589133293266,5.645965501941162e-17
CC.GACAG,CCGGACAG,87,2,RAND,G,0.430392811175103,0.43991790044128387
CC.GACAG,CCTGACAG,87,2,AFF,T,0.43509980818479715,4.113440775740438e-06
CC.GACAG,CCTGACAG,87,2,RAND,T,1.2789304276179883,0.16747371406176703
CCC.ACAG,CCCAACAG,87,3,AFF,A,0.3135694135322047,0.0010833729334027132
CCC.ACAG,CCCAACAG,87,3,RAND,A,nan,nan
CCC.ACAG,CCCCACAG,87,3,AFF,C,0.5182058256882232,1.9924767786227434e-14
CCC.ACAG,CCCCACAG,87,3,RAND,C,-0.5383168100564628,0.41757976521955287
CCC.ACAG,CCCGACAG,87,3,AFF,G,0.5250589133293266,5.645965501941162e-17
CCC.ACAG,CCCGACAG,87,3,RAND,G,0.430392811175103,0.43991790044128387
CCC.ACAG,CCCTACAG,87,3,AFF,T,0.43509980818479715,4.113440775740438e-06
CCC.ACAG,CCCTACAG,87,3,RAND,T,1.2789304276179883,0.16747371406176703
CCCG.CAG,CCCGACAG,87,4,AFF,A,0.3135694135322047,0.0010833729334027132
CCCG.CAG,CCCGACAG,87,4,RAND,A,nan,nan
CCCG.CAG,CCCGCCAG,87,4,AFF,C,0.5182058256882232,1.9924767786227434e-14
CCCG.CAG,CCCGCCAG,87,4,RAND,C,-0.5383168100564628,0.41757976521955287
CCCG.CAG,CCCGGCAG,87,4,AFF,G,0.5250589133293266,5.645965501941162e-17
CCCG.CAG,CCCGGCAG,87,4,RAND,G,0.430392811175103,0.43991790044128387
CCCG.CAG,CCCGTCAG,87,4,AFF,T,0.43509980818479715,4.113440775740438e-06
CCCG.CAG,CCCGTCAG,87,4,RAND,T,1.2789304276179883,0.16747371406176703
CCCGA.AG,CCCGAAAG,87,5,AFF,A,0.3135694135322047,0.0010833729334027132
CCCGA.AG,CCCGAAAG,87,5,RAND,A,nan,nan
CCCGA.AG,CCCGACAG,87,5,AFF,C,0.5182058256882232,1.9924767786227434e-14
CCCGA.AG,CCCGACAG,87,5,RAND,C,-0.5383168100564628,0.41757976521955287
CCCGA.AG,CCCGAGAG,87,5,AFF,G,0.5250589133293266,5.645965501941162e-17
CCCGA.AG,CCCGAGAG,87,5,RAND,G,0.430392811175103,0.43991790044128387
CCCGA.AG,CCCGATAG,87,5,AFF,T,0.43509980818479715,4.113440775740438e-06
CCCGA.AG,CCCGATAG,87,5,RAND,T,1.2789304276179883,0.16747371406176703
CCCGAC.G,CCCGACAG,87,6,AFF,A,0.3135694135322047,0.0010833729334027132
CCCGAC.G,CCCGACAG,87,6,RAND,A,nan,nan
CCCGAC.G,CCCGACCG,87,6,AFF,C,0.5182058256882232,1.9924767786227434e-14
CCCGAC.G,CCCGACCG,87,6,RAND,C,-0.5383168100564628,0.41757976521955287
CCCGAC.G,CCCGACGG,87,6,AFF,G,0.5250589133293266,5.645965501941162e-17
CCCGAC.G,CCCGACGG,87,6,RAND,G,0.430392811175103,0.43991790044128387
CCCGAC.G,CCCGACTG,87,6,AFF,T,0.43509980818479715,4.113440775740438e-06
CCCGAC.G,CCCGACTG,87,6,RAND,T,1.2789304276179883,0.16747371406176703
CCCGACA.,CCCGACAA,87,7,AFF,A,0.3135694135322047,0.0010833729334027132
CCCGACA.,CCCGACAA,87,7,RAND,A,nan,nan
CCCGACA.,CCCGACAC,87,7,AFF,C,0.5182058256882232,1.9924767786227434e-14
CCCGACA.,CCCGACAC,87,7,RAND,C,-0.5383168100564628,0.41757976521955287
CCCGACA.,CCCGACAG,87,7,AFF,G,0.5250589133293266,5.645965501941162e-17
CCCGACA.,CCCGACAG,87,7,RAND,G,0.430392811175103,0.43991790044128387
CCCGACA.,CCCGACAT,87,7,AFF,T,0.43509980818479715,4.113440775740438e-06
CCCGACA.,CCCGACAT,87,7,RAND,T,1.2789304276179883,0.16747371406176703
.CGACAGC,ACGACAGC,88,0,AFF,A,-0.09251865416397824,0.22473295727960385
.CGACAGC,ACGACAGC,88,0,RAND,A,0.4209939762395283,0.6603734715183482
.CGACAGC,CCGACAGC,88,0,AFF,C,0.6382569504179749,2.8225301088211113e-24
.CGACAGC,CCGACAGC,88,0,RAND,C,0.27306171915475375,0.9394248581229574
.CGACAGC,GCGACAGC,88,0,AFF,G,0.7293144260838307,3.38301732479049e-30
.CGACAGC,GCGACAGC,88,0,RAND,G,1.0877362299392732,0.2968346198126648
.CGACAGC,TCGACAGC,88,0,AFF,T,0.7200801958633116,1.8100475676302163e-16
.CGACAGC,TCGACAGC,88,0,RAND,T,-1.0077530794721121,0.5112195672142125
C.GACAGC,CAGACAGC,88,1,AFF,A,-0.09251865416397824,0.22473295727960385
C.GACAGC,CAGACAGC,88,1,RAND,A,0.4209939762395283,0.6603734715183482
C.GACAGC,CCGACAGC,88,1,AFF,C,0.6382569504179749,2.8225301088211113e-24
C.GACAGC,CCGACAGC,88,1,RAND,C,0.27306171915475375,0.9394248581229574
C.GACAGC,CGGACAGC,88,1,AFF,G,0.7293144260838307,3.38301732479049e-30
C.GACAGC,CGGACAGC,88,1,RAND,G,1.0877362299392732,0.2968346198126648
C.GACAGC,CTGACAGC,88,1,AFF,T,0.7200801958633116,1.8100475676302163e-16
C.GACAGC,CTGACAGC,88,1,RAND,T,-1.0077530794721121,0.5112195672142125
CC.ACAGC,CCAACAGC,88,2,AFF,A,-0.09251865416397824,0.22473295727960385
CC.ACAGC,CCAACAGC,88,2,RAND,A,0.4209939762395283,0.6603734715183482
CC.ACAGC,CCCACAGC,88,2,AFF,C,0.6382569504179749,2.8225301088211113e-24
CC.ACAGC,CCCACAGC,88,2,RAND,C,0.27306171915475375,0.9394248581229574
CC.ACAGC,CCGACAGC,88,2,AFF,G,0.7293144260838307,3.38301732479049e-30
CC.ACAGC,CCGACAGC,88,2,RAND,G,1.0877362299392732,0.2968346198126648
CC.ACAGC,CCTACAGC,88,2,AFF,T,0.7200801958633116,1.8100475676302163e-16
CC.ACAGC,CCTACAGC,88,2,RAND,T,-1.0077530794721121,0.5112195672142125
CCG.CAGC,CCGACAGC,88,3,AFF,A,-0.09251865416397824,0.22473295727960385
CCG.CAGC,CCGACAGC,88,3,RAND,A,0.4209939762395283,0.6603734715183482
CCG.CAGC,CCGCCAGC,88,3,AFF,C,0.6382569504179749,2.8225301088211113e-24
CCG.CAGC,CCGCCAGC,88,3,RAND,C,0.27306171915475375,0.9394248581229574
CCG.CAGC,CCGGCAGC,88,3,AFF,G,0.7293144260838307,3.38301732479049e-30
CCG.CAGC,CCGGCAGC,88,3,RAND,G,1.0877362299392732,0.2968346198126648
CCG.CAGC,CCGTCAGC,88,3,AFF,T,0.7200801958633116,1.8100475676302163e-16
CCG.CAGC,CCGTCAGC,88,3,RAND,T,-1.0077530794721121,0.5112195672142125
CCGA.AGC,CCGAAAGC,88,4,AFF,A,-0.09251865416397824,0.22473295727960385
CCGA.AGC,CCGAAAGC,88,4,RAND,A,0.4209939762395283,0.6603734715183482
CCGA.AGC,CCGACAGC,88,4,AFF,C,0.6382569504179749,2.8225301088211113e-24
CCGA.AGC,CCGACAGC,88,4,RAND,C,0.27306171915475375,0.9394248581229574
CCGA.AGC,CCGAGAGC,88,4,AFF,G,0.7293144260838307,3.38301732479049e-30
CCGA.AGC,CCGAGAGC,88,4,RAND,G,1.0877362299392732,0.2968346198126648
CCGA.AGC,CCGATAGC,88,4,AFF,T,0.7200801958633116,1.8100475676302163e-16
CCGA.AGC,CCGATAGC,88,4,RAND,T,-1.0077530794721121,0.5112195672142125
CCGAC.GC,CCGACAGC,88,5,AFF,A,-0.09251865416397824,0.22473295727960385
CCGAC.GC,CCGACAGC,88,5,RAND,A,0.4209939762395283,0.6603734715183482
CCGAC.GC,CCGACCGC,88,5,AFF,C,0.6382569504179749,2.8225301088211113e-24
CCGAC.GC,CCGACCGC,88,5,RAND,C,0.27306171915475375,0.9394248581229574
CCGAC.GC,CCGACGGC,88,5,AFF,G,0.7293144260838307,3.38301732479049e-30
CCGAC.GC,CCGACGGC,88,5,RAND,G,1.0877362299392732,0.2968346198126648
CCGAC.GC,CCGACTGC,88,5,AFF,T,0.7200801958633116,1.8100475676302163e-16
CCGAC.GC,CCGACTGC,88,5,RAND,T,-1.0077530794721121,0.5112195672142125
CCGACA.C,CCGACAAC,88,6,AFF,A,-0.09251865416397824,0.22473295727960385
CCGACA.C,CCGACAAC,88,6,RAND,A,0.4209939762395283,0.6603734715183482
CCGACA.C,CCGACACC,88,6,AFF,C,0.6382569504179749,2.8225301088211113e-24
CCGACA.C,CCGACACC,88,6,RAND,C,0.27306171915475375,0.9394248581229574
CCGACA.C,CCGACAGC,88,6,AFF,G,0.7293144260838307,3.38301732479049e-30
CCGACA.C,CCGACAGC,88,6,RAND,G,1.0877362299392732,0.2968346198126648
CCGACA.C,CCGACATC,88,6,AFF,T,0.7200801958633116,1.8100475676302163e-16
CCGACA.C,CCGACATC,88,6,RAND,T,-1.0077530794721121,0.5112195672142125
CCGACAG.,CCGACAGA,88,7,AFF,A,-0.09251865416397824,0.22473295727960385
CCGACAG.,CCGACAGA,88,7,RAND,A,0.4209939762395283,0.6603734715183482
CCGACAG.,CCGACAGC,88,7,AFF,C,0.6382569504179749,2.8225301088211113e-24
CCGACAG.,CCGACAGC,88,7,RAND,C,0.27306171915475375,0.9394248581229574
CCGACAG.,CCGACAGG,88,7,AFF,G,0.7293144260838307,3.38301732479049e-30
CCGACAG.,CCGACAGG,88,7,RAND,G,1.0877362299392732,0.2968346198126648
CCGACAG.,CCGACAGT,88,7,AFF,T,0.7200801958633116,1.8100475676302163e-16
CCGACAG.,CCGACAGT,88,7,RAND,T,-1.0077530794721121,0.5112195672142125
.GACAGCG,AGACAGCG,89,0,AFF,A,0.4524515757130567,7.152088544163645e-11
.GACAGCG,AGACAGCG,89,0,RAND,A,nan,nan
.GACAGCG,CGACAGCG,89,0,AFF,C,0.5323852908835287,4.815047616665599e-19
.GACAGCG,CGACAGCG,89,0,RAND,C,-0.9693128928725678,0.5531012324989203
.GACAGCG,GGACAGCG,89,0,AFF,G,0.8520159823528348,2.8410430222240624e-38
.GACAGCG,GGACAGCG,89,0,RAND,G,nan,nan
.GACAGCG,TGACAGCG,89,0,AFF,T,0.4330477018629564,2.8131715308717943e-10
.GACAGCG,TGACAGCG,89,0,RAND,T,-1.0587297977910555,0.5519971876654226
C.ACAGCG,CAACAGCG,89,1,AFF,A,0.4524515757130567,7.152088544163645e-11
C.ACAGCG,CAACAGCG,89,1,RAND,A,nan,nan
C.ACAGCG,CCACAGCG,89,1,AFF,C,0.5323852908835287,4.815047616665599e-19
C.ACAGCG,CCACAGCG,89,1,RAND,C,-0.9693128928725678,0.5531012324989203
C.ACAGCG,CGACAGCG,89,1,AFF,G,0.8520159823528348,2.8410430222240624e-38
C.ACAGCG,CGACAGCG,89,1,RAND,G,nan,nan
C.ACAGCG,CTACAGCG,89,1,AFF,T,0.4330477018629564,2.8131715308717943e-10
C.ACAGCG,CTACAGCG,89,1,RAND,T,-1.0587297977910555,0.5519971876654226
CG.CAGCG,CGACAGCG,89,2,AFF,A,0.4524515757130567,7.152088544163645e-11
CG.CAGCG,CGACAGCG,89,2,RAND,A,nan,nan
CG.CAGCG,CGCCAGCG,89,2,AFF,C,0.5323852908835287,4.815047616665599e-19
CG.CAGCG,CGCCAGCG,89,2,RAND,C,-0.9693128928725678,0.5531012324989203
CG.CAGCG,CGGCAGCG,89,2,AFF,G,0.8520159823528348,2.8410430222240624e-38
CG.CAGCG,CGGCAGCG,89,2,RAND,G,nan,nan
CG.CAGCG,CGTCAGCG,89,2,AFF,T,0.4330477018629564,2.8131715308717943e-10
CG.CAGCG,CGTCAGCG,89,2,RAND,T,-1.0587297977910555,0.5519971876654226
CGA.AGCG,CGAAAGCG,89,3,AFF,A,0.4524515757130567,7.152088544163645e-11
CGA.AGCG,CGAAAGCG,89,3,RAND,A,nan,nan
CGA.AGCG,CGACAGCG,89,3,AFF,C,0.5323852908835287,4.815047616665599e-19
CGA.AGCG,CGACAGCG,89,3,RAND,C,-0.9693128928725678,0.5531012324989203
CGA.AGCG,CGAGAGCG,89,3,AFF,G,0.8520159823528348,2.8410430222240624e-38
CGA.AGCG,CGAGAGCG,89,3,RAND,G,nan,nan
CGA.AGCG,CGATAGCG,89,3,AFF,T,0.4330477018629564,2.8131715308717943e-10
CGA.AGCG,CGATAGCG,89,3,RAND,T,-1.0587297977910555,0.5519971876654226
CGAC.GCG,CGACAGCG,89,4,AFF,A,0.4524515757130567,7.152088544163645e-11
CGAC.GCG,CGACAGCG,89,4,RAND,A,nan,nan
CGAC.GCG,CGACCGCG,89,4,AFF,C,0.5323852908835287,4.815047616665599e-19
CGAC.GCG,CGACCGCG,89,4,RAND,C,-0.9693128928725678,0.5531012324989203
CGAC.GCG,CGACGGCG,89,4,AFF,G,0.8520159823528348,2.8410430222240624e-38
CGAC.GCG,CGACGGCG,89,4,RAND,G,nan,nan
CGAC.GCG,CGACTGCG,89,4,AFF,T,0.4330477018629564,2.8131715308717943e-10
CGAC.GCG,CGACTGCG,89,4,RAND,T,-1.0587297977910555,0.5519971876654226
CGACA.CG,CGACAACG,89,5,AFF,A,0.4524515757130567,7.152088544163645e-11
CGACA.CG,CGACAACG,89,5,RAND,A,nan,nan
CGACA.CG,CGACACCG,89,5,AFF,C,0.5323852908835287,4.815047616665599e-19
CGACA.CG,CGACACCG,89,5,RAND,C,-0.9693128928725678,0.5531012324989203
CGACA.CG,CGACAGCG,89,5,AFF,G,0.8520159823528348,2.8410430222240624e-38
CGACA.CG,CGACAGCG,89,5,RAND,G,nan,nan
CGACA.CG,CGACATCG,89,5,AFF,T,0.4330477018629564,2.8131715308717943e-10
CGACA.CG,CGACATCG,89,5,RAND,T,-1.0587297977910555,0.5519971876654226
CGACAG.G,CGACAGAG,89,6,AFF,A,0.4524515757130567,7.152088544163645e-11
CGACAG.G,CGACAGAG,89,6,RAND,A,nan,nan
CGACAG.G,CGACAGCG,89,6,AFF,C,0.5323852908835287,4.815047616665599e-19
CGACAG.G,CGACAGCG,89,6,RAND,C,-0.9693128928725678,0.5531012324989203
CGACAG.G,CGACAGGG,89,6,AFF,G,0.8520159823528348,2.8410430222240624e-38
CGACAG.G,CGACAGGG,89,6,RAND,G,nan,nan
CGACAG.G,CGACAGTG,89,6,AFF,T,0.4330477018629564,2.8131715308717943e-10
CGACAG.G,CGACAGTG,89,6,RAND,T,-1.0587297977910555,0.5519971876654226
CGACAGC.,CGACAGCA,89,7,AFF,A,0.4524515757130567,7.152088544163645e-11
CGACAGC.,CGACAGCA,89,7,RAND,A,nan,nan
CGACAGC.,CGACAGCC,89,7,AFF,C,0.5323852908835287,4.815047616665599e-19
CGACAGC.,CGACAGCC,89,7,RAND,C,-0.9693128928725678,0.5531012324989203
CGACAGC.,CGACAGCG,89,7,AFF,G,0.8520159823528348,2.8410430222240624e-38
CGACAGC.,CGACAGCG,89,7,RAND,G,nan,nan
CGACAGC.,CGACAGCT,89,7,AFF,T,0.4330477018629564,2.8131715308717943e-10
CGACAGC.,CGACAGCT,89,7,RAND,T,-1.0587297977910555,0.5519971876654226
.ACAGCGC,AACAGCGC,90,0,AFF,A,0.5239915463135267,1.2558176257307496e-18
.ACAGCGC,AACAGCGC,90,0,RAND,A,2.9521255935862296,0.0004675232925952537
.ACAGCGC,CACAGCGC,90,0,AFF,C,0.6130354936021758,3.647919011178015e-39
.ACAGCGC,CACAGCGC,90,0,RAND,C,-0.5520224582021614,0.3300741284048281
.ACAGCGC,GACAGCGC,90,0,AFF,G,0.6451909238021876,7.694711088608176e-38
.ACAGCGC,GACAGCGC,90,0,RAND,G,0.9760371218335535,0.05821904266863817
.ACAGCGC,TACAGCGC,90,0,AFF,T,0.07866887906202663,0.24819821802973885
.ACAGCGC,TACAGCGC,90,0,RAND,T,-0.9198962809817615,0.2367629406397932
G.CAGCGC,GACAGCGC,90,1,AFF,A,0.5239915463135267,1.2558176257307496e-18
G.CAGCGC,GACAGCGC,90,1,RAND,A,2.9521255935862296,0.0004675232925952537
G.CAGCGC,GCCAGCGC,90,1,AFF,C,0.6130354936021758,3.647919011178015e-39
G.CAGCGC,GCCAGCGC,90,1,RAND,C,-0.5520224582021614,0.3300741284048281
G.CAGCGC,GGCAGCGC,90,1,AFF,G,0.6451909238021876,7.694711088608176e-38
G.CAGCGC,GGCAGCGC,90,1,RAND,G,0.9760371218335535,0.05821904266863817
G.CAGCGC,GTCAGCGC,90,1,AFF,T,0.07866887906202663,0.24819821802973885
G.CAGCGC,GTCAGCGC,90,1,RAND,T,-0.9198962809817615,0.2367629406397932
GA.AGCGC,GAAAGCGC,90,2,AFF,A,0.5239915463135267,1.2558176257307496e-18
GA.AGCGC,GAAAGCGC,90,2,RAND,A,2.9521255935862296,0.0004675232925952537
GA.AGCGC,GACAGCGC,90,2,AFF,C,0.6130354936021758,3.647919011178015e-39
GA.AGCGC,GACAGCGC,90,2,RAND,C,-0.5520224582021614,0.3300741284048281
GA.AGCGC,GAGAGCGC,90,2,AFF,G,0.6451909238021876,7.694711088608176e-38
GA.AGCGC,GAGAGCGC,90,2,RAND,G,0.9760371218335535,0.05821904266863817
GA.AGCGC,GATAGCGC,90,2,AFF,T,0.07866887906202663,0.24819821802973885
GA.AGCGC,GATAGCGC,90,2,RAND,T,-0.9198962809817615,0.2367629406397932
GAC.GCGC,GACAGCGC,90,3,AFF,A,0.5239915463135267,1.2558176257307496e-18
GAC.GCGC,GACAGCGC,90,3,RAND,A,2.9521255935862296,0.0004675232925952537
GAC.GCGC,GACCGCGC,90,3,AFF,C,0.6130354936021758,3.647919011178015e-39
GAC.GCGC,GACCGCGC,90,3,RAND,C,-0.5520224582021614,0.3300741284048281
GAC.GCGC,GACGGCGC,90,3,AFF,G,0.6451909238021876,7.694711088608176e-38
GAC.GCGC,GACGGCGC,90,3,RAND,G,0.9760371218335535,0.05821904266863817
GAC.GCGC,GACTGCGC,90,3,AFF,T,0.07866887906202663,0.24819821802973885
GAC.GCGC,GACTGCGC,90,3,RAND,T,-0.9198962809817615,0.2367629406397932
GACA.CGC,GACAACGC,90,4,AFF,A,0.5239915463135267,1.2558176257307496e-18
GACA.CGC,GACAACGC,90,4,RAND,A,2.9521255935862296,0.0004675232925952537
GACA.CGC,GACACCGC,90,4,AFF,C,0.6130354936021758,3.647919011178015e-39
GACA.CGC,GACACCGC,90,4,RAND,C,-0.5520224582021614,0.3300741284048281
GACA.CGC,GACAGCGC,90,4,AFF,G,0.6451909238021876,7.694711088608176e-38
GACA.CGC,GACAGCGC,90,4,RAND,G,0.9760371218335535,0.05821904266863817
GACA.CGC,GACATCGC,90,4,AFF,T,0.07866887906202663,0.24819821802973885
GACA.CGC,GACATCGC,90,4,RAND,T,-0.9198962809817615,0.2367629406397932
GACAG.GC,GACAGAGC,90,5,AFF,A,0.5239915463135267,1.2558176257307496e-18
GACAG.GC,GACAGAGC,90,5,RAND,A,2.9521255935862296,0.0004675232925952537
GACAG.GC,GACAGCGC,90,5,AFF,C,0.6130354936021758,3.647919011178015e-39
GACAG.GC,GACAGCGC,90,5,RAND,C,-0.5520224582021614,0.3300741284048281
GACAG.GC,GACAGGGC,90,5,AFF,G,0.6451909238021876,7.694711088608176e-38
GACAG.GC,GACAGGGC,90,5,RAND,G,0.9760371218335535,0.05821904266863817
GACAG.GC,GACAGTGC,90,5,AFF,T,0.07866887906202663,0.24819821802973885
GACAG.GC,GACAGTGC,90,5,RAND,T,-0.9198962809817615,0.2367629406397932
GACAGC.C,GACAGCAC,90,6,AFF,A,0.5239915463135267,1.2558176257307496e-18
GACAGC.C,GACAGCAC,90,6,RAND,A,2.9521255935862296,0.0004675232925952537
GACAGC.C,GACAGCCC,90,6,AFF,C,0.6130354936021758,3.647919011178015e-39
GACAGC.C,GACAGCCC,90,6,RAND,C,-0.5520224582021614,0.3300741284048281
GACAGC.C,GACAGCGC,90,6,AFF,G,0.6451909238021876,7.694711088608176e-38
GACAGC.C,GACAGCGC,90,6,RAND,G,0.9760371218335535,0.05821904266863817
GACAGC.C,GACAGCTC,90,6,AFF,T,0.07866887906202663,0.24819821802973885
GACAGC.C,GACAGCTC,90,6,RAND,T,-0.9198962809817615,0.2367629406397932
GACAGCG.,GACAGCGA,90,7,AFF,A,0.5239915463135267,1.2558176257307496e-18
GACAGCG.,GACAGCGA,90,7,RAND,A,2.9521255935862296,0.0004675232925952537
GACAGCG.,GACAGCGC,90,7,AFF,C,0.6130354936021758,3.647919011178015e-39
GACAGCG.,GACAGCGC,90,7,RAND,C,-0.5520224582021614,0.3300741284048281
GACAGCG.,GACAGCGG,90,7,AFF,G,0.6451909238021876,7.694711088608176e-38
GACAGCG.,GACAGCGG,90,7,RAND,G,0.9760371218335535,0.05821904266863817
GACAGCG.,GACAGCGT,90,7,AFF,T,0.07866887906202663,0.24819821802973885
GACAGCG.,GACAGCGT,90,7,RAND,T,-0.9198962809817615,0.2367629406397932
.CAGCGCA,ACAGCGCA,91,0,AFF,A,0.3844686773134952,2.2528570152321102e-09
.CAGCGCA,ACAGCGCA,91,0,RAND,A,0.1926687899813173,0.7796194783600845
.CAGCGCA,CCAGCGCA,91,0,AFF,C,0.3510683213501656,5.631760859102148e-18
.CAGCGCA,CCAGCGCA,91,0,RAND,C,0.5304365761730176,0.20586844002586657
.CAGCGCA,GCAGCGCA,91,0,AFF,G,0.9034114888344917,1.997097706576525e-57
.CAGCGCA,GCAGCGCA,91,0,RAND,G,0.6933112065455127,0.16923014822767013
.CAGCGCA,TCAGCGCA,91,0,AFF,T,0.32649564149346344,3.8217208438190576e-08
.CAGCGCA,TCAGCGCA,91,0,RAND,T,0.46178807262022387,0.5260633763735704
A.AGCGCA,AAAGCGCA,91,1,AFF,A,0.3844686773134952,2.2528570152321102e-09
A.AGCGCA,AAAGCGCA,91,1,RAND,A,0.1926687899813173,0.7796194783600845
A.AGCGCA,ACAGCGCA,91,1,AFF,C,0.3510683213501656,5.631760859102148e-18
A.AGCGCA,ACAGCGCA,91,1,RAND,C,0.5304365761730176,0.20586844002586657
A.AGCGCA,AGAGCGCA,91,1,AFF,G,0.9034114888344917,1.997097706576525e-57
A.AGCGCA,AGAGCGCA,91,1,RAND,G,0.6933112065455127,0.16923014822767013
A.AGCGCA,ATAGCGCA,91,1,AFF,T,0.32649564149346344,3.8217208438190576e-08
A.AGCGCA,ATAGCGCA,91,1,RAND,T,0.46178807262022387,0.5260633763735704
AC.GCGCA,ACAGCGCA,91,2,AFF,A,0.3844686773134952,2.2528570152321102e-09
AC.GCGCA,ACAGCGCA,91,2,RAND,A,0.1926687899813173,0.7796194783600845
AC.GCGCA,ACCGCGCA,91,2,AFF,C,0.3510683213501656,5.631760859102148e-18
AC.GCGCA,ACCGCGCA,91,2,RAND,C,0.5304365761730176,0.20586844002586657
AC.GCGCA,ACGGCGCA,91,2,AFF,G,0.9034114888344917,1.997097706576525e-57
AC.GCGCA,ACGGCGCA,91,2,RAND,G,0.6933112065455127,0.16923014822767013
AC.GCGCA,ACTGCGCA,91,2,AFF,T,0.32649564149346344,3.8217208438190576e-08
AC.GCGCA,ACTGCGCA,91,2,RAND,T,0.46178807262022387,0.5260633763735704
ACA.CGCA,ACAACGCA,91,3,AFF,A,0.3844686773134952,2.2528570152321102e-09
ACA.CGCA,ACAACGCA,91,3,RAND,A,0.1926687899813173,0.7796194783600845
ACA.CGCA,ACACCGCA,91,3,AFF,C,0.3510683213501656,5.631760859102148e-18
ACA.CGCA,ACACCGCA,91,3,RAND,C,0.5304365761730176,0.20586844002586657
ACA.CGCA,ACAGCGCA,91,3,AFF,G,0.9034114888344917,1.997097706576525e-57
ACA.CGCA,ACAGCGCA,91,3,RAND,G,0.6933112065455127,0.16923014822767013
ACA.CGCA,ACATCGCA,91,3,AFF,T,0.32649564149346344,3.8217208438190576e-08
ACA.CGCA,ACATCGCA,91,3,RAND,T,0.46178807262022387,0.5260633763735704
ACAG.GCA,ACAGAGCA,91,4,AFF,A,0.3844686773134952,2.2528570152321102e-09
ACAG.GCA,ACAGAGCA,91,4,RAND,A,0.1926687899813173,0.7796194783600845
ACAG.GCA,ACAGCGCA,91,4,AFF,C,0.3510683213501656,5.631760859102148e-18
ACAG.GCA,ACAGCGCA,91,4,RAND,C,0.5304365761730176,0.20586844002586657
ACAG.GCA,ACAGGGCA,91,4,AFF,G,0.9034114888344917,1.997097706576525e-57
ACAG.GCA,ACAGGGCA,91,4,RAND,G,0.6933112065455127,0.16923014822767013
ACAG.GCA,ACAGTGCA,91,4,AFF,T,0.32649564149346344,3.8217208438190576e-08
ACAG.GCA,ACAGTGCA,91,4,RAND,T,0.46178807262022387,0.5260633763735704
ACAGC.CA,ACAGCACA,91,5,AFF,A,0.3844686773134952,2.2528570152321102e-09
ACAGC.CA,ACAGCACA,91,5,RAND,A,0.1926687899813173,0.7796194783600845
ACAGC.CA,ACAGCCCA,91,5,AFF,C,0.3510683213501656,5.631760859102148e-18
ACAGC.CA,ACAGCCCA,91,5,RAND,C,0.5304365761730176,0.20586844002586657
ACAGC.CA,ACAGCGCA,91,5,AFF,G,0.9034114888344917,1.997097706576525e-57
ACAGC.CA,ACAGCGCA,91,5,RAND,G,0.6933112065455127,0.16923014822767013
ACAGC.CA,ACAGCTCA,91,5,AFF,T,0.32649564149346344,3.8217208438190576e-08
ACAGC.CA,ACAGCTCA,91,5,RAND,T,0.46178807262022387,0.5260633763735704
ACAGCG.A,ACAGCGAA,91,6,AFF,A,0.3844686773134952,2.2528570152321102e-09
ACAGCG.A,ACAGCGAA,91,6,RAND,A,0.1926687899813173,0.7796194783600845
ACAGCG.A,ACAGCGCA,91,6,AFF,C,0.3510683213501656,5.631760859102148e-18
ACAGCG.A,ACAGCGCA,91,6,RAND,C,0.5304365761730176,0.20586844002586657
ACAGCG.A,ACAGCGGA,91,6,AFF,G,0.9034114888344917,1.997097706576525e-57
ACAGCG.A,ACAGCGGA,91,6,RAND,G,0.6933112065455127,0.16923014822767013
ACAGCG.A,ACAGCGTA,91,6,AFF,T,0.32649564149346344,3.8217208438190576e-08
ACAGCG.A,ACAGCGTA,91,6,RAND,T,0.46178807262022387,0.5260633763735704
ACAGCGC.,ACAGCGCA,91,7,AFF,A,0.3844686773134952,2.2528570152321102e-09
ACAGCGC.,ACAGCGCA,91,7,RAND,A,0.1926687899813173,0.7796194783600845
ACAGCGC.,ACAGCGCC,91,7,AFF,C,0.3510683213501656,5.631760859102148e-18
ACAGCGC.,ACAGCGCC,91,7,RAND,C,0.5304365761730176,0.20586844002586657
ACAGCGC.,ACAGCGCG,91,7,AFF,G,0.9034114888344917,1.997097706576525e-57
ACAGCGC.,ACAGCGCG,91,7,RAND,G,0.6933112065455127,0.16923014822767013
ACAGCGC.,ACAGCGCT,91,7,AFF,T,0.32649564149346344,3.8217208438190576e-08
ACAGCGC.,ACAGCGCT,91,7,RAND,T,0.46178807262022387,0.5260633763735704
.AGCGCAG,AAGCGCAG,92,0,AFF,A,0.5114031868852561,1.9507889878627205e-12
.AGCGCAG,AAGCGCAG,92,0,RAND,A,-1.053283192174353,0.29006754933406087
.AGCGCAG,CAGCGCAG,92,0,AFF,C,0.6244760708249063,1.3280951358809245e-26
.AGCGCAG,CAGCGCAG,92,0,RAND,C,2.1905988532202803,0.011719616565144565
.AGCGCAG,GAGCGCAG,92,0,AFF,G,0.5186619896492174,2.9212952102567736e-28
.AGCGCAG,GAGCGCAG,92,0,RAND,G,0.7699048818815437,0.2744378403556059
.AGCGCAG,TAGCGCAG,92,0,AFF,T,0.13957510889846952,0.06283439666451446
.AGCGCAG,TAGCGCAG,92,0,RAND,T,nan,nan
C.GCGCAG,CAGCGCAG,92,1,AFF,A,0.5114031868852561,1.9507889878627205e-12
C.GCGCAG,CAGCGCAG,92,1,RAND,A,-1.053283192174353,0.29006754933406087
C.GCGCAG,CCGCGCAG,92,1,AFF,C,0.6244760708249063,1.3280951358809245e-26
C.GCGCAG,CCGCGCAG,92,1,RAND,C,2.1905988532202803,0.011719616565144565
C.GCGCAG,CGGCGCAG,92,1,AFF,G,0.5186619896492174,2.9212952102567736e-28
C.GCGCAG,CGGCGCAG,92,1,RAND,G,0.7699048818815437,0.2744378403556059
C.GCGCAG,CTGCGCAG,92,1,AFF,T,0.13957510889846952,0.06283439666451446
C.GCGCAG,CTGCGCAG,92,1,RAND,T,nan,nan
CA.CGCAG,CAACGCAG,92,2,AFF,A,0.5114031868852561,1.9507889878627205e-12
CA.CGCAG,CAACGCAG,92,2,RAND,A,-1.053283192174353,0.29006754933406087
CA.CGCAG,CACCGCAG,92,2,AFF,C,0.6244760708249063,1.3280951358809245e-26
CA.CGCAG,CACCGCAG,92,2,RAND,C,2.1905988532202803,0.011719616565144565
CA.CGCAG,CAGCGCAG,92,2,AFF,G,0.5186619896492174,2.9212952102567736e-28
CA.CGCAG,CAGCGCAG,92,2,RAND,G,0.7699048818815437,0.2744378403556059
CA.CGCAG,CATCGCAG,92,2,AFF,T,0.13957510889846952,0.06283439666451446
CA.CGCAG,CATCGCAG,92,2,RAND,T,nan,nan
CAG.GCAG,CAGAGCAG,92,3,AFF,A,0.5114031868852561,1.9507889878627205e-12
CAG.GCAG,CAGAGCAG,92,3,RAND,A,-1.053283192174353,0.29006754933406087
CAG.GCAG,CAGCGCAG,92,3,AFF,C,0.6244760708249063,1.3280951358809245e-26
CAG.GCAG,CAGCGCAG,92,3,RAND,C,2.1905988532202803,0.011719616565144565
CAG.GCAG,CAGGGCAG,92,3,AFF,G,0.5186619896492174,2.9212952102567736e-28
CAG.GCAG,CAGGGCAG,92,3,RAND,G,0.7699048818815437,0.2744378403556059
CAG.GCAG,CAGTGCAG,92,3,AFF,T,0.13957510889846952,0.06283439666451446
CAG.GCAG,CAGTGCAG,92,3,RAND,T,nan,nan
CAGC.CAG,CAGCACAG,92,4,AFF,A,0.5114031868852561,1.9507889878627205e-12
CAGC.CAG,CAGCACAG,92,4,RAND,A,-1.053283192174353,0.29006754933406087
CAGC.CAG,CAGCCCAG,92,4,AFF,C,0.6244760708249063,1.3280951358809245e-26
CAGC.CAG,CAGCCCAG,92,4,RAND,C,2.1905988532202803,0.011719616565144565
CAGC.CAG,CAGCGCAG,92,4,AFF,G,0.5186619896492174,2.9212952102567736e-28
CAGC.CAG,CAGCGCAG,92,4,RAND,G,0.7699048818815437,0.2744378403556059
CAGC.CAG,CAGCTCAG,92,4,AFF,T,0.13957510889846952,0.06283439666451446
CAGC.CAG,CAGCTCAG,92,4,RAND,T,nan,nan
CAGCG.AG,CAGCGAAG,92,5,AFF,A,0.5114031868852561,1.9507889878627205e-12
CAGCG.AG,CAGCGAAG,92,5,RAND,A,-1.053283192174353,0.29006754933406087
CAGCG.AG,CAGCGCAG,92,5,AFF,C,0.6244760708249063,1.3280951358809245e-26
CAGCG.AG,CAGCGCAG,92,5,RAND,C,2.1905988532202803,0.011719616565144565
CAGCG.AG,CAGCGGAG,92,5,AFF,G,0.5186619896492174,2.9212952102567736e-28
CAGCG.AG,CAGCGGAG,92,5,RAND,G,0.7699048818815437,0.2744378403556059
CAGCG.AG,CAGCGTAG,92,5,AFF,T,0.13957510889846952,0.06283439666451446
CAGCG.AG,CAGCGTAG,92,5,RAND,T,nan,nan
CAGCGC.G,CAGCGCAG,92,6,AFF,A,0.5114031868852561,1.9507889878627205e-12
CAGCGC.G,CAGCGCAG,92,6,RAND,A,-1.053283192174353,0.29006754933406087
CAGCGC.G,CAGCGCCG,92,6,AFF,C,0.6244760708249063,1.3280951358809245e-26
CAGCGC.G,CAGCGCCG,92,6,RAND,C,2.1905988532202803,0.011719616565144565
CAGCGC.G,CAGCGCGG,92,6,AFF,G,0.5186619896492174,2.9212952102567736e-28
CAGCGC.G,CAGCGCGG,92,6,RAND,G,0.7699048818815437,0.2744378403556059
CAGCGC.G,CAGCGCTG,92,6,AFF,T,0.13957510889846952,0.06283439666451446
CAGCGC.G,CAGCGCTG,92,6,RAND,T,nan,nan
CAGCGCA.,CAGCGCAA,92,7,AFF,A,0.5114031868852561,1.9507889878627205e-12
CAGCGCA.,CAGCGCAA,92,7,RAND,A,-1.053283192174353,0.29006754933406087
CAGCGCA.,CAGCGCAC,92,7,AFF,C,0.6244760708249063,1.3280951358809245e-26
CAGCGCA.,CAGCGCAC,92,7,RAND,C,2.1905988532202803,0.011719616565144565
CAGCGCA.,CAGCGCAG,92,7,AFF,G,0.5186619896492174,2.9212952102567736e-28
CAGCGCA.,CAGCGCAG,92,7,RAND,G,0.7699048818815437,0.2744378403556059
CAGCGCA.,CAGCGCAT,92,7,AFF,T,0.13957510889846952,0.06283439666451446
CAGCGCA.,CAGCGCAT,92,7,RAND,T,nan,nan
.GCGCAGC,AGCGCAGC,93,0,AFF,A,0.6501326278839828,1.4684299316124482e-32
.GCGCAGC,AGCGCAGC,93,0,RAND,A,1.2810218024803346,0.017134432562943752
.GCGCAGC,CGCGCAGC,93,0,AFF,C,0.5548128637676347,4.9030202336391435e-39
.GCGCAGC,CGCGCAGC,93,0,RAND,C,-0.20044261362736,0.7581441064207927
.GCGCAGC,GGCGCAGC,93,0,AFF,G,0.6015549697840585,9.503074616091554e-45
.GCGCAGC,GGCGCAGC,93,0,RAND,G,0.3744635126665332,0.34245190285485283
.GCGCAGC,TGCGCAGC,93,0,AFF,T,0.20941083695619261,0.000701854212916818
.GCGCAGC,TGCGCAGC,93,0,RAND,T,1.4138077957208446,0.0290750520420479
A.CGCAGC,AACGCAGC,93,1,AFF,A,0.6501326278839828,1.4684299316124482e-32
A.CGCAGC,AACGCAGC,93,1,RAND,A,1.2810218024803346,0.017134432562943752
A.CGCAGC,ACCGCAGC,93,1,AFF,C,0.5548128637676347,4.9030202336391435e-39
A.CGCAGC,ACCGCAGC,93,1,RAND,C,-0.20044261362736,0.7581441064207927
A.CGCAGC,AGCGCAGC,93,1,AFF,G,0.6015549697840585,9.503074616091554e-45
A.CGCAGC,AGCGCAGC,93,1,RAND,G,0.3744635126665332,0.34245190285485283
A.CGCAGC,ATCGCAGC,93,1,AFF,T,0.20941083695619261,0.000701854212916818
A.CGCAGC,ATCGCAGC,93,1,RAND,T,1.4138077957208446,0.0290750520420479
AG.GCAGC,AGAGCAGC,93,2,AFF,A,0.6501326278839828,1.4684299316124482e-32
AG.GCAGC,AGAGCAGC,93,2,RAND,A,1.2810218024803346,0.017134432562943752
AG.GCAGC,AGCGCAGC,93,2,AFF,C,0.5548128637676347,4.9030202336391435e-39
AG.GCAGC,AGCGCAGC,93,2,RAND,C,-0.20044261362736,0.7581441064207927
AG.GCAGC,AGGGCAGC,93,2,AFF,G,0.6015549697840585,9.503074616091554e-45
AG.GCAGC,AGGGCAGC,93,2,RAND,G,0.3744635126665332,0.34245190285485283
AG.GCAGC,AGTGCAGC,93,2,AFF,T,0.20941083695619261,0.000701854212916818
AG.GCAGC,AGTGCAGC,93,2,RAND,T,1.4138077957208446,0.0290750520420479
AGC.CAGC,AGCACAGC,93,3,AFF,A,0.6501326278839828,1.4684299316124482e-32
AGC.CAGC,AGCACAGC,93,3,RAND,A,1.2810218024803346,0.017134432562943752
AGC.CAGC,AGCCCAGC,93,3,AFF,C,0.5548128637676347,4.9030202336391435e-39
AGC.CAGC,AGCCCAGC,93,3,RAND,C,-0.20044261362736,0.7581441064207927
AGC.CAGC,AGCGCAGC,93,3,AFF,G,0.6015549697840585,9.503074616091554e-45
AGC.CAGC,AGCGCAGC,93,3,RAND,G,0.3744635126665332,0.34245190285485283
AGC.CAGC,AGCTCAGC,93,3,AFF,T,0.20941083695619261,0.000701854212916818
AGC.CAGC,AGCTCAGC,93,3,RAND,T,1.4138077957208446,0.0290750520420479
AGCG.AGC,AGCGAAGC,93,4,AFF,A,0.6501326278839828,1.4684299316124482e-32
AGCG.AGC,AGCGAAGC,93,4,RAND,A,1.2810218024803346,0.017134432562943752
AGCG.AGC,AGCGCAGC,93,4,AFF,C,0.5548128637676347,4.9030202336391435e-39
AGCG.AGC,AGCGCAGC,93,4,RAND,C,-0.20044261362736,0.7581441064207927
AGCG.AGC,AGCGGAGC,93,4,AFF,G,0.6015549697840585,9.503074616091554e-45
AGCG.AGC,AGCGGAGC,93,4,RAND,G,0.3744635126665332,0.34245190285485283
AGCG.AGC,AGCGTAGC,93,4,AFF,T,0.20941083695619261,0.000701854212916818
AGCG.AGC,AGCGTAGC,93,4,RAND,T,1.4138077957208446,0.0290750520420479
AGCGC.GC,AGCGCAGC,93,5,AFF,A,0.6501326278839828,1.4684299316124482e-32
AGCGC.GC,AGCGCAGC,93,5,RAND,A,1.2810218024803346,0.017134432562943752
AGCGC.GC,AGCGCCGC,93,5,AFF,C,0.5548128637676347,4.9030202336391435e-39
AGCGC.GC,AGCGCCGC,93,5,RAND,C,-0.20044261362736,0.7581441064207927
AGCGC.GC,AGCGCGGC,93,5,AFF,G,0.6015549697840585,9.503074616091554e-45
AGCGC.GC,AGCGCGGC,93,5,RAND,G,0.3744635126665332,0.34245190285485283
AGCGC.GC,AGCGCTGC,93,5,AFF,T,0.20941083695619261,0.000701854212916818
AGCGC.GC,AGCGCTGC,93,5,RAND,T,1.4138077957208446,0.0290750520420479
AGCGCA.C,AGCGCAAC,93,6,AFF,A,0.6501326278839828,1.4684299316124482e-32
AGCGCA.C,AGCGCAAC,93,6,RAND,A,1.2810218024803346,0.017134432562943752
AGCGCA.C,AGCGCACC,93,6,AFF,C,0.5548128637676347,4.9030202336391435e-39
AGCGCA.C,AGCGCACC,93,6,RAND,C,-0.20044261362736,0.7581441064207927
AGCGCA.C,AGCGCAGC,93,6,AFF,G,0.6015549697840585,9.503074616091554e-45
AGCGCA.C,AGCGCAGC,93,6,RAND,G,0.3744635126665332,0.34245190285485283
AGCGCA.C,AGCGCATC,93,6,AFF,T,0.20941083695619261,0.000701854212916818
AGCGCA.C,AGCGCATC,93,6,RAND,T,1.4138077957208446,0.0290750520420479
AGCGCAG.,AGCGCAGA,93,7,AFF,A,0.6501326278839828,1.4684299316124482e-32
AGCGCAG.,AGCGCAGA,93,7,RAND,A,1.2810218024803346,0.017134432562943752
AGCGCAG.,AGCGCAGC,93,7,AFF,C,0.5548128637676347,4.9030202336391435e-39
AGCGCAG.,AGCGCAGC,93,7,RAND,C,-0.20044261362736,0.7581441064207927
AGCGCAG.,AGCGCAGG,93,7,AFF,G,0.6015549697840585,9.503074616091554e-45
AGCGCAG.,AGCGCAGG,93,7,RAND,G,0.3744635126665332,0.34245190285485283
AGCGCAG.,AGCGCAGT,93,7,AFF,T,0.20941083695619261,0.000701854212916818
AGCGCAG.,AGCGCAGT,93,7,RAND,T,1.4138077957208446,0.0290750520420479
